#
# There is insufficient memory for the Java Runtime Environment to continue.
# Native memory allocation (mmap) failed to map 1048576 bytes. Error detail: G1 virtual space
# Possible reasons:
#   The system is out of physical RAM or swap space
#   This process is running with CompressedOops enabled, and the Java Heap may be blocking the growth of the native heap
# Possible solutions:
#   Reduce memory load on the system
#   Increase physical memory or swap space
#   Check if swap backing store is full
#   Decrease Java heap size (-Xmx/-Xms)
#   Decrease number of Java threads
#   Decrease Java thread stack sizes (-Xss)
#   Set larger code cache with -XX:ReservedCodeCacheSize=
#   JVM is running with Unscaled Compressed Oops mode in which the Java heap is
#     placed in the first 4GB address space. The Java Heap base address is the
#     maximum limit for the native heap growth. Please use -XX:HeapBaseMinAddress
#     to set the Java Heap base and to place the Java Heap above 4GB virtual address.
# This output file may be truncated or incomplete.
#
#  Out of Memory Error (os_windows.cpp:3564), pid=32304, tid=25296
#
# JRE version: Java(TM) SE Runtime Environment (24.0.2+12) (build 24.0.2+12-54)
# Java VM: Java HotSpot(TM) 64-Bit Server VM (24.0.2+12-54, mixed mode, sharing, tiered, compressed oops, compressed class ptrs, g1 gc, windows-amd64)
# No core dump will be written. Minidumps are not enabled by default on client versions of Windows
#

---------------  S U M M A R Y ------------

Command Line: --add-modules=javafx.controls,javafx.fxml --enable-native-access=ALL-UNNAMED --module-path=C:\Users\priya\.m2\repository\org\openjfx\javafx-base\21.0.5\javafx-base-21.0.5-win.jar;C:\Users\priya\.m2\repository\org\openjfx\javafx-base\21.0.5\javafx-base-21.0.5.jar;C:\Users\priya\.m2\repository\org\openjfx\javafx-controls\21.0.5\javafx-controls-21.0.5-win.jar;C:\Users\priya\.m2\repository\org\openjfx\javafx-controls\21.0.5\javafx-controls-21.0.5.jar;C:\Users\priya\.m2\repository\org\openjfx\javafx-fxml\21.0.5\javafx-fxml-21.0.5-win.jar;C:\Users\priya\.m2\repository\org\openjfx\javafx-fxml\21.0.5\javafx-fxml-21.0.5.jar;C:\Users\priya\.m2\repository\org\openjfx\javafx-graphics\21.0.5\javafx-graphics-21.0.5-win.jar;C:\Users\priya\.m2\repository\org\openjfx\javafx-graphics\21.0.5\javafx-graphics-21.0.5.jar --add-modules=javafx.base,javafx.controls,javafx.fxml,javafx.graphics com.priya.neurosyncdemo.App

Host: 13th Gen Intel(R) Core(TM) i5-13450HX, 16 cores, 7G,  Windows 11 , 64 bit Build 26100 (10.0.26100.6725)
Time: Mon Oct 27 01:25:35 2025 India Standard Time elapsed time: 177.443581 seconds (0d 0h 2m 57s)

---------------  T H R E A D  ---------------

Current thread (0x0000013f3d6b7c40):  JavaThread "camera-loop" daemon [_thread_in_vm, id=25296, stack(0x0000000a03900000,0x0000000a03a00000) (1024K)]

Stack: [0x0000000a03900000,0x0000000a03a00000]
Native frames: (J=compiled Java code, j=interpreted, Vv=VM code, C=native code)
V  [jvm.dll+0x730829]  (no source info available)
V  [jvm.dll+0x8d9da3]  (no source info available)
V  [jvm.dll+0x8dc28d]  (no source info available)
V  [jvm.dll+0x8dc903]  (no source info available)
V  [jvm.dll+0x2a9f56]  (no source info available)
V  [jvm.dll+0x72cd55]  (no source info available)
V  [jvm.dll+0x72066a]  (no source info available)
V  [jvm.dll+0x390b7a]  (no source info available)
V  [jvm.dll+0x398906]  (no source info available)
V  [jvm.dll+0x384dc1]  (no source info available)
V  [jvm.dll+0x385484]  (no source info available)
V  [jvm.dll+0x384fe9]  (no source info available)
V  [jvm.dll+0x35d64e]  (no source info available)
V  [jvm.dll+0x35b82f]  (no source info available)
V  [jvm.dll+0x6b778b]  (no source info available)
V  [jvm.dll+0x264bb2]  (no source info available)
V  [jvm.dll+0x8998c7]  (no source info available)
V  [jvm.dll+0x414edc]  (no source info available)
C  0x0000013ecce1a4c9  (no source info available)

The last pc belongs to newarray (printed below).
Java frames: (J=compiled Java code, j=interpreted, Vv=VM code)
j  com.priya.neurosyncdemo.ui.Dashboard.bufferedImageToWritableImage(Ljava/awt/image/BufferedImage;)Ljavafx/scene/image/WritableImage;+35
j  com.priya.neurosyncdemo.ui.Dashboard.lambda$startCamera$0()V+40
j  com.priya.neurosyncdemo.ui.Dashboard$$Lambda+0x0000013edc559e48.run()V+4
j  java.lang.Thread.runWith(Ljava/lang/Object;Ljava/lang/Runnable;)V+5 java.base@24.0.2
j  java.lang.Thread.run()V+19 java.base@24.0.2
v  ~StubRoutines::call_stub 0x0000013ecce00fcd
Lock stack of current Java thread (top to bottom):

newarray  188 newarray  [0x0000013ecce1a460, 0x0000013ecce1a538]  216 bytes
[MachCode]
  0x0000013ecce1a460: 8b04 2448 | 83c4 0841 | 0fb6 5501 | e805 0000 | 00e9 ab00 | 0000 4c8b | c048 8d44 | 2408 4c89 
  0x0000013ecce1a480: 6dc0 498b | cfc5 f877 | 4989 afb8 | 0300 0049 | 8987 a803 | 0000 4883 | ec20 40f6 | c40f 0f84 
  0x0000013ecce1a4a0: 1900 0000 | 4883 ec08 | 48b8 b04e | 2638 fb7f | 0000 ffd0 | 4883 c408 | e90c 0000 | 0048 b8b0 
  0x0000013ecce1a4c0: 4e26 38fb | 7f00 00ff | d048 83c4 | 2049 c787 | a803 0000 | 0000 0000 | 49c7 87b8 | 0300 0000 
  0x0000013ecce1a4e0: 0000 0049 | c787 b003 | 0000 0000 | 0000 c5f8 | 7749 837f | 0800 0f84 | 0500 0000 | e9bf 69fe 
  0x0000013ecce1a500: ff49 8b87 | 0004 0000 | 49c7 8700 | 0400 0000 | 0000 004c | 8b6d c04c | 8b75 c84e | 8d74 f500 
  0x0000013ecce1a520: c341 0fb6 | 5d02 4983 | c502 49ba | 7089 b238 | fb7f 0000 | 41ff 24da 
[/MachCode]

---------------  P R O C E S S  ---------------

Threads class SMR info:
_java_thread_list=0x0000013f20351a20, length=23, elements={
0x0000013ebd12a260, 0x0000013eda0037f0, 0x0000013eda003f30, 0x0000013eda005ab0,
0x0000013eda007df0, 0x0000013eda009450, 0x0000013eda00bb20, 0x0000013eda894820,
0x0000013eda89c360, 0x0000013edaa91960, 0x0000013edab414e0, 0x0000013f2074a3b0,
0x0000013f20b60e40, 0x0000013f20b638d0, 0x0000013f210cf960, 0x0000013f210d04b0,
0x0000013f26bc17f0, 0x0000013f26d32fc0, 0x0000013f26d2fc90, 0x0000013f26d303e0,
0x0000013f3d6b2bd0, 0x0000013f3d6b3a70, 0x0000013f3d6b7c40
}

Java Threads: ( => current thread )
  0x0000013ebd12a260 JavaThread "main"                              [_thread_blocked, id=37280, stack(0x0000000a7b800000,0x0000000a7b900000) (1024K)]
  0x0000013eda0037f0 JavaThread "Reference Handler"          daemon [_thread_blocked, id=36888, stack(0x0000000a7c000000,0x0000000a7c100000) (1024K)]
  0x0000013eda003f30 JavaThread "Finalizer"                  daemon [_thread_blocked, id=35704, stack(0x0000000a7c100000,0x0000000a7c200000) (1024K)]
  0x0000013eda005ab0 JavaThread "Signal Dispatcher"          daemon [_thread_blocked, id=27816, stack(0x0000000a7c200000,0x0000000a7c300000) (1024K)]
  0x0000013eda007df0 JavaThread "Attach Listener"            daemon [_thread_blocked, id=25024, stack(0x0000000a7c300000,0x0000000a7c400000) (1024K)]
  0x0000013eda009450 JavaThread "Service Thread"             daemon [_thread_blocked, id=12516, stack(0x0000000a7c400000,0x0000000a7c500000) (1024K)]
  0x0000013eda00bb20 JavaThread "Monitor Deflation Thread"   daemon [_thread_blocked, id=23728, stack(0x0000000a7c500000,0x0000000a7c600000) (1024K)]
  0x0000013eda894820 JavaThread "C2 CompilerThread0"         daemon [_thread_blocked, id=32660, stack(0x0000000a7c600000,0x0000000a7c700000) (1024K)]
  0x0000013eda89c360 JavaThread "C1 CompilerThread0"         daemon [_thread_blocked, id=35248, stack(0x0000000a7c700000,0x0000000a7c800000) (1024K)]
  0x0000013edaa91960 JavaThread "Common-Cleaner"             daemon [_thread_blocked, id=25124, stack(0x0000000a7ca00000,0x0000000a7cb00000) (1024K)]
  0x0000013edab414e0 JavaThread "Notification Thread"        daemon [_thread_blocked, id=12640, stack(0x0000000a7cb00000,0x0000000a7cc00000) (1024K)]
  0x0000013f2074a3b0 JavaThread "QuantumRenderer-0"          daemon [_thread_blocked, id=29396, stack(0x0000000a7cc00000,0x0000000a7cd00000) (1024K)]
  0x0000013f20b60e40 JavaThread "InvokeLaterDispatcher"      daemon [_thread_blocked, id=31484, stack(0x0000000a7cd00000,0x0000000a7ce00000) (1024K)]
  0x0000013f20b638d0 JavaThread "JavaFX Application Thread"         [_thread_in_native, id=23644, stack(0x0000000a7ce00000,0x0000000a7cf00000) (1024K)]
  0x0000013f210cf960 JavaThread "JavaFX-Launcher"                   [_thread_blocked, id=2888, stack(0x0000000a7e300000,0x0000000a7e400000) (1024K)]
  0x0000013f210d04b0 JavaThread "Thread-2"                   daemon [_thread_in_native, id=37196, stack(0x0000000a7e200000,0x0000000a7e300000) (1024K)]
  0x0000013f26bc17f0 JavaThread "Prism Font Disposer"        daemon [_thread_blocked, id=28832, stack(0x0000000a7ec00000,0x0000000a7ed00000) (1024K)]
  0x0000013f26d32fc0 JavaThread "Cleaner-0"                  daemon [_thread_blocked, id=29432, stack(0x0000000a7ef00000,0x0000000a7f000000) (1024K)]
  0x0000013f26d2fc90 JavaThread "mysql-cj-abandoned-connection-cleanup" daemon [_thread_blocked, id=10188, stack(0x0000000a7c800000,0x0000000a7c900000) (1024K)]
  0x0000013f26d303e0 JavaThread "HikariPool-1 housekeeper"   daemon [_thread_blocked, id=30540, stack(0x0000000a7f700000,0x0000000a7f800000) (1024K)]
  0x0000013f3d6b2bd0 JavaThread "ForkJoinPool.commonPool-worker-1" daemon [_thread_blocked, id=22420, stack(0x0000000a00900000,0x0000000a00a00000) (1024K)]
  0x0000013f3d6b3a70 JavaThread "JavaCPP Deallocator"        daemon [_thread_blocked, id=12532, stack(0x0000000a01a00000,0x0000000a01b00000) (1024K)]
=>0x0000013f3d6b7c40 JavaThread "camera-loop"                daemon [_thread_in_vm, id=25296, stack(0x0000000a03900000,0x0000000a03a00000) (1024K)]
Total: 23

Other Threads:
  0x0000013ed9ff19d0 VMThread "VM Thread"                           [id=37764, stack(0x0000000a7bf00000,0x0000000a7c000000) (1024K)]
  0x0000013ed9ebab20 WatcherThread "VM Periodic Task Thread"        [id=29900, stack(0x0000000a7be00000,0x0000000a7bf00000) (1024K)]
  0x0000013ebd185c30 WorkerThread "GC Thread#0"                     [id=20128, stack(0x0000000a7b900000,0x0000000a7ba00000) (1024K)]
  0x0000013f210ccc90 WorkerThread "GC Thread#1"                     [id=28632, stack(0x0000000a7e400000,0x0000000a7e500000) (1024K)]
  0x0000013f210cd040 WorkerThread "GC Thread#2"                     [id=17152, stack(0x0000000a7e500000,0x0000000a7e600000) (1024K)]
  0x0000013f210cc530 WorkerThread "GC Thread#3"                     [id=19632, stack(0x0000000a7e600000,0x0000000a7e700000) (1024K)]
  0x0000013f210cc180 WorkerThread "GC Thread#4"                     [id=27520, stack(0x0000000a7e700000,0x0000000a7e800000) (1024K)]
  0x0000013f210cd3f0 WorkerThread "GC Thread#5"                     [id=17928, stack(0x0000000a7e800000,0x0000000a7e900000) (1024K)]
  0x0000013f26c98550 WorkerThread "GC Thread#6"                     [id=18840, stack(0x0000000a7f300000,0x0000000a7f400000) (1024K)]
  0x0000013f2f854d00 WorkerThread "GC Thread#7"                     [id=27444, stack(0x0000000a7f400000,0x0000000a7f500000) (1024K)]
  0x0000013f2f854950 WorkerThread "GC Thread#8"                     [id=27996, stack(0x0000000a7f500000,0x0000000a7f600000) (1024K)]
  0x0000013f2000c920 WorkerThread "GC Thread#9"                     [id=25832, stack(0x0000000a7b500000,0x0000000a7b600000) (1024K)]
  0x0000013f2000af50 WorkerThread "GC Thread#10"                    [id=31176, stack(0x0000000a7b600000,0x0000000a7b700000) (1024K)]
  0x0000013f2000c570 WorkerThread "GC Thread#11"                    [id=1440, stack(0x0000000a7b700000,0x0000000a7b800000) (1024K)]
  0x0000013f3c98cdd0 WorkerThread "GC Thread#12"                    [id=35732, stack(0x0000000a00700000,0x0000000a00800000) (1024K)]
  0x0000013ebd19a050 ConcurrentGCThread "G1 Main Marker"            [id=33300, stack(0x0000000a7ba00000,0x0000000a7bb00000) (1024K)]
  0x0000013ebd19b370 WorkerThread "G1 Conc#0"                       [id=33444, stack(0x0000000a7bb00000,0x0000000a7bc00000) (1024K)]
  0x0000013f2000db90 WorkerThread "G1 Conc#1"                       [id=29276, stack(0x0000000a7c900000,0x0000000a7ca00000) (1024K)]
  0x0000013f2000a7f0 WorkerThread "G1 Conc#2"                       [id=37668, stack(0x0000000a7ed00000,0x0000000a7ee00000) (1024K)]
  0x0000013ebd1ce910 ConcurrentGCThread "G1 Refine#0"               [id=164, stack(0x0000000a7bc00000,0x0000000a7bd00000) (1024K)]
  0x0000013ed9eb1c70 ConcurrentGCThread "G1 Service"                [id=34052, stack(0x0000000a7bd00000,0x0000000a7be00000) (1024K)]
Total: 21

Threads with active compile tasks:
Total: 0

VM state: not at safepoint (normal execution)

VM Mutex/Monitor currently owned by a thread:  ([mutex/lock_event])
[0x00007ffb38b145f0] Heap_lock - owner thread: 0x0000013f3d6b7c40

Heap address: 0x0000000084e00000, size: 1970 MB, Compressed Oops mode: 32-bit

CDS archive(s) mapped at: [0x0000013edb000000-0x0000013edbd40000-0x0000013edbd40000), size 13893632, SharedBaseAddress: 0x0000013edb000000, ArchiveRelocationMode: 1.
Compressed class space mapped at: 0x0000013edc000000-0x0000013f1c000000, reserved size: 1073741824
UseCompressedClassPointers 1, UseCompactObjectHeaders 0
Narrow klass pointer bits 32, Max shift 3
Narrow klass base: 0x0000013edb000000, Narrow klass shift: 0
Encoding Range: [0x0000013edb000000 - 0x0000013fdb000000), (4294967296 bytes)
Klass Range:    [0x0000013edb000000 - 0x0000013f1c000000), (1090519040 bytes)
Klass ID Range:  [8 - 1090519033) (1090519025)

GC Precious Log:
 CardTable entry size: 512
 Card Set container configuration: InlinePtr #cards 5 size 8 Array Of Cards #cards 10 size 36 Howl #buckets 4 coarsen threshold 1843 Howl Bitmap #cards 512 size 80 coarsen threshold 460 Card regions per heap region 1 cards per card region 2048
 CPUs: 16 total, 16 available
 Memory: 7876M
 Large Page Support: Disabled
 NUMA Support: Disabled
 Compressed Oops: Enabled (32-bit)
 Heap Region Size: 1M
 Heap Min Capacity: 8M
 Heap Initial Capacity: 124M
 Heap Max Capacity: 1970M
 Pre-touch: Disabled
 Parallel Workers: 13
 Concurrent Workers: 3
 Concurrent Refinement Workers: 13
 Periodic GC: Disabled

Heap:
 garbage-first heap   total reserved 2017280K, committed 295936K, used 292764K [0x0000000084e00000, 0x0000000100000000)
  region size 1024K, 4 young (4096K), 1 survivors (1024K)
 Metaspace       used 47816K, committed 48128K, reserved 1114112K
  class space    used 5357K, committed 5504K, reserved 1048576K

Heap Regions: E=young(eden), S=young(survivor), O=old, HS=humongous(starts), HC=humongous(continues), CS=collection set, F=free, TAMS=top-at-mark-start, PB=parsable bottom
|   0|0x0000000084e00000, 0x0000000084f00000, 0x0000000084f00000|100%| O|  |TAMS 0x0000000084e00000| PB 0x0000000084e00000| Untracked |  0
|   1|0x0000000084f00000, 0x0000000085000000, 0x0000000085000000|100%| O|  |TAMS 0x0000000084f00000| PB 0x0000000084f00000| Untracked |  0
|   2|0x0000000085000000, 0x0000000085100000, 0x0000000085100000|100%| O|  |TAMS 0x0000000085000000| PB 0x0000000085000000| Untracked |  0
|   3|0x0000000085100000, 0x0000000085200000, 0x0000000085200000|100%| O|  |TAMS 0x0000000085100000| PB 0x0000000085100000| Untracked |  0
|   4|0x0000000085200000, 0x0000000085300000, 0x0000000085300000|100%| O|  |TAMS 0x0000000085200000| PB 0x0000000085200000| Untracked |  0
|   5|0x0000000085300000, 0x0000000085400000, 0x0000000085400000|100%| O|  |TAMS 0x0000000085300000| PB 0x0000000085300000| Untracked |  0
|   6|0x0000000085400000, 0x0000000085500000, 0x0000000085500000|100%| O|  |TAMS 0x0000000085400000| PB 0x0000000085400000| Untracked |  0
|   7|0x0000000085500000, 0x0000000085600000, 0x0000000085600000|100%| O|  |TAMS 0x0000000085500000| PB 0x0000000085500000| Untracked |  0
|   8|0x0000000085600000, 0x0000000085700000, 0x0000000085700000|100%| O|  |TAMS 0x0000000085600000| PB 0x0000000085600000| Untracked |  0
|   9|0x0000000085700000, 0x0000000085800000, 0x0000000085800000|100%| O|  |TAMS 0x0000000085700000| PB 0x0000000085700000| Untracked |  0
|  10|0x0000000085800000, 0x0000000085900000, 0x0000000085900000|100%| O|  |TAMS 0x0000000085800000| PB 0x0000000085800000| Untracked |  0
|  11|0x0000000085900000, 0x0000000085a00000, 0x0000000085a00000|100%| O|Cm|TAMS 0x0000000085900000| PB 0x0000000085900000| Complete |  0
|  12|0x0000000085a00000, 0x0000000085b00000, 0x0000000085b00000|100%|HS|  |TAMS 0x0000000085a00000| PB 0x0000000085a00000| Complete |  0
|  13|0x0000000085b00000, 0x0000000085b00000, 0x0000000085c00000|  0%| F|  |TAMS 0x0000000085b00000| PB 0x0000000085b00000| Untracked |  0
|  14|0x0000000085c00000, 0x0000000085d00000, 0x0000000085d00000|100%| O|  |TAMS 0x0000000085c00000| PB 0x0000000085c00000| Untracked |  0
|  15|0x0000000085d00000, 0x0000000085e00000, 0x0000000085e00000|100%| O|  |TAMS 0x0000000085d00000| PB 0x0000000085d00000| Untracked |  0
|  16|0x0000000085e00000, 0x0000000085f00000, 0x0000000085f00000|100%|HS|  |TAMS 0x0000000085e00000| PB 0x0000000085e00000| Complete |  0
|  17|0x0000000085f00000, 0x0000000086000000, 0x0000000086000000|100%|HC|  |TAMS 0x0000000085f00000| PB 0x0000000085f00000| Complete |  0
|  18|0x0000000086000000, 0x0000000086100000, 0x0000000086100000|100%|HS|  |TAMS 0x0000000086000000| PB 0x0000000086000000| Complete |  0
|  19|0x0000000086100000, 0x0000000086200000, 0x0000000086200000|100%|HC|  |TAMS 0x0000000086100000| PB 0x0000000086100000| Complete |  0
|  20|0x0000000086200000, 0x0000000086200000, 0x0000000086300000|  0%| F|  |TAMS 0x0000000086200000| PB 0x0000000086200000| Untracked |  0
|  21|0x0000000086300000, 0x0000000086400000, 0x0000000086400000|100%| O|  |TAMS 0x0000000086300000| PB 0x0000000086300000| Untracked |  0
|  22|0x0000000086400000, 0x0000000086500000, 0x0000000086500000|100%| O|  |TAMS 0x0000000086400000| PB 0x0000000086400000| Untracked |  0
|  23|0x0000000086500000, 0x0000000086600000, 0x0000000086600000|100%| O|  |TAMS 0x0000000086500000| PB 0x0000000086500000| Untracked |  0
|  24|0x0000000086600000, 0x0000000086700000, 0x0000000086700000|100%| E|  |TAMS 0x0000000086600000| PB 0x0000000086600000| Complete |  0
|  25|0x0000000086700000, 0x0000000086800000, 0x0000000086800000|100%|HS|  |TAMS 0x0000000086700000| PB 0x0000000086700000| Complete |  0
|  26|0x0000000086800000, 0x0000000086900000, 0x0000000086900000|100%|HC|  |TAMS 0x0000000086800000| PB 0x0000000086800000| Complete |  0
|  27|0x0000000086900000, 0x0000000086a00000, 0x0000000086a00000|100%| O|  |TAMS 0x0000000086900000| PB 0x0000000086900000| Untracked |  0
|  28|0x0000000086a00000, 0x0000000086b00000, 0x0000000086b00000|100%|HS|  |TAMS 0x0000000086a00000| PB 0x0000000086a00000| Complete |  0
|  29|0x0000000086b00000, 0x0000000086c00000, 0x0000000086c00000|100%|HC|  |TAMS 0x0000000086b00000| PB 0x0000000086b00000| Complete |  0
|  30|0x0000000086c00000, 0x0000000086d00000, 0x0000000086d00000|100%|HS|  |TAMS 0x0000000086c00000| PB 0x0000000086c00000| Complete |  0
|  31|0x0000000086d00000, 0x0000000086e00000, 0x0000000086e00000|100%|HC|  |TAMS 0x0000000086d00000| PB 0x0000000086d00000| Complete |  0
|  32|0x0000000086e00000, 0x0000000086f00000, 0x0000000086f00000|100%|HS|  |TAMS 0x0000000086e00000| PB 0x0000000086e00000| Complete |  0
|  33|0x0000000086f00000, 0x0000000087000000, 0x0000000087000000|100%|HC|  |TAMS 0x0000000086f00000| PB 0x0000000086f00000| Complete |  0
|  34|0x0000000087000000, 0x0000000087100000, 0x0000000087100000|100%|HS|  |TAMS 0x0000000087000000| PB 0x0000000087000000| Complete |  0
|  35|0x0000000087100000, 0x0000000087200000, 0x0000000087200000|100%|HC|  |TAMS 0x0000000087100000| PB 0x0000000087100000| Complete |  0
|  36|0x0000000087200000, 0x0000000087300000, 0x0000000087300000|100%|HS|  |TAMS 0x0000000087200000| PB 0x0000000087200000| Complete |  0
|  37|0x0000000087300000, 0x0000000087400000, 0x0000000087400000|100%|HC|  |TAMS 0x0000000087300000| PB 0x0000000087300000| Complete |  0
|  38|0x0000000087400000, 0x0000000087500000, 0x0000000087500000|100%|HS|  |TAMS 0x0000000087400000| PB 0x0000000087400000| Complete |  0
|  39|0x0000000087500000, 0x0000000087600000, 0x0000000087600000|100%|HC|  |TAMS 0x0000000087500000| PB 0x0000000087500000| Complete |  0
|  40|0x0000000087600000, 0x0000000087700000, 0x0000000087700000|100%|HS|  |TAMS 0x0000000087600000| PB 0x0000000087600000| Complete |  0
|  41|0x0000000087700000, 0x0000000087800000, 0x0000000087800000|100%|HC|  |TAMS 0x0000000087700000| PB 0x0000000087700000| Complete |  0
|  42|0x0000000087800000, 0x0000000087900000, 0x0000000087900000|100%|HS|  |TAMS 0x0000000087800000| PB 0x0000000087800000| Complete |  0
|  43|0x0000000087900000, 0x0000000087a00000, 0x0000000087a00000|100%|HC|  |TAMS 0x0000000087900000| PB 0x0000000087900000| Complete |  0
|  44|0x0000000087a00000, 0x0000000087b00000, 0x0000000087b00000|100%|HS|  |TAMS 0x0000000087a00000| PB 0x0000000087a00000| Complete |  0
|  45|0x0000000087b00000, 0x0000000087c00000, 0x0000000087c00000|100%|HC|  |TAMS 0x0000000087b00000| PB 0x0000000087b00000| Complete |  0
|  46|0x0000000087c00000, 0x0000000087d00000, 0x0000000087d00000|100%|HS|  |TAMS 0x0000000087c00000| PB 0x0000000087c00000| Complete |  0
|  47|0x0000000087d00000, 0x0000000087e00000, 0x0000000087e00000|100%|HC|  |TAMS 0x0000000087d00000| PB 0x0000000087d00000| Complete |  0
|  48|0x0000000087e00000, 0x0000000087f00000, 0x0000000087f00000|100%|HS|  |TAMS 0x0000000087e00000| PB 0x0000000087e00000| Complete |  0
|  49|0x0000000087f00000, 0x0000000088000000, 0x0000000088000000|100%|HC|  |TAMS 0x0000000087f00000| PB 0x0000000087f00000| Complete |  0
|  50|0x0000000088000000, 0x0000000088100000, 0x0000000088100000|100%|HS|  |TAMS 0x0000000088000000| PB 0x0000000088000000| Complete |  0
|  51|0x0000000088100000, 0x0000000088200000, 0x0000000088200000|100%|HC|  |TAMS 0x0000000088100000| PB 0x0000000088100000| Complete |  0
|  52|0x0000000088200000, 0x0000000088300000, 0x0000000088300000|100%|HS|  |TAMS 0x0000000088200000| PB 0x0000000088200000| Complete |  0
|  53|0x0000000088300000, 0x0000000088400000, 0x0000000088400000|100%|HC|  |TAMS 0x0000000088300000| PB 0x0000000088300000| Complete |  0
|  54|0x0000000088400000, 0x0000000088500000, 0x0000000088500000|100%|HS|  |TAMS 0x0000000088400000| PB 0x0000000088400000| Complete |  0
|  55|0x0000000088500000, 0x0000000088600000, 0x0000000088600000|100%|HC|  |TAMS 0x0000000088500000| PB 0x0000000088500000| Complete |  0
|  56|0x0000000088600000, 0x0000000088700000, 0x0000000088700000|100%|HS|  |TAMS 0x0000000088600000| PB 0x0000000088600000| Complete |  0
|  57|0x0000000088700000, 0x0000000088800000, 0x0000000088800000|100%|HC|  |TAMS 0x0000000088700000| PB 0x0000000088700000| Complete |  0
|  58|0x0000000088800000, 0x0000000088900000, 0x0000000088900000|100%|HS|  |TAMS 0x0000000088800000| PB 0x0000000088800000| Complete |  0
|  59|0x0000000088900000, 0x0000000088a00000, 0x0000000088a00000|100%|HC|  |TAMS 0x0000000088900000| PB 0x0000000088900000| Complete |  0
|  60|0x0000000088a00000, 0x0000000088b00000, 0x0000000088b00000|100%|HS|  |TAMS 0x0000000088a00000| PB 0x0000000088a00000| Complete |  0
|  61|0x0000000088b00000, 0x0000000088c00000, 0x0000000088c00000|100%|HC|  |TAMS 0x0000000088b00000| PB 0x0000000088b00000| Complete |  0
|  62|0x0000000088c00000, 0x0000000088d00000, 0x0000000088d00000|100%|HS|  |TAMS 0x0000000088c00000| PB 0x0000000088c00000| Complete |  0
|  63|0x0000000088d00000, 0x0000000088e00000, 0x0000000088e00000|100%|HC|  |TAMS 0x0000000088d00000| PB 0x0000000088d00000| Complete |  0
|  64|0x0000000088e00000, 0x0000000088f00000, 0x0000000088f00000|100%|HS|  |TAMS 0x0000000088e00000| PB 0x0000000088e00000| Complete |  0
|  65|0x0000000088f00000, 0x0000000089000000, 0x0000000089000000|100%|HC|  |TAMS 0x0000000088f00000| PB 0x0000000088f00000| Complete |  0
|  66|0x0000000089000000, 0x0000000089100000, 0x0000000089100000|100%|HS|  |TAMS 0x0000000089000000| PB 0x0000000089000000| Complete |  0
|  67|0x0000000089100000, 0x0000000089200000, 0x0000000089200000|100%|HC|  |TAMS 0x0000000089100000| PB 0x0000000089100000| Complete |  0
|  68|0x0000000089200000, 0x0000000089300000, 0x0000000089300000|100%|HS|  |TAMS 0x0000000089200000| PB 0x0000000089200000| Complete |  0
|  69|0x0000000089300000, 0x0000000089400000, 0x0000000089400000|100%|HC|  |TAMS 0x0000000089300000| PB 0x0000000089300000| Complete |  0
|  70|0x0000000089400000, 0x0000000089500000, 0x0000000089500000|100%|HS|  |TAMS 0x0000000089400000| PB 0x0000000089400000| Complete |  0
|  71|0x0000000089500000, 0x0000000089600000, 0x0000000089600000|100%|HC|  |TAMS 0x0000000089500000| PB 0x0000000089500000| Complete |  0
|  72|0x0000000089600000, 0x0000000089700000, 0x0000000089700000|100%|HS|  |TAMS 0x0000000089600000| PB 0x0000000089600000| Complete |  0
|  73|0x0000000089700000, 0x0000000089800000, 0x0000000089800000|100%|HC|  |TAMS 0x0000000089700000| PB 0x0000000089700000| Complete |  0
|  74|0x0000000089800000, 0x0000000089900000, 0x0000000089900000|100%|HS|  |TAMS 0x0000000089800000| PB 0x0000000089800000| Complete |  0
|  75|0x0000000089900000, 0x0000000089a00000, 0x0000000089a00000|100%|HC|  |TAMS 0x0000000089900000| PB 0x0000000089900000| Complete |  0
|  76|0x0000000089a00000, 0x0000000089b00000, 0x0000000089b00000|100%|HS|  |TAMS 0x0000000089a00000| PB 0x0000000089a00000| Complete |  0
|  77|0x0000000089b00000, 0x0000000089c00000, 0x0000000089c00000|100%|HC|  |TAMS 0x0000000089b00000| PB 0x0000000089b00000| Complete |  0
|  78|0x0000000089c00000, 0x0000000089d00000, 0x0000000089d00000|100%|HS|  |TAMS 0x0000000089c00000| PB 0x0000000089c00000| Complete |  0
|  79|0x0000000089d00000, 0x0000000089e00000, 0x0000000089e00000|100%|HC|  |TAMS 0x0000000089d00000| PB 0x0000000089d00000| Complete |  0
|  80|0x0000000089e00000, 0x0000000089f00000, 0x0000000089f00000|100%|HS|  |TAMS 0x0000000089e00000| PB 0x0000000089e00000| Complete |  0
|  81|0x0000000089f00000, 0x000000008a000000, 0x000000008a000000|100%|HC|  |TAMS 0x0000000089f00000| PB 0x0000000089f00000| Complete |  0
|  82|0x000000008a000000, 0x000000008a100000, 0x000000008a100000|100%|HS|  |TAMS 0x000000008a000000| PB 0x000000008a000000| Complete |  0
|  83|0x000000008a100000, 0x000000008a200000, 0x000000008a200000|100%|HC|  |TAMS 0x000000008a100000| PB 0x000000008a100000| Complete |  0
|  84|0x000000008a200000, 0x000000008a300000, 0x000000008a300000|100%|HS|  |TAMS 0x000000008a200000| PB 0x000000008a200000| Complete |  0
|  85|0x000000008a300000, 0x000000008a400000, 0x000000008a400000|100%|HC|  |TAMS 0x000000008a300000| PB 0x000000008a300000| Complete |  0
|  86|0x000000008a400000, 0x000000008a500000, 0x000000008a500000|100%|HS|  |TAMS 0x000000008a400000| PB 0x000000008a400000| Complete |  0
|  87|0x000000008a500000, 0x000000008a600000, 0x000000008a600000|100%|HC|  |TAMS 0x000000008a500000| PB 0x000000008a500000| Complete |  0
|  88|0x000000008a600000, 0x000000008a700000, 0x000000008a700000|100%|HS|  |TAMS 0x000000008a600000| PB 0x000000008a600000| Complete |  0
|  89|0x000000008a700000, 0x000000008a800000, 0x000000008a800000|100%|HC|  |TAMS 0x000000008a700000| PB 0x000000008a700000| Complete |  0
|  90|0x000000008a800000, 0x000000008a900000, 0x000000008a900000|100%|HS|  |TAMS 0x000000008a800000| PB 0x000000008a800000| Complete |  0
|  91|0x000000008a900000, 0x000000008aa00000, 0x000000008aa00000|100%|HC|  |TAMS 0x000000008a900000| PB 0x000000008a900000| Complete |  0
|  92|0x000000008aa00000, 0x000000008ab00000, 0x000000008ab00000|100%|HS|  |TAMS 0x000000008aa00000| PB 0x000000008aa00000| Complete |  0
|  93|0x000000008ab00000, 0x000000008ac00000, 0x000000008ac00000|100%|HC|  |TAMS 0x000000008ab00000| PB 0x000000008ab00000| Complete |  0
|  94|0x000000008ac00000, 0x000000008ad00000, 0x000000008ad00000|100%|HS|  |TAMS 0x000000008ac00000| PB 0x000000008ac00000| Complete |  0
|  95|0x000000008ad00000, 0x000000008ae00000, 0x000000008ae00000|100%|HC|  |TAMS 0x000000008ad00000| PB 0x000000008ad00000| Complete |  0
|  96|0x000000008ae00000, 0x000000008af00000, 0x000000008af00000|100%|HS|  |TAMS 0x000000008ae00000| PB 0x000000008ae00000| Complete |  0
|  97|0x000000008af00000, 0x000000008b000000, 0x000000008b000000|100%|HC|  |TAMS 0x000000008af00000| PB 0x000000008af00000| Complete |  0
|  98|0x000000008b000000, 0x000000008b100000, 0x000000008b100000|100%|HS|  |TAMS 0x000000008b000000| PB 0x000000008b000000| Complete |  0
|  99|0x000000008b100000, 0x000000008b200000, 0x000000008b200000|100%|HC|  |TAMS 0x000000008b100000| PB 0x000000008b100000| Complete |  0
| 100|0x000000008b200000, 0x000000008b300000, 0x000000008b300000|100%|HS|  |TAMS 0x000000008b200000| PB 0x000000008b200000| Complete |  0
| 101|0x000000008b300000, 0x000000008b400000, 0x000000008b400000|100%|HC|  |TAMS 0x000000008b300000| PB 0x000000008b300000| Complete |  0
| 102|0x000000008b400000, 0x000000008b500000, 0x000000008b500000|100%|HS|  |TAMS 0x000000008b400000| PB 0x000000008b400000| Complete |  0
| 103|0x000000008b500000, 0x000000008b600000, 0x000000008b600000|100%|HC|  |TAMS 0x000000008b500000| PB 0x000000008b500000| Complete |  0
| 104|0x000000008b600000, 0x000000008b700000, 0x000000008b700000|100%|HS|  |TAMS 0x000000008b600000| PB 0x000000008b600000| Complete |  0
| 105|0x000000008b700000, 0x000000008b800000, 0x000000008b800000|100%|HC|  |TAMS 0x000000008b700000| PB 0x000000008b700000| Complete |  0
| 106|0x000000008b800000, 0x000000008b900000, 0x000000008b900000|100%|HS|  |TAMS 0x000000008b800000| PB 0x000000008b800000| Complete |  0
| 107|0x000000008b900000, 0x000000008ba00000, 0x000000008ba00000|100%|HC|  |TAMS 0x000000008b900000| PB 0x000000008b900000| Complete |  0
| 108|0x000000008ba00000, 0x000000008bb00000, 0x000000008bb00000|100%|HS|  |TAMS 0x000000008ba00000| PB 0x000000008ba00000| Complete |  0
| 109|0x000000008bb00000, 0x000000008bc00000, 0x000000008bc00000|100%|HC|  |TAMS 0x000000008bb00000| PB 0x000000008bb00000| Complete |  0
| 110|0x000000008bc00000, 0x000000008bd00000, 0x000000008bd00000|100%|HS|  |TAMS 0x000000008bc00000| PB 0x000000008bc00000| Complete |  0
| 111|0x000000008bd00000, 0x000000008be00000, 0x000000008be00000|100%|HC|  |TAMS 0x000000008bd00000| PB 0x000000008bd00000| Complete |  0
| 112|0x000000008be00000, 0x000000008bf00000, 0x000000008bf00000|100%|HS|  |TAMS 0x000000008be00000| PB 0x000000008be00000| Complete |  0
| 113|0x000000008bf00000, 0x000000008c000000, 0x000000008c000000|100%|HC|  |TAMS 0x000000008bf00000| PB 0x000000008bf00000| Complete |  0
| 114|0x000000008c000000, 0x000000008c100000, 0x000000008c100000|100%|HS|  |TAMS 0x000000008c000000| PB 0x000000008c000000| Complete |  0
| 115|0x000000008c100000, 0x000000008c200000, 0x000000008c200000|100%|HC|  |TAMS 0x000000008c100000| PB 0x000000008c100000| Complete |  0
| 116|0x000000008c200000, 0x000000008c300000, 0x000000008c300000|100%|HS|  |TAMS 0x000000008c200000| PB 0x000000008c200000| Complete |  0
| 117|0x000000008c300000, 0x000000008c400000, 0x000000008c400000|100%|HC|  |TAMS 0x000000008c300000| PB 0x000000008c300000| Complete |  0
| 118|0x000000008c400000, 0x000000008c500000, 0x000000008c500000|100%|HS|  |TAMS 0x000000008c400000| PB 0x000000008c400000| Complete |  0
| 119|0x000000008c500000, 0x000000008c600000, 0x000000008c600000|100%|HC|  |TAMS 0x000000008c500000| PB 0x000000008c500000| Complete |  0
| 120|0x000000008c600000, 0x000000008c700000, 0x000000008c700000|100%|HS|  |TAMS 0x000000008c600000| PB 0x000000008c600000| Complete |  0
| 121|0x000000008c700000, 0x000000008c800000, 0x000000008c800000|100%|HC|  |TAMS 0x000000008c700000| PB 0x000000008c700000| Complete |  0
| 122|0x000000008c800000, 0x000000008c900000, 0x000000008c900000|100%|HS|  |TAMS 0x000000008c800000| PB 0x000000008c800000| Complete |  0
| 123|0x000000008c900000, 0x000000008ca00000, 0x000000008ca00000|100%|HC|  |TAMS 0x000000008c900000| PB 0x000000008c900000| Complete |  0
| 124|0x000000008ca00000, 0x000000008cb00000, 0x000000008cb00000|100%|HS|  |TAMS 0x000000008ca00000| PB 0x000000008ca00000| Complete |  0
| 125|0x000000008cb00000, 0x000000008cc00000, 0x000000008cc00000|100%|HC|  |TAMS 0x000000008cb00000| PB 0x000000008cb00000| Complete |  0
| 126|0x000000008cc00000, 0x000000008cd00000, 0x000000008cd00000|100%|HS|  |TAMS 0x000000008cc00000| PB 0x000000008cc00000| Complete |  0
| 127|0x000000008cd00000, 0x000000008ce00000, 0x000000008ce00000|100%|HC|  |TAMS 0x000000008cd00000| PB 0x000000008cd00000| Complete |  0
| 128|0x000000008ce00000, 0x000000008cf00000, 0x000000008cf00000|100%|HS|  |TAMS 0x000000008ce00000| PB 0x000000008ce00000| Complete |  0
| 129|0x000000008cf00000, 0x000000008d000000, 0x000000008d000000|100%|HC|  |TAMS 0x000000008cf00000| PB 0x000000008cf00000| Complete |  0
| 130|0x000000008d000000, 0x000000008d100000, 0x000000008d100000|100%|HS|  |TAMS 0x000000008d000000| PB 0x000000008d000000| Complete |  0
| 131|0x000000008d100000, 0x000000008d200000, 0x000000008d200000|100%|HC|  |TAMS 0x000000008d100000| PB 0x000000008d100000| Complete |  0
| 132|0x000000008d200000, 0x000000008d300000, 0x000000008d300000|100%|HS|  |TAMS 0x000000008d200000| PB 0x000000008d200000| Complete |  0
| 133|0x000000008d300000, 0x000000008d400000, 0x000000008d400000|100%|HC|  |TAMS 0x000000008d300000| PB 0x000000008d300000| Complete |  0
| 134|0x000000008d400000, 0x000000008d500000, 0x000000008d500000|100%|HS|  |TAMS 0x000000008d400000| PB 0x000000008d400000| Complete |  0
| 135|0x000000008d500000, 0x000000008d600000, 0x000000008d600000|100%|HC|  |TAMS 0x000000008d500000| PB 0x000000008d500000| Complete |  0
| 136|0x000000008d600000, 0x000000008d700000, 0x000000008d700000|100%|HS|  |TAMS 0x000000008d600000| PB 0x000000008d600000| Complete |  0
| 137|0x000000008d700000, 0x000000008d800000, 0x000000008d800000|100%|HC|  |TAMS 0x000000008d700000| PB 0x000000008d700000| Complete |  0
| 138|0x000000008d800000, 0x000000008d900000, 0x000000008d900000|100%|HS|  |TAMS 0x000000008d800000| PB 0x000000008d800000| Complete |  0
| 139|0x000000008d900000, 0x000000008da00000, 0x000000008da00000|100%|HC|  |TAMS 0x000000008d900000| PB 0x000000008d900000| Complete |  0
| 140|0x000000008da00000, 0x000000008db00000, 0x000000008db00000|100%|HS|  |TAMS 0x000000008da00000| PB 0x000000008da00000| Complete |  0
| 141|0x000000008db00000, 0x000000008dc00000, 0x000000008dc00000|100%|HC|  |TAMS 0x000000008db00000| PB 0x000000008db00000| Complete |  0
| 142|0x000000008dc00000, 0x000000008dd00000, 0x000000008dd00000|100%|HS|  |TAMS 0x000000008dc00000| PB 0x000000008dc00000| Complete |  0
| 143|0x000000008dd00000, 0x000000008de00000, 0x000000008de00000|100%|HC|  |TAMS 0x000000008dd00000| PB 0x000000008dd00000| Complete |  0
| 144|0x000000008de00000, 0x000000008df00000, 0x000000008df00000|100%|HS|  |TAMS 0x000000008de00000| PB 0x000000008de00000| Complete |  0
| 145|0x000000008df00000, 0x000000008e000000, 0x000000008e000000|100%|HC|  |TAMS 0x000000008df00000| PB 0x000000008df00000| Complete |  0
| 146|0x000000008e000000, 0x000000008e100000, 0x000000008e100000|100%|HS|  |TAMS 0x000000008e000000| PB 0x000000008e000000| Complete |  0
| 147|0x000000008e100000, 0x000000008e200000, 0x000000008e200000|100%|HC|  |TAMS 0x000000008e100000| PB 0x000000008e100000| Complete |  0
| 148|0x000000008e200000, 0x000000008e300000, 0x000000008e300000|100%|HS|  |TAMS 0x000000008e200000| PB 0x000000008e200000| Complete |  0
| 149|0x000000008e300000, 0x000000008e400000, 0x000000008e400000|100%|HC|  |TAMS 0x000000008e300000| PB 0x000000008e300000| Complete |  0
| 150|0x000000008e400000, 0x000000008e500000, 0x000000008e500000|100%|HS|  |TAMS 0x000000008e400000| PB 0x000000008e400000| Complete |  0
| 151|0x000000008e500000, 0x000000008e600000, 0x000000008e600000|100%|HC|  |TAMS 0x000000008e500000| PB 0x000000008e500000| Complete |  0
| 152|0x000000008e600000, 0x000000008e700000, 0x000000008e700000|100%|HS|  |TAMS 0x000000008e600000| PB 0x000000008e600000| Complete |  0
| 153|0x000000008e700000, 0x000000008e800000, 0x000000008e800000|100%|HC|  |TAMS 0x000000008e700000| PB 0x000000008e700000| Complete |  0
| 154|0x000000008e800000, 0x000000008e900000, 0x000000008e900000|100%|HS|  |TAMS 0x000000008e800000| PB 0x000000008e800000| Complete |  0
| 155|0x000000008e900000, 0x000000008ea00000, 0x000000008ea00000|100%|HC|  |TAMS 0x000000008e900000| PB 0x000000008e900000| Complete |  0
| 156|0x000000008ea00000, 0x000000008eb00000, 0x000000008eb00000|100%|HS|  |TAMS 0x000000008ea00000| PB 0x000000008ea00000| Complete |  0
| 157|0x000000008eb00000, 0x000000008ec00000, 0x000000008ec00000|100%|HC|  |TAMS 0x000000008eb00000| PB 0x000000008eb00000| Complete |  0
| 158|0x000000008ec00000, 0x000000008ed00000, 0x000000008ed00000|100%|HS|  |TAMS 0x000000008ec00000| PB 0x000000008ec00000| Complete |  0
| 159|0x000000008ed00000, 0x000000008ee00000, 0x000000008ee00000|100%|HC|  |TAMS 0x000000008ed00000| PB 0x000000008ed00000| Complete |  0
| 160|0x000000008ee00000, 0x000000008ef00000, 0x000000008ef00000|100%|HS|  |TAMS 0x000000008ee00000| PB 0x000000008ee00000| Complete |  0
| 161|0x000000008ef00000, 0x000000008f000000, 0x000000008f000000|100%|HC|  |TAMS 0x000000008ef00000| PB 0x000000008ef00000| Complete |  0
| 162|0x000000008f000000, 0x000000008f100000, 0x000000008f100000|100%|HS|  |TAMS 0x000000008f000000| PB 0x000000008f000000| Complete |  0
| 163|0x000000008f100000, 0x000000008f200000, 0x000000008f200000|100%|HC|  |TAMS 0x000000008f100000| PB 0x000000008f100000| Complete |  0
| 164|0x000000008f200000, 0x000000008f300000, 0x000000008f300000|100%|HS|  |TAMS 0x000000008f200000| PB 0x000000008f200000| Complete |  0
| 165|0x000000008f300000, 0x000000008f400000, 0x000000008f400000|100%|HC|  |TAMS 0x000000008f300000| PB 0x000000008f300000| Complete |  0
| 166|0x000000008f400000, 0x000000008f500000, 0x000000008f500000|100%|HS|  |TAMS 0x000000008f400000| PB 0x000000008f400000| Complete |  0
| 167|0x000000008f500000, 0x000000008f600000, 0x000000008f600000|100%|HC|  |TAMS 0x000000008f500000| PB 0x000000008f500000| Complete |  0
| 168|0x000000008f600000, 0x000000008f700000, 0x000000008f700000|100%|HS|  |TAMS 0x000000008f600000| PB 0x000000008f600000| Complete |  0
| 169|0x000000008f700000, 0x000000008f800000, 0x000000008f800000|100%|HC|  |TAMS 0x000000008f700000| PB 0x000000008f700000| Complete |  0
| 170|0x000000008f800000, 0x000000008f900000, 0x000000008f900000|100%|HS|  |TAMS 0x000000008f800000| PB 0x000000008f800000| Complete |  0
| 171|0x000000008f900000, 0x000000008fa00000, 0x000000008fa00000|100%|HC|  |TAMS 0x000000008f900000| PB 0x000000008f900000| Complete |  0
| 172|0x000000008fa00000, 0x000000008fb00000, 0x000000008fb00000|100%|HS|  |TAMS 0x000000008fa00000| PB 0x000000008fa00000| Complete |  0
| 173|0x000000008fb00000, 0x000000008fc00000, 0x000000008fc00000|100%|HC|  |TAMS 0x000000008fb00000| PB 0x000000008fb00000| Complete |  0
| 174|0x000000008fc00000, 0x000000008fd00000, 0x000000008fd00000|100%|HS|  |TAMS 0x000000008fc00000| PB 0x000000008fc00000| Complete |  0
| 175|0x000000008fd00000, 0x000000008fe00000, 0x000000008fe00000|100%|HC|  |TAMS 0x000000008fd00000| PB 0x000000008fd00000| Complete |  0
| 176|0x000000008fe00000, 0x000000008ff00000, 0x000000008ff00000|100%|HS|  |TAMS 0x000000008fe00000| PB 0x000000008fe00000| Complete |  0
| 177|0x000000008ff00000, 0x0000000090000000, 0x0000000090000000|100%|HC|  |TAMS 0x000000008ff00000| PB 0x000000008ff00000| Complete |  0
| 178|0x0000000090000000, 0x0000000090100000, 0x0000000090100000|100%|HS|  |TAMS 0x0000000090000000| PB 0x0000000090000000| Complete |  0
| 179|0x0000000090100000, 0x0000000090200000, 0x0000000090200000|100%|HC|  |TAMS 0x0000000090100000| PB 0x0000000090100000| Complete |  0
| 180|0x0000000090200000, 0x0000000090300000, 0x0000000090300000|100%|HS|  |TAMS 0x0000000090200000| PB 0x0000000090200000| Complete |  0
| 181|0x0000000090300000, 0x0000000090400000, 0x0000000090400000|100%|HC|  |TAMS 0x0000000090300000| PB 0x0000000090300000| Complete |  0
| 182|0x0000000090400000, 0x0000000090500000, 0x0000000090500000|100%|HS|  |TAMS 0x0000000090400000| PB 0x0000000090400000| Complete |  0
| 183|0x0000000090500000, 0x0000000090600000, 0x0000000090600000|100%|HC|  |TAMS 0x0000000090500000| PB 0x0000000090500000| Complete |  0
| 184|0x0000000090600000, 0x0000000090700000, 0x0000000090700000|100%|HS|  |TAMS 0x0000000090600000| PB 0x0000000090600000| Complete |  0
| 185|0x0000000090700000, 0x0000000090800000, 0x0000000090800000|100%|HC|  |TAMS 0x0000000090700000| PB 0x0000000090700000| Complete |  0
| 186|0x0000000090800000, 0x0000000090900000, 0x0000000090900000|100%|HS|  |TAMS 0x0000000090800000| PB 0x0000000090800000| Complete |  0
| 187|0x0000000090900000, 0x0000000090a00000, 0x0000000090a00000|100%|HC|  |TAMS 0x0000000090900000| PB 0x0000000090900000| Complete |  0
| 188|0x0000000090a00000, 0x0000000090b00000, 0x0000000090b00000|100%|HS|  |TAMS 0x0000000090a00000| PB 0x0000000090a00000| Complete |  0
| 189|0x0000000090b00000, 0x0000000090c00000, 0x0000000090c00000|100%|HC|  |TAMS 0x0000000090b00000| PB 0x0000000090b00000| Complete |  0
| 190|0x0000000090c00000, 0x0000000090d00000, 0x0000000090d00000|100%|HS|  |TAMS 0x0000000090c00000| PB 0x0000000090c00000| Complete |  0
| 191|0x0000000090d00000, 0x0000000090e00000, 0x0000000090e00000|100%|HC|  |TAMS 0x0000000090d00000| PB 0x0000000090d00000| Complete |  0
| 192|0x0000000090e00000, 0x0000000090f00000, 0x0000000090f00000|100%|HS|  |TAMS 0x0000000090e00000| PB 0x0000000090e00000| Complete |  0
| 193|0x0000000090f00000, 0x0000000091000000, 0x0000000091000000|100%|HC|  |TAMS 0x0000000090f00000| PB 0x0000000090f00000| Complete |  0
| 194|0x0000000091000000, 0x0000000091100000, 0x0000000091100000|100%|HS|  |TAMS 0x0000000091000000| PB 0x0000000091000000| Complete |  0
| 195|0x0000000091100000, 0x0000000091200000, 0x0000000091200000|100%|HC|  |TAMS 0x0000000091100000| PB 0x0000000091100000| Complete |  0
| 196|0x0000000091200000, 0x0000000091300000, 0x0000000091300000|100%|HS|  |TAMS 0x0000000091200000| PB 0x0000000091200000| Complete |  0
| 197|0x0000000091300000, 0x0000000091400000, 0x0000000091400000|100%|HC|  |TAMS 0x0000000091300000| PB 0x0000000091300000| Complete |  0
| 198|0x0000000091400000, 0x0000000091500000, 0x0000000091500000|100%|HS|  |TAMS 0x0000000091400000| PB 0x0000000091400000| Complete |  0
| 199|0x0000000091500000, 0x0000000091600000, 0x0000000091600000|100%|HC|  |TAMS 0x0000000091500000| PB 0x0000000091500000| Complete |  0
| 200|0x0000000091600000, 0x0000000091700000, 0x0000000091700000|100%|HS|  |TAMS 0x0000000091600000| PB 0x0000000091600000| Complete |  0
| 201|0x0000000091700000, 0x0000000091800000, 0x0000000091800000|100%|HC|  |TAMS 0x0000000091700000| PB 0x0000000091700000| Complete |  0
| 202|0x0000000091800000, 0x0000000091900000, 0x0000000091900000|100%|HS|  |TAMS 0x0000000091800000| PB 0x0000000091800000| Complete |  0
| 203|0x0000000091900000, 0x0000000091a00000, 0x0000000091a00000|100%|HC|  |TAMS 0x0000000091900000| PB 0x0000000091900000| Complete |  0
| 204|0x0000000091a00000, 0x0000000091b00000, 0x0000000091b00000|100%|HS|  |TAMS 0x0000000091a00000| PB 0x0000000091a00000| Complete |  0
| 205|0x0000000091b00000, 0x0000000091c00000, 0x0000000091c00000|100%|HC|  |TAMS 0x0000000091b00000| PB 0x0000000091b00000| Complete |  0
| 206|0x0000000091c00000, 0x0000000091d00000, 0x0000000091d00000|100%|HS|  |TAMS 0x0000000091c00000| PB 0x0000000091c00000| Complete |  0
| 207|0x0000000091d00000, 0x0000000091e00000, 0x0000000091e00000|100%|HC|  |TAMS 0x0000000091d00000| PB 0x0000000091d00000| Complete |  0
| 208|0x0000000091e00000, 0x0000000091f00000, 0x0000000091f00000|100%|HS|  |TAMS 0x0000000091e00000| PB 0x0000000091e00000| Complete |  0
| 209|0x0000000091f00000, 0x0000000092000000, 0x0000000092000000|100%|HC|  |TAMS 0x0000000091f00000| PB 0x0000000091f00000| Complete |  0
| 210|0x0000000092000000, 0x0000000092100000, 0x0000000092100000|100%|HS|  |TAMS 0x0000000092000000| PB 0x0000000092000000| Complete |  0
| 211|0x0000000092100000, 0x0000000092200000, 0x0000000092200000|100%|HC|  |TAMS 0x0000000092100000| PB 0x0000000092100000| Complete |  0
| 212|0x0000000092200000, 0x0000000092300000, 0x0000000092300000|100%|HS|  |TAMS 0x0000000092200000| PB 0x0000000092200000| Complete |  0
| 213|0x0000000092300000, 0x0000000092400000, 0x0000000092400000|100%|HC|  |TAMS 0x0000000092300000| PB 0x0000000092300000| Complete |  0
| 214|0x0000000092400000, 0x0000000092500000, 0x0000000092500000|100%|HS|  |TAMS 0x0000000092400000| PB 0x0000000092400000| Complete |  0
| 215|0x0000000092500000, 0x0000000092600000, 0x0000000092600000|100%|HC|  |TAMS 0x0000000092500000| PB 0x0000000092500000| Complete |  0
| 216|0x0000000092600000, 0x0000000092700000, 0x0000000092700000|100%|HS|  |TAMS 0x0000000092600000| PB 0x0000000092600000| Complete |  0
| 217|0x0000000092700000, 0x0000000092800000, 0x0000000092800000|100%|HC|  |TAMS 0x0000000092700000| PB 0x0000000092700000| Complete |  0
| 218|0x0000000092800000, 0x0000000092900000, 0x0000000092900000|100%|HS|  |TAMS 0x0000000092800000| PB 0x0000000092800000| Complete |  0
| 219|0x0000000092900000, 0x0000000092a00000, 0x0000000092a00000|100%|HC|  |TAMS 0x0000000092900000| PB 0x0000000092900000| Complete |  0
| 220|0x0000000092a00000, 0x0000000092b00000, 0x0000000092b00000|100%|HS|  |TAMS 0x0000000092a00000| PB 0x0000000092a00000| Complete |  0
| 221|0x0000000092b00000, 0x0000000092c00000, 0x0000000092c00000|100%|HC|  |TAMS 0x0000000092b00000| PB 0x0000000092b00000| Complete |  0
| 222|0x0000000092c00000, 0x0000000092d00000, 0x0000000092d00000|100%|HS|  |TAMS 0x0000000092c00000| PB 0x0000000092c00000| Complete |  0
| 223|0x0000000092d00000, 0x0000000092e00000, 0x0000000092e00000|100%|HC|  |TAMS 0x0000000092d00000| PB 0x0000000092d00000| Complete |  0
| 224|0x0000000092e00000, 0x0000000092f00000, 0x0000000092f00000|100%|HS|  |TAMS 0x0000000092e00000| PB 0x0000000092e00000| Complete |  0
| 225|0x0000000092f00000, 0x0000000093000000, 0x0000000093000000|100%|HC|  |TAMS 0x0000000092f00000| PB 0x0000000092f00000| Complete |  0
| 226|0x0000000093000000, 0x0000000093100000, 0x0000000093100000|100%|HS|  |TAMS 0x0000000093000000| PB 0x0000000093000000| Complete |  0
| 227|0x0000000093100000, 0x0000000093200000, 0x0000000093200000|100%|HC|  |TAMS 0x0000000093100000| PB 0x0000000093100000| Complete |  0
| 228|0x0000000093200000, 0x0000000093300000, 0x0000000093300000|100%|HS|  |TAMS 0x0000000093200000| PB 0x0000000093200000| Complete |  0
| 229|0x0000000093300000, 0x0000000093400000, 0x0000000093400000|100%|HC|  |TAMS 0x0000000093300000| PB 0x0000000093300000| Complete |  0
| 230|0x0000000093400000, 0x0000000093500000, 0x0000000093500000|100%|HS|  |TAMS 0x0000000093400000| PB 0x0000000093400000| Complete |  0
| 231|0x0000000093500000, 0x0000000093600000, 0x0000000093600000|100%|HC|  |TAMS 0x0000000093500000| PB 0x0000000093500000| Complete |  0
| 232|0x0000000093600000, 0x0000000093700000, 0x0000000093700000|100%|HS|  |TAMS 0x0000000093600000| PB 0x0000000093600000| Complete |  0
| 233|0x0000000093700000, 0x0000000093800000, 0x0000000093800000|100%|HC|  |TAMS 0x0000000093700000| PB 0x0000000093700000| Complete |  0
| 234|0x0000000093800000, 0x0000000093900000, 0x0000000093900000|100%|HS|  |TAMS 0x0000000093800000| PB 0x0000000093800000| Complete |  0
| 235|0x0000000093900000, 0x0000000093a00000, 0x0000000093a00000|100%|HC|  |TAMS 0x0000000093900000| PB 0x0000000093900000| Complete |  0
| 236|0x0000000093a00000, 0x0000000093b00000, 0x0000000093b00000|100%|HS|  |TAMS 0x0000000093a00000| PB 0x0000000093a00000| Complete |  0
| 237|0x0000000093b00000, 0x0000000093c00000, 0x0000000093c00000|100%|HC|  |TAMS 0x0000000093b00000| PB 0x0000000093b00000| Complete |  0
| 238|0x0000000093c00000, 0x0000000093d00000, 0x0000000093d00000|100%|HS|  |TAMS 0x0000000093c00000| PB 0x0000000093c00000| Complete |  0
| 239|0x0000000093d00000, 0x0000000093e00000, 0x0000000093e00000|100%|HC|  |TAMS 0x0000000093d00000| PB 0x0000000093d00000| Complete |  0
| 240|0x0000000093e00000, 0x0000000093f00000, 0x0000000093f00000|100%|HS|  |TAMS 0x0000000093e00000| PB 0x0000000093e00000| Complete |  0
| 241|0x0000000093f00000, 0x0000000094000000, 0x0000000094000000|100%|HC|  |TAMS 0x0000000093f00000| PB 0x0000000093f00000| Complete |  0
| 242|0x0000000094000000, 0x0000000094100000, 0x0000000094100000|100%|HS|  |TAMS 0x0000000094000000| PB 0x0000000094000000| Complete |  0
| 243|0x0000000094100000, 0x0000000094200000, 0x0000000094200000|100%|HC|  |TAMS 0x0000000094100000| PB 0x0000000094100000| Complete |  0
| 244|0x0000000094200000, 0x0000000094300000, 0x0000000094300000|100%|HS|  |TAMS 0x0000000094200000| PB 0x0000000094200000| Complete |  0
| 245|0x0000000094300000, 0x0000000094400000, 0x0000000094400000|100%|HC|  |TAMS 0x0000000094300000| PB 0x0000000094300000| Complete |  0
| 246|0x0000000094400000, 0x0000000094500000, 0x0000000094500000|100%|HS|  |TAMS 0x0000000094400000| PB 0x0000000094400000| Complete |  0
| 247|0x0000000094500000, 0x0000000094600000, 0x0000000094600000|100%|HC|  |TAMS 0x0000000094500000| PB 0x0000000094500000| Complete |  0
| 248|0x0000000094600000, 0x0000000094700000, 0x0000000094700000|100%|HS|  |TAMS 0x0000000094600000| PB 0x0000000094600000| Complete |  0
| 249|0x0000000094700000, 0x0000000094800000, 0x0000000094800000|100%|HC|  |TAMS 0x0000000094700000| PB 0x0000000094700000| Complete |  0
| 250|0x0000000094800000, 0x0000000094900000, 0x0000000094900000|100%|HS|  |TAMS 0x0000000094800000| PB 0x0000000094800000| Complete |  0
| 251|0x0000000094900000, 0x0000000094a00000, 0x0000000094a00000|100%|HC|  |TAMS 0x0000000094900000| PB 0x0000000094900000| Complete |  0
| 252|0x0000000094a00000, 0x0000000094b00000, 0x0000000094b00000|100%|HS|  |TAMS 0x0000000094a00000| PB 0x0000000094a00000| Complete |  0
| 253|0x0000000094b00000, 0x0000000094c00000, 0x0000000094c00000|100%|HC|  |TAMS 0x0000000094b00000| PB 0x0000000094b00000| Complete |  0
| 254|0x0000000094c00000, 0x0000000094d00000, 0x0000000094d00000|100%|HS|  |TAMS 0x0000000094c00000| PB 0x0000000094c00000| Complete |  0
| 255|0x0000000094d00000, 0x0000000094e00000, 0x0000000094e00000|100%|HC|  |TAMS 0x0000000094d00000| PB 0x0000000094d00000| Complete |  0
| 256|0x0000000094e00000, 0x0000000094f00000, 0x0000000094f00000|100%|HS|  |TAMS 0x0000000094e00000| PB 0x0000000094e00000| Complete |  0
| 257|0x0000000094f00000, 0x0000000095000000, 0x0000000095000000|100%|HC|  |TAMS 0x0000000094f00000| PB 0x0000000094f00000| Complete |  0
| 258|0x0000000095000000, 0x0000000095100000, 0x0000000095100000|100%|HS|  |TAMS 0x0000000095000000| PB 0x0000000095000000| Complete |  0
| 259|0x0000000095100000, 0x0000000095200000, 0x0000000095200000|100%|HC|  |TAMS 0x0000000095100000| PB 0x0000000095100000| Complete |  0
| 260|0x0000000095200000, 0x0000000095300000, 0x0000000095300000|100%|HS|  |TAMS 0x0000000095200000| PB 0x0000000095200000| Complete |  0
| 261|0x0000000095300000, 0x0000000095400000, 0x0000000095400000|100%|HC|  |TAMS 0x0000000095300000| PB 0x0000000095300000| Complete |  0
| 262|0x0000000095400000, 0x0000000095500000, 0x0000000095500000|100%|HS|  |TAMS 0x0000000095400000| PB 0x0000000095400000| Complete |  0
| 263|0x0000000095500000, 0x0000000095600000, 0x0000000095600000|100%|HC|  |TAMS 0x0000000095500000| PB 0x0000000095500000| Complete |  0
| 264|0x0000000095600000, 0x0000000095700000, 0x0000000095700000|100%|HS|  |TAMS 0x0000000095600000| PB 0x0000000095600000| Complete |  0
| 265|0x0000000095700000, 0x0000000095800000, 0x0000000095800000|100%|HC|  |TAMS 0x0000000095700000| PB 0x0000000095700000| Complete |  0
| 266|0x0000000095800000, 0x0000000095900000, 0x0000000095900000|100%|HS|  |TAMS 0x0000000095800000| PB 0x0000000095800000| Complete |  0
| 267|0x0000000095900000, 0x0000000095a00000, 0x0000000095a00000|100%|HC|  |TAMS 0x0000000095900000| PB 0x0000000095900000| Complete |  0
| 268|0x0000000095a00000, 0x0000000095b00000, 0x0000000095b00000|100%|HS|  |TAMS 0x0000000095a00000| PB 0x0000000095a00000| Complete |  0
| 269|0x0000000095b00000, 0x0000000095c00000, 0x0000000095c00000|100%|HC|  |TAMS 0x0000000095b00000| PB 0x0000000095b00000| Complete |  0
| 270|0x0000000095c00000, 0x0000000095d00000, 0x0000000095d00000|100%|HS|  |TAMS 0x0000000095c00000| PB 0x0000000095c00000| Complete |  0
| 271|0x0000000095d00000, 0x0000000095e00000, 0x0000000095e00000|100%|HC|  |TAMS 0x0000000095d00000| PB 0x0000000095d00000| Complete |  0
| 272|0x0000000095e00000, 0x0000000095f00000, 0x0000000095f00000|100%|HS|  |TAMS 0x0000000095e00000| PB 0x0000000095e00000| Complete |  0
| 273|0x0000000095f00000, 0x0000000096000000, 0x0000000096000000|100%|HC|  |TAMS 0x0000000095f00000| PB 0x0000000095f00000| Complete |  0
| 274|0x0000000096000000, 0x0000000096100000, 0x0000000096100000|100%|HS|  |TAMS 0x0000000096000000| PB 0x0000000096000000| Complete |  0
| 275|0x0000000096100000, 0x0000000096200000, 0x0000000096200000|100%|HC|  |TAMS 0x0000000096100000| PB 0x0000000096100000| Complete |  0
| 286|0x0000000096c00000, 0x0000000096d00000, 0x0000000096d00000|100%|HS|  |TAMS 0x0000000096c00000| PB 0x0000000096c00000| Complete |  0
| 287|0x0000000096d00000, 0x0000000096e00000, 0x0000000096e00000|100%|HC|  |TAMS 0x0000000096d00000| PB 0x0000000096d00000| Complete |  0
| 289|0x0000000096f00000, 0x0000000096f7d880, 0x0000000097000000| 49%| S|CS|TAMS 0x0000000096f00000| PB 0x0000000096f00000| Complete |  0
| 290|0x0000000097000000, 0x0000000097100000, 0x0000000097100000|100%|HS|  |TAMS 0x0000000097000000| PB 0x0000000097000000| Complete |  0
| 291|0x0000000097100000, 0x0000000097200000, 0x0000000097200000|100%|HC|  |TAMS 0x0000000097100000| PB 0x0000000097100000| Complete |  0
| 293|0x0000000097300000, 0x0000000097400000, 0x0000000097400000|100%| E|CS|TAMS 0x0000000097300000| PB 0x0000000097300000| Complete |  0
|1963|0x00000000ff900000, 0x00000000ff9697d8, 0x00000000ffa00000| 41%| O|  |TAMS 0x00000000ff900000| PB 0x00000000ff900000| Untracked |  0
|1964|0x00000000ffa00000, 0x00000000ffb00000, 0x00000000ffb00000|100%| O|  |TAMS 0x00000000ffa00000| PB 0x00000000ffa00000| Untracked |  0
|1965|0x00000000ffb00000, 0x00000000ffc00000, 0x00000000ffc00000|100%| O|  |TAMS 0x00000000ffb00000| PB 0x00000000ffb00000| Untracked |  0
|1966|0x00000000ffc00000, 0x00000000ffd00000, 0x00000000ffd00000|100%| O|  |TAMS 0x00000000ffc00000| PB 0x00000000ffc00000| Untracked |  0
|1967|0x00000000ffd00000, 0x00000000ffe00000, 0x00000000ffe00000|100%| O|  |TAMS 0x00000000ffd00000| PB 0x00000000ffd00000| Untracked |  0
|1968|0x00000000ffe00000, 0x00000000fff00000, 0x00000000fff00000|100%| O|  |TAMS 0x00000000ffe00000| PB 0x00000000ffe00000| Untracked |  0
|1969|0x00000000fff00000, 0x0000000100000000, 0x0000000100000000|100%| E|CS|TAMS 0x00000000fff00000| PB 0x00000000fff00000| Complete |  0

Card table byte_map: [0x0000013ed5610000,0x0000013ed59f0000] _byte_map_base: 0x0000013ed51e9000

Marking Bits: (CMBitMap*) 0x0000013ebd186340
 Bits: [0x0000013ed59f0000, 0x0000013ed78b8000)

Polling page: 0x0000013ebaf50000

Metaspace:

Usage:
  Non-class:     41.46 MB used.
      Class:      5.23 MB used.
       Both:     46.70 MB used.

Virtual space:
  Non-class space:       64.00 MB reserved,      41.62 MB ( 65%) committed,  1 nodes.
      Class space:        1.00 GB reserved,       5.38 MB ( <1%) committed,  1 nodes.
             Both:        1.06 GB reserved,      47.00 MB (  4%) committed. 

Chunk freelists:
   Non-Class:  6.38 MB
       Class:  10.64 MB
        Both:  17.02 MB

MaxMetaspaceSize: unlimited
CompressedClassSpaceSize: 1.00 GB
Initial GC threshold: 21.00 MB
Current GC threshold: 78.38 MB
CDS: on
 - commit_granule_bytes: 65536.
 - commit_granule_words: 8192.
 - virtual_space_node_default_size: 8388608.
 - enlarge_chunks_in_place: 1.
UseCompressedClassPointers 1, UseCompactObjectHeaders 0
Narrow klass pointer bits 32, Max shift 3
Narrow klass base: 0x0000013edb000000, Narrow klass shift: 0
Encoding Range: [0x0000013edb000000 - 0x0000013fdb000000), (4294967296 bytes)
Klass Range:    [0x0000013edb000000 - 0x0000013f1c000000), (1090519040 bytes)
Klass ID Range:  [8 - 1090519033) (1090519025)


Internal statistics:

num_allocs_failed_limit: 6.
num_arena_births: 320.
num_arena_deaths: 0.
num_vsnodes_births: 2.
num_vsnodes_deaths: 0.
num_space_committed: 750.
num_space_uncommitted: 0.
num_chunks_returned_to_freelist: 6.
num_chunks_taken_from_freelist: 1752.
num_chunk_merges: 3.
num_chunk_splits: 1346.
num_chunks_enlarged: 1161.
num_inconsistent_stats: 0.

CodeHeap 'non-profiled nmethods': size=119232Kb used=3405Kb max_used=3901Kb free=115826Kb
 bounds [0x0000013ecd540000, 0x0000013ecd910000, 0x0000013ed49b0000]
CodeHeap 'profiled nmethods': size=119104Kb used=10272Kb max_used=12974Kb free=108831Kb
 bounds [0x0000013ec59b0000, 0x0000013ec6690000, 0x0000013ecce00000]
CodeHeap 'non-nmethods': size=7424Kb used=2475Kb max_used=3613Kb free=4948Kb
 bounds [0x0000013ecce00000, 0x0000013ecd1a0000, 0x0000013ecd540000]
CodeCache: size=245760Kb, used=16152Kb, max_used=20488Kb, free=229605Kb
 total_blobs=8049, nmethods=6481, adapters=1472, full_count=0
Compilation: enabled, stopped_count=0, restarted_count=0

Compilation events (20 events):
Event: 175.348 Thread 0x0000013eda89c360 nmethod 7961 0x0000013ec5a3dc08 code [0x0000013ec5a3dd40, 0x0000013ec5a3dff8]
Event: 175.348 Thread 0x0000013eda89c360 7957       1       javafx.scene.image.Image$ObjectPropertyImpl::store (6 bytes)
Event: 175.348 Thread 0x0000013eda89c360 nmethod 7957 0x0000013ecd5a4408 code [0x0000013ecd5a4520, 0x0000013ecd5a4630]
Event: 175.348 Thread 0x0000013f2fcb84d0 nmethod 7960 0x0000013ec5fcef88 code [0x0000013ec5fcf0e0, 0x0000013ec5fcf5d8]
Event: 175.415 Thread 0x0000013f2fcb84d0 7964       3       org.bytedeco.javacpp.Pointer::sizeof (26 bytes)
Event: 175.415 Thread 0x0000013eda89c360 7965       1       java.awt.image.SampleModel::getWidth (5 bytes)
Event: 175.415 Thread 0x0000013eda89c360 nmethod 7965 0x0000013ecd8e6d08 code [0x0000013ecd8e6e00, 0x0000013ecd8e6ec8]
Event: 175.416 Thread 0x0000013f2fcb84d0 nmethod 7964 0x0000013ec5b5c488 code [0x0000013ec5b5c5c0, 0x0000013ec5b5ca48]
Event: 175.428 Thread 0x0000013f2fcb84d0 7966       3       javafx.scene.image.Image$ObjectPropertyImpl::fireValueChangedEvent (5 bytes)
Event: 175.429 Thread 0x0000013f2fcb84d0 nmethod 7966 0x0000013ec5a76908 code [0x0000013ec5a76a40, 0x0000013ec5a76cf8]
Event: 175.438 Thread 0x0000013f2fcb84d0 7972       1       java.awt.image.Raster::getSampleModel (5 bytes)
Event: 175.438 Thread 0x0000013eda89c360 7973       1       java.awt.image.BufferedImage::getRaster (5 bytes)
Event: 175.439 Thread 0x0000013f2fcb84d0 nmethod 7972 0x0000013ecd8e8488 code [0x0000013ecd8e8580, 0x0000013ecd8e8648]
Event: 175.439 Thread 0x0000013eda89c360 nmethod 7973 0x0000013ecd8e8188 code [0x0000013ecd8e8280, 0x0000013ecd8e8348]
Event: 175.439 Thread 0x0000013f2fcb84d0 7974       1       java.awt.image.Raster::getSampleModelTranslateX (5 bytes)
Event: 175.439 Thread 0x0000013eda89c360 7975       1       java.awt.image.Raster::getSampleModelTranslateY (5 bytes)
Event: 175.439 Thread 0x0000013f2fcb84d0 nmethod 7974 0x0000013ecd8e7e88 code [0x0000013ecd8e7f80, 0x0000013ecd8e8048]
Event: 175.439 Thread 0x0000013eda89c360 nmethod 7975 0x0000013ecd8e7b88 code [0x0000013ecd8e7c80, 0x0000013ecd8e7d48]
Event: 175.440 Thread 0x0000013eda89c360 7976       1       com.sun.javafx.tk.quantum.QuantumToolkit$QuantumImage::getFrameCount (2 bytes)
Event: 175.440 Thread 0x0000013eda89c360 nmethod 7976 0x0000013ecd73ce88 code [0x0000013ecd73cf80, 0x0000013ecd73d048]

GC Heap History (20 events):
Event: 133.807 GC heap before
{Heap before GC invocations=4 (full 0):
 garbage-first heap   total reserved 2017280K, committed 61440K, used 57866K [0x0000000084e00000, 0x0000000100000000)
  region size 1024K, 36 young (36864K), 6 survivors (6144K)
 Metaspace       used 23908K, committed 24128K, reserved 1114112K
  class space    used 3178K, committed 3264K, reserved 1048576K
}
Event: 133.813 GC heap after
{Heap after GC invocations=5 (full 0):
 garbage-first heap   total reserved 2017280K, committed 68608K, used 23753K [0x0000000084e00000, 0x0000000100000000)
  region size 1024K, 5 young (5120K), 5 survivors (5120K)
 Metaspace       used 23908K, committed 24128K, reserved 1114112K
  class space    used 3178K, committed 3264K, reserved 1048576K
}
Event: 147.402 GC heap before
{Heap before GC invocations=5 (full 0):
 garbage-first heap   total reserved 2017280K, committed 68608K, used 49353K [0x0000000084e00000, 0x0000000100000000)
  region size 1024K, 31 young (31744K), 5 survivors (5120K)
 Metaspace       used 28953K, committed 29184K, reserved 1114112K
  class space    used 3754K, committed 3840K, reserved 1048576K
}
Event: 147.406 GC heap after
{Heap after GC invocations=6 (full 0):
 garbage-first heap   total reserved 2017280K, committed 68608K, used 26868K [0x0000000084e00000, 0x0000000100000000)
  region size 1024K, 4 young (4096K), 4 survivors (4096K)
 Metaspace       used 28953K, committed 29184K, reserved 1114112K
  class space    used 3754K, committed 3840K, reserved 1048576K
}
Event: 147.673 GC heap before
{Heap before GC invocations=6 (full 0):
 garbage-first heap   total reserved 2017280K, committed 68608K, used 52468K [0x0000000084e00000, 0x0000000100000000)
  region size 1024K, 30 young (30720K), 4 survivors (4096K)
 Metaspace       used 34229K, committed 34624K, reserved 1114112K
  class space    used 4275K, committed 4480K, reserved 1048576K
}
Event: 147.677 GC heap after
{Heap after GC invocations=7 (full 0):
 garbage-first heap   total reserved 2017280K, committed 68608K, used 29623K [0x0000000084e00000, 0x0000000100000000)
  region size 1024K, 3 young (3072K), 3 survivors (3072K)
 Metaspace       used 34229K, committed 34624K, reserved 1114112K
  class space    used 4275K, committed 4480K, reserved 1048576K
}
Event: 148.018 GC heap before
{Heap before GC invocations=7 (full 0):
 garbage-first heap   total reserved 2017280K, committed 68608K, used 36791K [0x0000000084e00000, 0x0000000100000000)
  region size 1024K, 11 young (11264K), 3 survivors (3072K)
 Metaspace       used 35656K, committed 35968K, reserved 1114112K
  class space    used 4471K, committed 4608K, reserved 1048576K
}
Event: 148.023 GC heap after
{Heap after GC invocations=8 (full 0):
 garbage-first heap   total reserved 2017280K, committed 68608K, used 30123K [0x0000000084e00000, 0x0000000100000000)
  region size 1024K, 1 young (1024K), 1 survivors (1024K)
 Metaspace       used 35656K, committed 35968K, reserved 1114112K
  class space    used 4471K, committed 4608K, reserved 1048576K
}
Event: 167.302 GC heap before
{Heap before GC invocations=9 (full 0):
 garbage-first heap   total reserved 2017280K, committed 68608K, used 58795K [0x0000000084e00000, 0x0000000100000000)
  region size 1024K, 28 young (28672K), 1 survivors (1024K)
 Metaspace       used 41125K, committed 41408K, reserved 1114112K
  class space    used 5068K, committed 5184K, reserved 1048576K
}
Event: 167.303 GC heap after
{Heap after GC invocations=10 (full 0):
 garbage-first heap   total reserved 2017280K, committed 68608K, used 33448K [0x0000000084e00000, 0x0000000100000000)
  region size 1024K, 2 young (2048K), 2 survivors (2048K)
 Metaspace       used 41125K, committed 41408K, reserved 1114112K
  class space    used 5068K, committed 5184K, reserved 1048576K
}
Event: 167.469 GC heap before
{Heap before GC invocations=10 (full 0):
 garbage-first heap   total reserved 2017280K, committed 68608K, used 59048K [0x0000000084e00000, 0x0000000100000000)
  region size 1024K, 27 young (27648K), 2 survivors (2048K)
 Metaspace       used 41201K, committed 41472K, reserved 1114112K
  class space    used 5072K, committed 5184K, reserved 1048576K
}
Event: 167.471 GC heap after
{Heap after GC invocations=11 (full 0):
 garbage-first heap   total reserved 2017280K, committed 68608K, used 33096K [0x0000000084e00000, 0x0000000100000000)
  region size 1024K, 2 young (2048K), 2 survivors (2048K)
 Metaspace       used 41201K, committed 41472K, reserved 1114112K
  class space    used 5072K, committed 5184K, reserved 1048576K
}
Event: 167.481 GC heap before
{Heap before GC invocations=11 (full 0):
 garbage-first heap   total reserved 2017280K, committed 68608K, used 33096K [0x0000000084e00000, 0x0000000100000000)
  region size 1024K, 4 young (4096K), 2 survivors (2048K)
 Metaspace       used 41299K, committed 41536K, reserved 1114112K
  class space    used 5084K, committed 5184K, reserved 1048576K
}
Event: 167.483 GC heap after
{Heap after GC invocations=12 (full 0):
 garbage-first heap   total reserved 2017280K, committed 68608K, used 33510K [0x0000000084e00000, 0x0000000100000000)
  region size 1024K, 3 young (3072K), 3 survivors (3072K)
 Metaspace       used 41299K, committed 41536K, reserved 1114112K
  class space    used 5084K, committed 5184K, reserved 1048576K
}
Event: 167.748 GC heap before
{Heap before GC invocations=13 (full 0):
 garbage-first heap   total reserved 2017280K, committed 68608K, used 64230K [0x0000000084e00000, 0x0000000100000000)
  region size 1024K, 29 young (29696K), 3 survivors (3072K)
 Metaspace       used 47260K, committed 47552K, reserved 1114112K
  class space    used 5329K, committed 5440K, reserved 1048576K
}
Event: 167.750 GC heap after
{Heap after GC invocations=14 (full 0):
 garbage-first heap   total reserved 2017280K, committed 68608K, used 31131K [0x0000000084e00000, 0x0000000100000000)
  region size 1024K, 2 young (2048K), 2 survivors (2048K)
 Metaspace       used 47260K, committed 47552K, reserved 1114112K
  class space    used 5329K, committed 5440K, reserved 1048576K
}
Event: 173.185 GC heap before
{Heap before GC invocations=14 (full 0):
 garbage-first heap   total reserved 2017280K, committed 305152K, used 304539K [0x0000000084e00000, 0x0000000100000000)
  region size 1024K, 8 young (8192K), 2 survivors (2048K)
 Metaspace       used 47793K, committed 48128K, reserved 1114112K
  class space    used 5357K, committed 5504K, reserved 1048576K
}
Event: 173.190 GC heap after
{Heap after GC invocations=15 (full 0):
 garbage-first heap   total reserved 2017280K, committed 308224K, used 37921K [0x0000000084e00000, 0x0000000100000000)
  region size 1024K, 1 young (1024K), 1 survivors (1024K)
 Metaspace       used 47793K, committed 48128K, reserved 1114112K
  class space    used 5357K, committed 5504K, reserved 1048576K
}
Event: 173.196 GC heap before
{Heap before GC invocations=15 (full 0):
 garbage-first heap   total reserved 2017280K, committed 308224K, used 37921K [0x0000000084e00000, 0x0000000100000000)
  region size 1024K, 2 young (2048K), 1 survivors (1024K)
 Metaspace       used 47793K, committed 48128K, reserved 1114112K
  class space    used 5357K, committed 5504K, reserved 1048576K
}
Event: 173.197 GC heap after
{Heap after GC invocations=16 (full 0):
 garbage-first heap   total reserved 2017280K, committed 308224K, used 35740K [0x0000000084e00000, 0x0000000100000000)
  region size 1024K, 1 young (1024K), 1 survivors (1024K)
 Metaspace       used 47793K, committed 48128K, reserved 1114112K
  class space    used 5357K, committed 5504K, reserved 1048576K
}

Dll operation events (20 events):
Event: 167.399 Loaded shared library C:\Program Files\Java\jdk-24\bin\vcruntime140.dll
Event: 167.403 Loaded shared library C:\Program Files\Java\jdk-24\bin\vcruntime140_1.dll
Event: 167.409 Loaded shared library C:\Program Files\Java\jdk-24\bin\msvcp140.dll
Event: 167.415 Loaded shared library C:\Windows\System32\msvcp140_1.dll
Event: 167.422 Loaded shared library C:\Windows\System32\concrt140.dll
Event: 167.430 Loaded shared library C:\Windows\System32\vcomp140.dll
Event: 167.441 Loaded shared library C:\Users\priya\.javacpp\cache\openblas-0.3.26-1.5.10-windows-x86_64.jar\org\bytedeco\openblas\windows-x86_64\libopenblas_nolapack.dll
Event: 167.466 Loaded shared library C:\Users\priya\.javacpp\cache\openblas-0.3.26-1.5.10-windows-x86_64.jar\org\bytedeco\openblas\windows-x86_64\jniopenblas_nolapack.dll
Event: 167.480 Loaded shared library C:\Users\priya\.javacpp\cache\javacpp-1.5.10-windows-x86_64.jar\org\bytedeco\javacpp\windows-x86_64\jnijavacpp.dll
Event: 167.523 Loaded shared library C:\Users\priya\.javacpp\cache\openblas-0.3.26-1.5.10-windows-x86_64.jar\org\bytedeco\openblas\windows-x86_64\libopenblas.dll
Event: 167.531 Loaded shared library C:\Users\priya\.javacpp\cache\openblas-0.3.26-1.5.10-windows-x86_64.jar\org\bytedeco\openblas\windows-x86_64\jniopenblas.dll
Event: 167.640 Loaded shared library C:\Users\priya\.javacpp\cache\opencv-4.9.0-1.5.10-windows-x86_64.jar\org\bytedeco\opencv\windows-x86_64\opencv_core490.dll
Event: 167.650 Loaded shared library C:\Users\priya\.javacpp\cache\opencv-4.9.0-1.5.10-windows-x86_64.jar\org\bytedeco\opencv\windows-x86_64\opencv_imgproc490.dll
Event: 167.657 Loaded shared library C:\Users\priya\.javacpp\cache\opencv-4.9.0-1.5.10-windows-x86_64.jar\org\bytedeco\opencv\windows-x86_64\jniopencv_core.dll
Event: 167.730 Loaded shared library C:\Users\priya\.javacpp\cache\opencv-4.9.0-1.5.10-windows-x86_64.jar\org\bytedeco\opencv\windows-x86_64\jniopencv_imgproc.dll
Event: 167.741 Loaded shared library C:\Users\priya\.javacpp\cache\opencv-4.9.0-1.5.10-windows-x86_64.jar\org\bytedeco\opencv\windows-x86_64\opencv_imgcodecs490.dll
Event: 167.744 Loaded shared library C:\Users\priya\.javacpp\cache\opencv-4.9.0-1.5.10-windows-x86_64.jar\org\bytedeco\opencv\windows-x86_64\jniopencv_imgcodecs.dll
Event: 167.766 Loaded shared library C:\Users\priya\.javacpp\cache\opencv-4.9.0-1.5.10-windows-x86_64.jar\org\bytedeco\opencv\windows-x86_64\opencv_videoio490.dll
Event: 167.769 Loaded shared library C:\Users\priya\.javacpp\cache\opencv-4.9.0-1.5.10-windows-x86_64.jar\org\bytedeco\opencv\windows-x86_64\jniopencv_videoio.dll
Event: 170.910 Loaded shared library C:\Program Files\Java\jdk-24\bin\awt.dll

Deoptimization events (20 events):
Event: 170.947 Thread 0x0000013f3d6b7c40 Uncommon trap: trap_request=0xffffff4d fr.pc=0x0000013ecd755764 relative=0x0000000000000cc4
Event: 170.947 Thread 0x0000013f3d6b7c40 Uncommon trap: reason=unstable_if action=reinterpret pc=0x0000013ecd755764 method=java.awt.image.BufferedImage.getRGB(IIII[III)[I @ 150 c2
Event: 170.947 Thread 0x0000013f3d6b7c40 DEOPT PACKING pc=0x0000013ecd755764 sp=0x0000000a039fee30
Event: 170.947 Thread 0x0000013f3d6b7c40 DEOPT UNPACKING pc=0x0000013ecd030602 sp=0x0000000a039fee10 mode 2
Event: 170.947 Thread 0x0000013f3d6b7c40 DEOPT PACKING pc=0x0000013ec5c63a3d sp=0x0000000a039febd0
Event: 170.947 Thread 0x0000013f3d6b7c40 DEOPT UNPACKING pc=0x0000013ecce55722 sp=0x0000000a039fe058 mode 0
Event: 170.947 Thread 0x0000013f3d6b7c40 Uncommon trap: trap_request=0xffffff4d fr.pc=0x0000013ecd747ecc relative=0x000000000000062c
Event: 170.947 Thread 0x0000013f3d6b7c40 Uncommon trap: reason=unstable_if action=reinterpret pc=0x0000013ecd747ecc method=com.sun.javafx.image.impl.IntArgb$ToByteBgraPreConv.doConvert([III[BIIII)V @ 29 c2
Event: 170.947 Thread 0x0000013f3d6b7c40 DEOPT PACKING pc=0x0000013ecd747ecc sp=0x0000000a039feb90
Event: 170.947 Thread 0x0000013f3d6b7c40 DEOPT UNPACKING pc=0x0000013ecd030602 sp=0x0000000a039feb58 mode 2
Event: 170.972 Thread 0x0000013f3d6b7c40 Uncommon trap: trap_request=0xffffff6e fr.pc=0x0000013ecd81141c relative=0x00000000000003fc
Event: 170.972 Thread 0x0000013f3d6b7c40 Uncommon trap: reason=loop_limit_check action=maybe_recompile pc=0x0000013ecd81141c method=com.sun.javafx.image.impl.IntArgb$ToByteBgraPreConv.doConvert([III[BIIII)V @ 19 c2
Event: 170.972 Thread 0x0000013f3d6b7c40 DEOPT PACKING pc=0x0000013ecd81141c sp=0x0000000a039febd0
Event: 170.972 Thread 0x0000013f3d6b7c40 DEOPT UNPACKING pc=0x0000013ecd030602 sp=0x0000000a039feb60 mode 2
Event: 170.984 Thread 0x0000013f3d6b7c40 DEOPT PACKING pc=0x0000013ec5d0bcbd sp=0x0000000a039febd0
Event: 170.984 Thread 0x0000013f3d6b7c40 DEOPT UNPACKING pc=0x0000013ecce55722 sp=0x0000000a039fe058 mode 0
Event: 172.174 Thread 0x0000013f26d2fc90 Uncommon trap: trap_request=0xffffff4d fr.pc=0x0000013ecd65a8a4 relative=0x0000000000000b44
Event: 172.174 Thread 0x0000013f26d2fc90 Uncommon trap: reason=unstable_if action=reinterpret pc=0x0000013ecd65a8a4 method=jdk.internal.loader.URLClassPath$FileLoader.findResource(Ljava/lang/String;)Ljava/net/URL; @ 7 c2
Event: 172.174 Thread 0x0000013f26d2fc90 DEOPT PACKING pc=0x0000013ecd65a8a4 sp=0x0000000a7c8fee40
Event: 172.174 Thread 0x0000013f26d2fc90 DEOPT UNPACKING pc=0x0000013ecd030602 sp=0x0000000a7c8feda8 mode 2

Classes loaded (20 events):
Event: 170.914 Loading class sun/java2d/StateTrackable done
Event: 170.914 Loading class sun/java2d/StateTrackableDelegate done
Event: 170.914 Loading class sun/java2d/StateTrackableDelegate$2
Event: 170.914 Loading class sun/java2d/StateTrackableDelegate$2 done
Event: 170.914 Loading class java/awt/image/PixelInterleavedSampleModel
Event: 170.914 Loading class java/awt/image/PixelInterleavedSampleModel done
Event: 170.915 Loading class sun/awt/image/ByteInterleavedRaster
Event: 170.915 Loading class sun/awt/image/ByteComponentRaster
Event: 170.915 Loading class sun/awt/image/ByteComponentRaster done
Event: 170.915 Loading class sun/awt/image/ByteInterleavedRaster done
Event: 170.915 Loading class sun/awt/image/NativeLibLoader
Event: 170.915 Loading class sun/awt/image/NativeLibLoader done
Event: 170.916 Loading class java/awt/Rectangle
Event: 170.916 Loading class java/awt/Shape
Event: 170.916 Loading class java/awt/Shape done
Event: 170.916 Loading class java/awt/geom/Rectangle2D
Event: 170.916 Loading class java/awt/geom/RectangularShape
Event: 170.916 Loading class java/awt/geom/RectangularShape done
Event: 170.916 Loading class java/awt/geom/Rectangle2D done
Event: 170.916 Loading class java/awt/Rectangle done

Classes unloaded (0 events):
No events

Classes redefined (0 events):
No events

Internal exceptions (20 events):
Event: 147.582 Thread 0x0000013f3d6b2bd0 Exception <a 'java/lang/NoSuchMethodError'{0x0000000087b523a0}: 'float java.lang.invoke.DirectMethodHandle$Holder.invokeStatic(java.lang.Object, java.lang.Object)'> (0x0000000087b523a0) 
thrown [s\open\src\hotspot\share\interpreter\linkResolver.cpp, line 805]
Event: 147.582 Thread 0x0000013f3d6b2bd0 Exception <a 'java/lang/NoSuchMethodError'{0x0000000087b61cb8}: 'double java.lang.invoke.DirectMethodHandle$Holder.invokeStatic(java.lang.Object, java.lang.Object)'> (0x0000000087b61cb8) 
thrown [s\open\src\hotspot\share\interpreter\linkResolver.cpp, line 805]
Event: 147.585 Thread 0x0000013f3d6b2bd0 Exception <a 'java/lang/NoSuchMethodError'{0x0000000087bece18}: 'void java.lang.invoke.DirectMethodHandle$Holder.invokeStaticInit(java.lang.Object, java.lang.Object, java.lang.Object, java.lang.Object)'> (0x0000000087bece18) 
thrown [s\open\src\hotspot\share\interpreter\linkResolver.cpp, line 805]
Event: 147.617 Thread 0x0000013f3d6b2bd0 Exception <a 'java/lang/NoSuchMethodError'{0x0000000087881430}: 'void java.lang.invoke.DirectMethodHandle$Holder.invokeInterface(java.lang.Object, java.lang.Object, java.lang.Object)'> (0x0000000087881430) 
thrown [s\open\src\hotspot\share\interpreter\linkResolver.cpp, line 805]
Event: 147.622 Thread 0x0000013f3d6b2bd0 Exception <a 'java/lang/NoSuchMethodError'{0x000000008771e548}: 'java.lang.Object java.lang.invoke.DirectMethodHandle$Holder.invokeInterface(java.lang.Object, java.lang.Object, java.lang.Object, java.lang.Object)'> (0x000000008771e548) 
thrown [s\open\src\hotspot\share\interpreter\linkResolver.cpp, line 805]
Event: 147.628 Thread 0x0000013f3d6b2bd0 Exception <a 'java/lang/NoSuchMethodError'{0x0000000087794bd0}: 'int java.lang.invoke.DirectMethodHandle$Holder.invokeVirtual(java.lang.Object, java.lang.Object)'> (0x0000000087794bd0) 
thrown [s\open\src\hotspot\share\interpreter\linkResolver.cpp, line 805]
Event: 147.631 Thread 0x0000013f3d6b2bd0 Exception <a 'java/lang/NoSuchMethodError'{0x00000000877d8c68}: 'java.lang.Object java.lang.invoke.DirectMethodHandle$Holder.newInvokeSpecial(java.lang.Object, java.lang.Object, java.lang.Object, int)'> (0x00000000877d8c68) 
thrown [s\open\src\hotspot\share\interpreter\linkResolver.cpp, line 805]
Event: 147.631 Thread 0x0000013f3d6b2bd0 Exception <a 'java/lang/NoSuchMethodError'{0x00000000877e0ea8}: 'java.lang.Object java.lang.invoke.Invokers$Holder.linkToTargetMethod(java.lang.Object, java.lang.Object, int, java.lang.Object)'> (0x00000000877e0ea8) 
thrown [s\open\src\hotspot\share\interpreter\linkResolver.cpp, line 805]
Event: 147.639 Thread 0x0000013f3d6b2bd0 Exception <a 'java/lang/NoSuchMethodError'{0x00000000876ac818}: 'java.lang.Object java.lang.invoke.DirectMethodHandle$Holder.newInvokeSpecial(java.lang.Object, long, java.lang.Object, java.lang.Object)'> (0x00000000876ac818) 
thrown [s\open\src\hotspot\share\interpreter\linkResolver.cpp, line 805]
Event: 147.658 Thread 0x0000013f3d6b2bd0 Exception <a 'java/lang/NoSuchMethodError'{0x0000000087437cb0}: 'void java.lang.invoke.DirectMethodHandle$Holder.invokeStaticInit(java.lang.Object, java.lang.Object, java.lang.Object, java.lang.Object, java.lang.Object)'> (0x0000000087437cb0) 
thrown [s\open\src\hotspot\share\interpreter\linkResolver.cpp, line 805]
Event: 147.672 Thread 0x0000013f3d6b2bd0 Exception <a 'java/lang/NoSuchMethodError'{0x00000000873ce2c8}: 'java.lang.Object java.lang.invoke.DirectMethodHandle$Holder.invokeStatic(java.lang.Object, java.lang.Object, long)'> (0x00000000873ce2c8) 
thrown [s\open\src\hotspot\share\interpreter\linkResolver.cpp, line 805]
Event: 147.696 Thread 0x0000013f3d6b2bd0 Exception <a 'java/lang/NoSuchMethodError'{0x000000008b320570}: 'long java.lang.invoke.DirectMethodHandle$Holder.invokeSpecial(java.lang.Object, java.lang.Object)'> (0x000000008b320570) 
thrown [s\open\src\hotspot\share\interpreter\linkResolver.cpp, line 805]
Event: 147.716 Thread 0x0000013f3d6b2bd0 Exception <a 'java/lang/NoSuchMethodError'{0x000000008b2f1130}: 'java.lang.Object java.lang.invoke.DirectMethodHandle$Holder.newInvokeSpecial(java.lang.Object, java.lang.Object, int, int)'> (0x000000008b2f1130) 
thrown [s\open\src\hotspot\share\interpreter\linkResolver.cpp, line 805]
Event: 147.733 Thread 0x0000013f3d6b2bd0 Exception <a 'java/lang/NoSuchMethodError'{0x000000008b02dd20}: 'java.lang.Object java.lang.invoke.DirectMethodHandle$Holder.invokeVirtual(java.lang.Object, java.lang.Object, int)'> (0x000000008b02dd20) 
thrown [s\open\src\hotspot\share\interpreter\linkResolver.cpp, line 805]
Event: 148.276 Thread 0x0000013f3d6b2bd0 Exception <a 'java/lang/NoSuchMethodError'{0x000000008b3d1ee8}: 'void java.lang.invoke.DirectMethodHandle$Holder.invokeStaticInit(java.lang.Object, java.lang.Object, java.lang.Object)'> (0x000000008b3d1ee8) 
thrown [s\open\src\hotspot\share\interpreter\linkResolver.cpp, line 805]
Event: 148.851 Thread 0x0000013f3d6b2bd0 Exception <a 'java/lang/NoSuchMethodError'{0x0000000087f07d80}: 'void java.lang.invoke.DirectMethodHandle$Holder.invokeInterface(java.lang.Object, java.lang.Object)'> (0x0000000087f07d80) 
thrown [s\open\src\hotspot\share\interpreter\linkResolver.cpp, line 805]
Event: 148.852 Thread 0x0000013f3d6b3a70 Exception <a 'java/lang/InterruptedException'{0x0000000087f59388}: sleep interrupted> (0x0000000087f59388) 
thrown [s\open\src\hotspot\share\prims\jvm.cpp, line 2955]
Event: 158.475 Thread 0x0000013f20b638d0 Exception <a 'java/lang/NoSuchMethodError'{0x0000000087e5c668}: 'java.lang.Object java.lang.invoke.DirectMethodHandle$Holder.newInvokeSpecial(java.lang.Object, java.lang.Object, int, int, int, int, int, java.lang.Object)'> (0x0000000087e5c668) 
thrown [s\open\src\hotspot\share\interpreter\linkResolver.cpp, line 805]
Event: 158.478 Thread 0x0000013f20b638d0 Exception <a 'java/lang/NoSuchMethodError'{0x0000000087e80e48}: 'java.lang.Object java.lang.invoke.DirectMethodHandle$Holder.newInvokeSpecial(java.lang.Object, java.lang.Object, java.lang.Object, int, int, int, int, int)'> (0x0000000087e80e48) 
thrown [s\open\src\hotspot\share\interpreter\linkResolver.cpp, line 805]
Event: 158.479 Thread 0x0000013f20b638d0 Exception <a 'java/lang/NoSuchMethodError'{0x0000000087eb4ed8}: 'java.lang.Object java.lang.invoke.Invokers$Holder.linkToTargetMethod(java.lang.Object, java.lang.Object, int, int, int, int, int, java.lang.Object)'> (0x0000000087eb4ed8) 
thrown [s\open\src\hotspot\share\interpreter\linkResolver.cpp, line 805]

VM Operations (20 events):
Event: 167.302 Executing VM operation: G1CollectForAllocation (G1 Evacuation Pause)
Event: 167.304 Executing VM operation: G1CollectForAllocation (G1 Evacuation Pause) done
Event: 167.468 Executing VM operation: G1CollectForAllocation (G1 Evacuation Pause)
Event: 167.471 Executing VM operation: G1CollectForAllocation (G1 Evacuation Pause) done
Event: 167.481 Executing VM operation: G1TryInitiateConcMark (G1 Humongous Allocation)
Event: 167.483 Executing VM operation: G1TryInitiateConcMark (G1 Humongous Allocation) done
Event: 167.488 Executing VM operation: G1PauseRemark
Event: 167.508 Executing VM operation: G1PauseRemark done
Event: 167.510 Executing VM operation: G1PauseCleanup
Event: 167.515 Executing VM operation: G1PauseCleanup done
Event: 167.748 Executing VM operation: G1CollectForAllocation (G1 Evacuation Pause)
Event: 167.750 Executing VM operation: G1CollectForAllocation (G1 Evacuation Pause) done
Event: 173.185 Executing VM operation: G1CollectForAllocation (G1 Evacuation Pause)
Event: 173.190 Executing VM operation: G1CollectForAllocation (G1 Evacuation Pause) done
Event: 173.195 Executing VM operation: G1TryInitiateConcMark (G1 Humongous Allocation)
Event: 173.197 Executing VM operation: G1TryInitiateConcMark (G1 Humongous Allocation) done
Event: 173.207 Executing VM operation: G1PauseRemark
Event: 173.209 Executing VM operation: G1PauseRemark done
Event: 173.213 Executing VM operation: G1PauseCleanup
Event: 173.213 Executing VM operation: G1PauseCleanup done

Memory protections (0 events):
No events

Nmethod flushes (20 events):
Event: 173.209 Thread 0x0000013ed9ff19d0 flushing  nmethod 0x0000013ec5a91888
Event: 173.209 Thread 0x0000013ed9ff19d0 flushing  nmethod 0x0000013ec5ae6c88
Event: 173.209 Thread 0x0000013ed9ff19d0 flushing  nmethod 0x0000013ec5aec788
Event: 173.209 Thread 0x0000013ed9ff19d0 flushing  nmethod 0x0000013ec5b14908
Event: 173.209 Thread 0x0000013ed9ff19d0 flushing  nmethod 0x0000013ec5b5c488
Event: 173.209 Thread 0x0000013ed9ff19d0 flushing  nmethod 0x0000013ec5b5ce88
Event: 173.209 Thread 0x0000013ed9ff19d0 flushing  nmethod 0x0000013ec5b5d788
Event: 173.209 Thread 0x0000013ed9ff19d0 flushing  nmethod 0x0000013ec5b96e88
Event: 173.209 Thread 0x0000013ed9ff19d0 flushing  nmethod 0x0000013ec5b99388
Event: 173.209 Thread 0x0000013ed9ff19d0 flushing  nmethod 0x0000013ec5d13b88
Event: 173.209 Thread 0x0000013ed9ff19d0 flushing  nmethod 0x0000013ec5e67d88
Event: 173.209 Thread 0x0000013ed9ff19d0 flushing  nmethod 0x0000013ec5f2ae08
Event: 173.209 Thread 0x0000013ed9ff19d0 flushing  nmethod 0x0000013ec6020388
Event: 173.209 Thread 0x0000013ed9ff19d0 flushing  nmethod 0x0000013ec6020e08
Event: 173.209 Thread 0x0000013ed9ff19d0 flushing  nmethod 0x0000013ec6021108
Event: 173.209 Thread 0x0000013ed9ff19d0 flushing  nmethod 0x0000013ec605b708
Event: 173.209 Thread 0x0000013ed9ff19d0 flushing  nmethod 0x0000013ec6061308
Event: 173.209 Thread 0x0000013ed9ff19d0 flushing  nmethod 0x0000013ec6066108
Event: 173.209 Thread 0x0000013ed9ff19d0 flushing  nmethod 0x0000013ec60be108
Event: 173.209 Thread 0x0000013ed9ff19d0 flushing  nmethod 0x0000013ec65dfe08

Events (20 events):
Event: 148.807 Thread 0x0000013f2fcbc8e0 Thread exited: 0x0000013f2fcbc8e0
Event: 148.852 Thread 0x0000013f3d6b3a70 Thread exited: 0x0000013f3d6b3a70
Event: 153.896 Thread 0x0000013f2fcb84d0 Thread exited: 0x0000013f2fcb84d0
Event: 156.881 Thread 0x0000013eda89c360 Thread added: 0x0000013f2fcbb9c0
Event: 156.882 Thread 0x0000013eda89c360 Thread added: 0x0000013f2fcb84d0
Event: 156.883 Thread 0x0000013eda89c360 Thread added: 0x0000013f2fcb93f0
Event: 165.659 Thread 0x0000013f2fcb93f0 Thread exited: 0x0000013f2fcb93f0
Event: 165.659 Thread 0x0000013f2fcb84d0 Thread exited: 0x0000013f2fcb84d0
Event: 166.921 Thread 0x0000013f2fcbb9c0 Thread exited: 0x0000013f2fcbb9c0
Event: 167.190 Thread 0x0000013eda89c360 Thread added: 0x0000013f2fcb84d0
Event: 167.216 Thread 0x0000013eda894820 Thread added: 0x0000013f2fcbaaa0
Event: 167.216 Thread 0x0000013eda894820 Thread added: 0x0000013f2fcbc8e0
Event: 167.474 Thread 0x0000013f20b638d0 Thread added: 0x0000013f3d6b3a70
Event: 170.834 Thread 0x0000013f20b638d0 Thread added: 0x0000013f3d6b7c40
Event: 170.835 Thread 0x0000013f2fcbc8e0 Thread exited: 0x0000013f2fcbc8e0
Event: 170.835 Thread 0x0000013f2fcbaaa0 Thread exited: 0x0000013f2fcbaaa0
Event: 170.927 Thread 0x0000013eda894820 Thread added: 0x0000013f2fcbaaa0
Event: 170.929 Thread 0x0000013f2fcbaaa0 Thread added: 0x0000013f2fcb93f0
Event: 171.091 Thread 0x0000013f2fcb93f0 Thread exited: 0x0000013f2fcb93f0
Event: 171.171 Thread 0x0000013f2fcbaaa0 Thread exited: 0x0000013f2fcbaaa0


Dynamic libraries:
0x00007ff6af770000 - 0x00007ff6af780000 	C:\Program Files\Java\jdk-24\bin\java.exe
0x00007ffc20600000 - 0x00007ffc20868000 	C:\WINDOWS\SYSTEM32\ntdll.dll
0x00007ffc1ed20000 - 0x00007ffc1ede9000 	C:\WINDOWS\System32\KERNEL32.DLL
0x00007ffc1df10000 - 0x00007ffc1e302000 	C:\WINDOWS\System32\KERNELBASE.dll
0x00007ffc1d840000 - 0x00007ffc1d98b000 	C:\WINDOWS\System32\ucrtbase.dll
0x00007ffbe9040000 - 0x00007ffbe905b000 	C:\Program Files\Java\jdk-24\bin\VCRUNTIME140.dll
0x00007ffbe9020000 - 0x00007ffbe9036000 	C:\Program Files\Java\jdk-24\bin\jli.dll
0x00007ffc1f2a0000 - 0x00007ffc1f465000 	C:\WINDOWS\System32\USER32.dll
0x00007ffc1dc30000 - 0x00007ffc1dc57000 	C:\WINDOWS\System32\win32u.dll
0x00007ffbfe440000 - 0x00007ffbfe6d3000 	C:\WINDOWS\WinSxS\amd64_microsoft.windows.common-controls_6595b64144ccf1df_6.0.26100.6899_none_3e0efeeae32e88c1\COMCTL32.dll
0x00007ffc1e490000 - 0x00007ffc1e4bb000 	C:\WINDOWS\System32\GDI32.dll
0x00007ffc1e3d0000 - 0x00007ffc1e479000 	C:\WINDOWS\System32\msvcrt.dll
0x00007ffc1dc60000 - 0x00007ffc1dd8d000 	C:\WINDOWS\System32\gdi32full.dll
0x00007ffc1d790000 - 0x00007ffc1d833000 	C:\WINDOWS\System32\msvcp_win.dll
0x00007ffc1ff40000 - 0x00007ffc1ff6f000 	C:\WINDOWS\System32\IMM32.DLL
0x00007ffbe9010000 - 0x00007ffbe901c000 	C:\Program Files\Java\jdk-24\bin\vcruntime140_1.dll
0x00007ffbc8fa0000 - 0x00007ffbc902e000 	C:\Program Files\Java\jdk-24\bin\msvcp140.dll
0x00007ffb37e50000 - 0x00007ffb38bf1000 	C:\Program Files\Java\jdk-24\bin\server\jvm.dll
0x00007ffc1edf0000 - 0x00007ffc1eea4000 	C:\WINDOWS\System32\ADVAPI32.dll
0x00007ffc1f120000 - 0x00007ffc1f1c6000 	C:\WINDOWS\System32\sechost.dll
0x00007ffc1e950000 - 0x00007ffc1ea68000 	C:\WINDOWS\System32\RPCRT4.dll
0x00007ffc1f1d0000 - 0x00007ffc1f244000 	C:\WINDOWS\System32\WS2_32.dll
0x00007ffc1c3c0000 - 0x00007ffc1c41e000 	C:\WINDOWS\SYSTEM32\POWRPROF.dll
0x00007ffc15580000 - 0x00007ffc155b5000 	C:\WINDOWS\SYSTEM32\WINMM.dll
0x00007ffc15600000 - 0x00007ffc1560b000 	C:\WINDOWS\SYSTEM32\VERSION.dll
0x00007ffc1c3a0000 - 0x00007ffc1c3b4000 	C:\WINDOWS\SYSTEM32\UMPDC.dll
0x00007ffc1c680000 - 0x00007ffc1c69b000 	C:\WINDOWS\SYSTEM32\kernel.appcore.dll
0x00007ffbe9000000 - 0x00007ffbe900a000 	C:\Program Files\Java\jdk-24\bin\jimage.dll
0x00007ffc1ae30000 - 0x00007ffc1b072000 	C:\WINDOWS\SYSTEM32\DBGHELP.DLL
0x00007ffc1fbc0000 - 0x00007ffc1ff3b000 	C:\WINDOWS\System32\combase.dll
0x00007ffc1eeb0000 - 0x00007ffc1ef87000 	C:\WINDOWS\System32\OLEAUT32.dll
0x00007ffc052e0000 - 0x00007ffc0531c000 	C:\WINDOWS\SYSTEM32\dbgcore.DLL
0x00007ffc1d990000 - 0x00007ffc1da28000 	C:\WINDOWS\System32\bcryptPrimitives.dll
0x00007ffbe40b0000 - 0x00007ffbe40ce000 	C:\Program Files\Java\jdk-24\bin\java.dll
0x00007ffc1e4c0000 - 0x00007ffc1e658000 	C:\WINDOWS\System32\ole32.dll
0x00007ffc1f470000 - 0x00007ffc1fbbd000 	C:\WINDOWS\System32\SHELL32.dll
0x00007ffc1da30000 - 0x00007ffc1db9b000 	C:\WINDOWS\System32\wintypes.dll
0x00007ffc1b400000 - 0x00007ffc1bc5d000 	C:\WINDOWS\SYSTEM32\windows.storage.dll
0x00007ffc1ef90000 - 0x00007ffc1f082000 	C:\WINDOWS\System32\SHCORE.dll
0x00007ffc1f0b0000 - 0x00007ffc1f112000 	C:\WINDOWS\System32\shlwapi.dll
0x00007ffc1d6b0000 - 0x00007ffc1d6d9000 	C:\WINDOWS\SYSTEM32\profapi.dll
0x00007ffba9700000 - 0x00007ffba97d7000 	C:\Program Files\Java\jdk-24\bin\jsvml.dll
0x00007ffbe8ff0000 - 0x00007ffbe9000000 	C:\Program Files\Java\jdk-24\bin\net.dll
0x00007ffc1cbf0000 - 0x00007ffc1cc5b000 	C:\WINDOWS\system32\mswsock.dll
0x00007ffbe4090000 - 0x00007ffbe40a6000 	C:\Program Files\Java\jdk-24\bin\nio.dll
0x00007ffbe3f80000 - 0x00007ffbe3f97000 	C:\Program Files\Java\jdk-24\bin\zip.dll
0x0000013ebc740000 - 0x0000013ebc743000 	C:\Users\priya\.openjfx\cache\21.0.5+1\amd64\api-ms-win-core-console-l1-1-0.dll
0x0000013ebc750000 - 0x0000013ebc753000 	C:\Users\priya\.openjfx\cache\21.0.5+1\amd64\api-ms-win-core-console-l1-2-0.dll
0x0000013ebc760000 - 0x0000013ebc763000 	C:\Users\priya\.openjfx\cache\21.0.5+1\amd64\api-ms-win-core-datetime-l1-1-0.dll
0x0000013ebc770000 - 0x0000013ebc773000 	C:\Users\priya\.openjfx\cache\21.0.5+1\amd64\api-ms-win-core-debug-l1-1-0.dll
0x0000013ebc780000 - 0x0000013ebc783000 	C:\Users\priya\.openjfx\cache\21.0.5+1\amd64\api-ms-win-core-errorhandling-l1-1-0.dll
0x0000013ebc790000 - 0x0000013ebc794000 	C:\Users\priya\.openjfx\cache\21.0.5+1\amd64\api-ms-win-core-file-l1-1-0.dll
0x0000013ebc7a0000 - 0x0000013ebc7a3000 	C:\Users\priya\.openjfx\cache\21.0.5+1\amd64\api-ms-win-core-file-l1-2-0.dll
0x0000013ebd0c0000 - 0x0000013ebd0c3000 	C:\Users\priya\.openjfx\cache\21.0.5+1\amd64\api-ms-win-core-file-l2-1-0.dll
0x0000013edadf0000 - 0x0000013edadf3000 	C:\Users\priya\.openjfx\cache\21.0.5+1\amd64\api-ms-win-core-handle-l1-1-0.dll
0x0000013edae00000 - 0x0000013edae03000 	C:\Users\priya\.openjfx\cache\21.0.5+1\amd64\api-ms-win-core-heap-l1-1-0.dll
0x0000013edae10000 - 0x0000013edae13000 	C:\Users\priya\.openjfx\cache\21.0.5+1\amd64\api-ms-win-core-interlocked-l1-1-0.dll
0x0000013edae20000 - 0x0000013edae23000 	C:\Users\priya\.openjfx\cache\21.0.5+1\amd64\api-ms-win-core-libraryloader-l1-1-0.dll
0x0000013edae30000 - 0x0000013edae33000 	C:\Users\priya\.openjfx\cache\21.0.5+1\amd64\api-ms-win-core-localization-l1-2-0.dll
0x0000013edae40000 - 0x0000013edae43000 	C:\Users\priya\.openjfx\cache\21.0.5+1\amd64\api-ms-win-core-memory-l1-1-0.dll
0x0000013edae50000 - 0x0000013edae53000 	C:\Users\priya\.openjfx\cache\21.0.5+1\amd64\api-ms-win-core-namedpipe-l1-1-0.dll
0x0000013edae60000 - 0x0000013edae63000 	C:\Users\priya\.openjfx\cache\21.0.5+1\amd64\api-ms-win-core-processenvironment-l1-1-0.dll
0x0000013edae70000 - 0x0000013edae73000 	C:\Users\priya\.openjfx\cache\21.0.5+1\amd64\api-ms-win-core-processthreads-l1-1-0.dll
0x0000013edae80000 - 0x0000013edae83000 	C:\Users\priya\.openjfx\cache\21.0.5+1\amd64\api-ms-win-core-processthreads-l1-1-1.dll
0x0000013edae90000 - 0x0000013edae93000 	C:\Users\priya\.openjfx\cache\21.0.5+1\amd64\api-ms-win-core-profile-l1-1-0.dll
0x0000013edaea0000 - 0x0000013edaea3000 	C:\Users\priya\.openjfx\cache\21.0.5+1\amd64\api-ms-win-core-rtlsupport-l1-1-0.dll
0x0000013edaeb0000 - 0x0000013edaeb3000 	C:\Users\priya\.openjfx\cache\21.0.5+1\amd64\api-ms-win-core-string-l1-1-0.dll
0x0000013edaec0000 - 0x0000013edaec3000 	C:\Users\priya\.openjfx\cache\21.0.5+1\amd64\api-ms-win-core-synch-l1-1-0.dll
0x0000013edaed0000 - 0x0000013edaed3000 	C:\Users\priya\.openjfx\cache\21.0.5+1\amd64\api-ms-win-core-synch-l1-2-0.dll
0x0000013edaee0000 - 0x0000013edaee3000 	C:\Users\priya\.openjfx\cache\21.0.5+1\amd64\api-ms-win-core-sysinfo-l1-1-0.dll
0x0000013edaef0000 - 0x0000013edaef3000 	C:\Users\priya\.openjfx\cache\21.0.5+1\amd64\api-ms-win-core-timezone-l1-1-0.dll
0x0000013edaf00000 - 0x0000013edaf03000 	C:\Users\priya\.openjfx\cache\21.0.5+1\amd64\api-ms-win-core-util-l1-1-0.dll
0x0000013edaf10000 - 0x0000013edaf13000 	C:\Users\priya\.openjfx\cache\21.0.5+1\amd64\api-ms-win-crt-conio-l1-1-0.dll
0x0000013edaf20000 - 0x0000013edaf24000 	C:\Users\priya\.openjfx\cache\21.0.5+1\amd64\api-ms-win-crt-convert-l1-1-0.dll
0x0000013edaf30000 - 0x0000013edaf33000 	C:\Users\priya\.openjfx\cache\21.0.5+1\amd64\api-ms-win-crt-environment-l1-1-0.dll
0x0000013edaf40000 - 0x0000013edaf43000 	C:\Users\priya\.openjfx\cache\21.0.5+1\amd64\api-ms-win-crt-filesystem-l1-1-0.dll
0x0000013edaf50000 - 0x0000013edaf53000 	C:\Users\priya\.openjfx\cache\21.0.5+1\amd64\api-ms-win-crt-heap-l1-1-0.dll
0x0000013edaf60000 - 0x0000013edaf63000 	C:\Users\priya\.openjfx\cache\21.0.5+1\amd64\api-ms-win-crt-locale-l1-1-0.dll
0x0000013edaf70000 - 0x0000013edaf75000 	C:\Users\priya\.openjfx\cache\21.0.5+1\amd64\api-ms-win-crt-math-l1-1-0.dll
0x0000013edaf80000 - 0x0000013edaf85000 	C:\Users\priya\.openjfx\cache\21.0.5+1\amd64\api-ms-win-crt-multibyte-l1-1-0.dll
0x0000013edaf90000 - 0x0000013edafa0000 	C:\Users\priya\.openjfx\cache\21.0.5+1\amd64\api-ms-win-crt-private-l1-1-0.dll
0x0000013edafa0000 - 0x0000013edafa3000 	C:\Users\priya\.openjfx\cache\21.0.5+1\amd64\api-ms-win-crt-process-l1-1-0.dll
0x0000013edafb0000 - 0x0000013edafb4000 	C:\Users\priya\.openjfx\cache\21.0.5+1\amd64\api-ms-win-crt-runtime-l1-1-0.dll
0x0000013edafc0000 - 0x0000013edafc4000 	C:\Users\priya\.openjfx\cache\21.0.5+1\amd64\api-ms-win-crt-stdio-l1-1-0.dll
0x0000013edafd0000 - 0x0000013edafd4000 	C:\Users\priya\.openjfx\cache\21.0.5+1\amd64\api-ms-win-crt-string-l1-1-0.dll
0x0000013edafe0000 - 0x0000013edafe3000 	C:\Users\priya\.openjfx\cache\21.0.5+1\amd64\api-ms-win-crt-time-l1-1-0.dll
0x0000013edaff0000 - 0x0000013edaff3000 	C:\Users\priya\.openjfx\cache\21.0.5+1\amd64\api-ms-win-crt-utility-l1-1-0.dll
0x00007ffba11d0000 - 0x00007ffba12cc000 	C:\Users\priya\.openjfx\cache\21.0.5+1\amd64\ucrtbase.dll
0x00007ffbe1dd0000 - 0x00007ffbe1deb000 	C:\Users\priya\.openjfx\cache\21.0.5+1\amd64\vcruntime140.dll
0x00007ffbe4b10000 - 0x00007ffbe4b1c000 	C:\Users\priya\.openjfx\cache\21.0.5+1\amd64\vcruntime140_1.dll
0x00007ffbadc00000 - 0x00007ffbadc8e000 	C:\Users\priya\.openjfx\cache\21.0.5+1\amd64\msvcp140.dll
0x00007ffbe4170000 - 0x00007ffbe4179000 	C:\Users\priya\.openjfx\cache\21.0.5+1\amd64\msvcp140_1.dll
0x00007ffbd5a20000 - 0x00007ffbd5a61000 	C:\Users\priya\.openjfx\cache\21.0.5+1\amd64\msvcp140_2.dll
0x00007ffbdc9f0000 - 0x00007ffbdca20000 	C:\Users\priya\.openjfx\cache\21.0.5+1\amd64\prism_d3d.dll
0x00007ffbd7f00000 - 0x00007ffbd80b0000 	C:\WINDOWS\system32\d3d9.dll
0x00007ffc1a770000 - 0x00007ffc1a79d000 	C:\WINDOWS\SYSTEM32\dwmapi.dll
0x00007ffc1a7d0000 - 0x00007ffc1a814000 	C:\WINDOWS\SYSTEM32\dxcore.dll
0x00007ffc1a2d0000 - 0x00007ffc1a37a000 	C:\WINDOWS\system32\uxtheme.dll
0x00007ffb3d1a0000 - 0x00007ffb3d43f000 	C:\WINDOWS\System32\DriverStore\FileRepository\iigd_dch.inf_amd64_7138826cfb63f3f9\igdumdim64.dll
0x00007ffb36440000 - 0x00007ffb37e48000 	C:\WINDOWS\System32\DriverStore\FileRepository\iigd_dch.inf_amd64_7138826cfb63f3f9\igd9trinity64.dll
0x00007ffc1a630000 - 0x00007ffc1a76b000 	C:\WINDOWS\system32\dxgi.dll
0x00007ffc12380000 - 0x00007ffc1292a000 	C:\WINDOWS\System32\DriverStore\FileRepository\iigd_dch.inf_amd64_7138826cfb63f3f9\igdgmm64.dll
0x00007ffc0cf80000 - 0x00007ffc121f4000 	C:\WINDOWS\System32\DriverStore\FileRepository\iigd_dch.inf_amd64_7138826cfb63f3f9\igc64.dll
0x00007ffc1d450000 - 0x00007ffc1d4a7000 	C:\WINDOWS\SYSTEM32\CFGMGR32.dll
0x00007ffc16020000 - 0x00007ffc16083000 	C:\WINDOWS\SYSTEM32\directxdatabasehelper.dll
0x00007ffb20ac0000 - 0x00007ffb221e4000 	C:\WINDOWS\System32\DriverStore\FileRepository\iigd_dch.inf_amd64_7138826cfb63f3f9\igd9dxva64.dll
0x00007ffc20010000 - 0x00007ffc20498000 	C:\WINDOWS\System32\SETUPAPI.dll
0x00007ffc009d0000 - 0x00007ffc02a50000 	C:\WINDOWS\System32\DriverStore\FileRepository\iigd_dch.inf_amd64_7138826cfb63f3f9\media_bin_64.dll
0x00007ffbc7240000 - 0x00007ffbc7282000 	C:\Users\priya\.openjfx\cache\21.0.5+1\amd64\glass.dll
0x00007ffc204a0000 - 0x00007ffc20593000 	C:\WINDOWS\System32\COMDLG32.dll
0x00007ffc1eb00000 - 0x00007ffc1ec5b000 	C:\WINDOWS\System32\MSCTF.dll
0x00007ffb7ca80000 - 0x00007ffb7cc22000 	C:\WINDOWS\System32\DriverStore\FileRepository\iigd_dch.inf_amd64_7138826cfb63f3f9\igdml64.dll
0x00007ffc0cd50000 - 0x00007ffc0cd78000 	C:\WINDOWS\System32\DriverStore\FileRepository\iigd_dch.inf_amd64_7138826cfb63f3f9\igdinfo64.dll
0x00007ffbdf7d0000 - 0x00007ffbdf7e5000 	C:\Users\priya\.openjfx\cache\21.0.5+1\amd64\javafx_font.dll
0x00007ffc18720000 - 0x00007ffc18987000 	C:\WINDOWS\SYSTEM32\dwrite.dll
0x00007ffc1ec60000 - 0x00007ffc1ed11000 	C:\WINDOWS\System32\clbcatq.dll
0x00007ffc17ac0000 - 0x00007ffc17cf0000 	C:\WINDOWS\SYSTEM32\WindowsCodecs.dll
0x00007ffbd7e60000 - 0x00007ffbd7eba000 	C:\WINDOWS\system32\dataexchange.dll
0x00007ffc0c6d0000 - 0x00007ffc0c915000 	C:\WINDOWS\system32\twinapi.appcore.dll
0x00007ffbd5f40000 - 0x00007ffbd5f6c000 	C:\Program Files\Common Files\Microsoft Shared\Ink\rtscom.dll
0x00007ffc00690000 - 0x00007ffc007da000 	C:\WINDOWS\SYSTEM32\textinputframework.dll
0x00007ffc19040000 - 0x00007ffc19165000 	C:\WINDOWS\SYSTEM32\CoreMessaging.dll
0x00007ffc14110000 - 0x00007ffc143f3000 	C:\WINDOWS\SYSTEM32\CoreUIComponents.dll
0x00007ffc1cec0000 - 0x00007ffc1cecc000 	C:\WINDOWS\SYSTEM32\CRYPTBASE.DLL
0x00007ffbe8820000 - 0x00007ffbe8830000 	C:\Program Files\Java\jdk-24\bin\verify.dll
0x00007ffc1c180000 - 0x00007ffc1c2a6000 	C:\WINDOWS\SYSTEM32\DNSAPI.dll
0x00007ffc1c140000 - 0x00007ffc1c174000 	C:\WINDOWS\SYSTEM32\IPHLPAPI.DLL
0x00007ffc1e480000 - 0x00007ffc1e48a000 	C:\WINDOWS\System32\NSI.dll

JVMTI agents: none

dbghelp: loaded successfully - version: 4.0.5 - missing functions: none
symbol engine: initialized successfully - sym options: 0x614 - pdb path: .;C:\Program Files\Java\jdk-24\bin;C:\WINDOWS\SYSTEM32;C:\WINDOWS\WinSxS\amd64_microsoft.windows.common-controls_6595b64144ccf1df_6.0.26100.6899_none_3e0efeeae32e88c1;C:\Program Files\Java\jdk-24\bin\server;C:\Users\priya\.openjfx\cache\21.0.5+1\amd64;C:\WINDOWS\System32\DriverStore\FileRepository\iigd_dch.inf_amd64_7138826cfb63f3f9;C:\Program Files\Common Files\Microsoft Shared\Ink;C:\WINDOWS\WinSxS\amd64_microsoft.windows.gdiplus_6595b64144ccf1df_1.1.26100.6725_none_6ef34b0e3dc6ea59;C:\Users\priya\AppData\Local\Microsoft\OneDrive\25.189.0928.0002_1;C:\Program Files (x86)\Windows Kits\10\Redist\ucrt\DLLs\x64;C:\Users\priya\.javacpp\cache\openblas-0.3.26-1.5.10-windows-x86_64.jar\org\bytedeco\openblas\windows-x86_64;C:\Users\priya\.javacpp\cache\javacpp-1.5.10-windows-x86_64.jar\org\bytedeco\javacpp\windows-x86_64;C:\Users\priya\.javacpp\cache\opencv-4.9.0-1.5.10-windows-x86_64.jar\org\bytedeco\opencv\windows-x86_64;C:\WINDOWS\System32\DriverStore\FileRepository\nvdmi.inf_amd64_ea066b8d47b1f342

VM Arguments:
jvm_args: --add-modules=javafx.controls,javafx.fxml --enable-native-access=ALL-UNNAMED --module-path=C:\Users\priya\.m2\repository\org\openjfx\javafx-base\21.0.5\javafx-base-21.0.5-win.jar;C:\Users\priya\.m2\repository\org\openjfx\javafx-base\21.0.5\javafx-base-21.0.5.jar;C:\Users\priya\.m2\repository\org\openjfx\javafx-controls\21.0.5\javafx-controls-21.0.5-win.jar;C:\Users\priya\.m2\repository\org\openjfx\javafx-controls\21.0.5\javafx-controls-21.0.5.jar;C:\Users\priya\.m2\repository\org\openjfx\javafx-fxml\21.0.5\javafx-fxml-21.0.5-win.jar;C:\Users\priya\.m2\repository\org\openjfx\javafx-fxml\21.0.5\javafx-fxml-21.0.5.jar;C:\Users\priya\.m2\repository\org\openjfx\javafx-graphics\21.0.5\javafx-graphics-21.0.5-win.jar;C:\Users\priya\.m2\repository\org\openjfx\javafx-graphics\21.0.5\javafx-graphics-21.0.5.jar --add-modules=javafx.base,javafx.controls,javafx.fxml,javafx.graphics 
java_command: com.priya.neurosyncdemo.App
java_class_path (initial): C:\Java IntelliJ Programming\NeurosyncDemo\target\classes;C:\Users\priya\.m2\repository\com\google\protobuf\protobuf-java\3.25.1\protobuf-java-3.25.1.jar;C:\Users\priya\.m2\repository\com\mysql\mysql-connector-j\8.3.0\mysql-connector-j-8.3.0.jar;C:\Users\priya\.m2\repository\com\zaxxer\HikariCP\5.1.0\HikariCP-5.1.0.jar;C:\Users\priya\.m2\repository\commons-codec\commons-codec\1.15\commons-codec-1.15.jar;C:\Users\priya\.m2\repository\commons-logging\commons-logging\1.2\commons-logging-1.2.jar;C:\Users\priya\.m2\repository\io\netty\netty-buffer\4.1.108.Final\netty-buffer-4.1.108.Final.jar;C:\Users\priya\.m2\repository\io\netty\netty-codec\4.1.108.Final\netty-codec-4.1.108.Final.jar;C:\Users\priya\.m2\repository\io\netty\netty-codec-http\4.1.108.Final\netty-codec-http-4.1.108.Final.jar;C:\Users\priya\.m2\repository\io\netty\netty-codec-http2\4.1.108.Final\netty-codec-http2-4.1.108.Final.jar;C:\Users\priya\.m2\repository\io\netty\netty-common\4.1.108.Final\netty-common-4.1.108.Final.jar;C:\Users\priya\.m2\repository\io\netty\netty-handler\4.1.108.Final\netty-handler-4.1.108.Final.jar;C:\Users\priya\.m2\repository\io\netty\netty-resolver\4.1.108.Final\netty-resolver-4.1.108.Final.jar;C:\Users\priya\.m2\repository\io\netty\netty-transport\4.1.108.Final\netty-transport-4.1.108.Final.jar;C:\Users\priya\.m2\repository\io\netty\netty-transport-classes-epoll\4.1.108.Final\netty-transport-classes-epoll-4.1.108.Final.jar;C:\Users\priya\.m2\repository\io\netty\netty-transport-native-unix-common\4.1.108.Final\netty-transport-native-unix-common-4.1.108.Final.jar;C:\Users\priya\.m2\repository\org\apache\httpcomponents\httpclient\4.5.13\httpclient-4.5.13.jar;C:\Users\priya\.m2\repository\org\apache\httpcomponents\httpcore\4.4.13\httpcore-4.4.13.jar;C:\Users\priya\.m2\repository\org\bytedeco\artoolkitplus\2.3.1-1.5.9\artoolkitplus-2.3.1-1.5.9-android-arm.jar;C:\Users\priya\.m2\repository\org\bytedeco\artoolkitplus\2.3.1-1.5.9\artoolkitplus-2.3.1-1.5.9-android-arm64.jar;C:\Users\priya\.m2\repository\org\bytedeco\artoolkitplus\2.3.1-1.5.9\artoolkitplus-2.3.1-1.5.9-android-x86.jar;C:\Users\priya\.m2\repository\org\bytedeco\artoolkitplus\2.3.1-1.5.9\artoolkitplus-2.3.1-1.5.9-android-x86_64.jar;C:\Users\priya\.m2\repository\org\bytedeco\artoolkitplus\2.3.1-1.5.9\artoolkitplus-2.3.1-1.5.9-linux-arm64.jar;C:\Users\priya\.m2\repository\org\bytedeco\artoolkitplus\2.3.1-1.5.9\artoolkitplus-2.3.1-1.5.9-linux-armhf.jar;C:\Users\priya\.m2\repository\org\bytedeco\artoolkitplus\2.3.1-1.5.9\artoolkitplus-2.3.1-1.5.9-linux-ppc64le.jar;C:\Users\priya\.m2\repository\org\bytedeco\artoolkitplus\2.3.1-1.5.9\artoolkitplus-2.3.1-1.5.9-linux-x86.jar;C:\Users\priya\.m2\repository\org\bytedeco\artoolkitplus\2.3.1-1.5.9\artoolkitplus-2.3.1-1.5.9-linux-x86_64.jar;C:\Users\priya\.m2\repository\org\bytedeco\artoolkitplus\2.3.1-1.5.9\artoolkitplus-2.3.1-1.5.9-macosx-x86_64.jar;C:\Users\priya\.m2\repository\org\bytedeco\artoolkitplus\2.3.1-1.5.9\artoolkitplus-2.3.1-1.5.9-windows-x86.jar;C:\Users\priya\.m2\repository\org\bytedeco\artoolkitplus\2.3.1-1.5.9\artoolkitplus-2.3.1-1.5.9-windows-x86_64.jar;C:\Users\priya\.m2\repository\org\bytedeco\artoolkitplus\2.3.1-1.5.9\artoolkitplus-2.3.1-1.5.9.jar;C:\Users\priya\.m2\repository\org\bytedeco\artoolkitplus-platform\2.3.1-1.5.9\artoolkitplus-platform-2.3.1-1.5.9.jar;C:\Users\priya\.m2\repository\org\bytedeco\ffmpeg\6.1.1-1.5.10\ffmpeg-6.1.1-1.5.10-android-arm64.jar;C:\Users\priya\.m2\repository\org\bytedeco\ffmpeg\6.1.1-1.5.10\ffmpeg-6.1.1-1.5.10-android-x86_64.jar;C:\Users\priya\.m2\repository\org\bytedeco\ffmpeg\6.1.1-1.5.10\ffmpeg-6.1.1-1.5.10-linux-arm64.jar;C:\Users\priya\.m2\repository\org\bytedeco\ffmpeg\6.1.1-1.5.10\ffmpeg-6.1.1-1.5.10-linux-ppc64le.jar;C:\Users\priya\.m2\repository\org\bytedeco\ffmpeg\6.1.1-1.5.10\ffmpeg-6.1.1-1.5.10-linux-x86_64.jar;C:\Users\priya\.m2\repository\org\bytedeco\ffmpeg\6.1.1-1.5.10\ffmpeg-6.1.1-1.5.10-macosx-arm64.jar;C:\Users\priya\.m2\repository\org\bytedeco\ffmpeg\6.1.1-1.5.10\ffmpeg-6.1.1-1.5.10-macosx-x86_64.jar;C:\Users\priya\.m2\repository\org\bytedeco\ffmpeg\6.1.1-1.5.10\ffmpeg-6.1.1-1.5.10-windows-x86_64.jar;C:\Users\priya\.m2\repository\org\bytedeco\ffmpeg\6.1.1-1.5.10\ffmpeg-6.1.1-1.5.10.jar;C:\Users\priya\.m2\repository\org\bytedeco\ffmpeg-platform\6.1.1-1.5.10\ffmpeg-platform-6.1.1-1.5.10.jar;C:\Users\priya\.m2\repository\org\bytedeco\flycapture\2.13.3.31-1.5.9\flycapture-2.13.3.31-1.5.9-linux-arm64.jar;C:\Users\priya\.m2\repository\org\bytedeco\flycapture\2.13.3.31-1.5.9\flycapture-2.13.3.31-1.5.9-linux-armhf.jar;C:\Users\priya\.m2\repository\org\bytedeco\flycapture\2.13.3.31-1.5.9\flycapture-2.13.3.31-1.5.9-linux-x86.jar;C:\Users\priya\.m2\repository\org\bytedeco\flycapture\2.13.3.31-1.5.9\flycapture-2.13.3.31-1.5.9-linux-x86_64.jar;C:\Users\priya\.m2\repository\org\bytedeco\flycapture\2.13.3.31-1.5.9\flycapture-2.13.3.31-1.5.9-windows-x86.jar;C:\Users\priya\.m2\repository\org\bytedeco\flycapture\2.13.3.31-1.5.9\flycapture-2.13.3.31-1.5.9-windows-x86_64.jar;C:\Users\priya\.m2\repository\org\bytedeco\flycapture\2.13.3.31-1.5.9\flycapture-2.13.3.31-1.5.9.jar;C:\Users\priya\.m2\repository\org\bytedeco\flycapture-platform\2.13.3.31-1.5.9\flycapture-platform-2.13.3.31-1.5.9.jar;C:\Users\priya\.m2\repository\org\bytedeco\javacpp\1.5.10\javacpp-1.5.10-android-arm64.jar;C:\Users\priya\.m2\repository\org\bytedeco\javacpp\1.5.10\javacpp-1.5.10-android-x86_64.jar;C:\Users\priya\.m2\repository\org\bytedeco\javacpp\1.5.10\javacpp-1.5.10-ios-arm64.jar;C:\Users\priya\.m2\repository\org\bytedeco\javacpp\1.5.10\javacpp-1.5.10-ios-x86_64.jar;C:\Users\priya\.m2\repository\org\bytedeco\javacpp\1.5.10\javacpp-1.5.10-linux-arm64.jar;C:\Users\priya\.m2\repository\org\bytedeco\javacpp\1.5.10\javacpp-1.5.10-linux-ppc64le.jar;C:\Users\priya\.m2\repository\org\bytedeco\javacpp\1.5.10\javacpp-1.5.10-linux-x86_64.jar;C:\Users\priya\.m2\repository\org\bytedeco\javacpp\1.5.10\javacpp-1.5.10-macosx-arm64.jar;C:\Users\priya\.m2\repository\org\bytedeco\javacpp\1.5.10\javacpp-1.5.10-macosx-x86_64.jar;C:\Users\priya\.m2\repository\org\bytedeco\javacpp\1.5.10\javacpp-1.5.10-windows-x86_64.jar;C:\Users\priya\.m2\repository\org\bytedeco\javacpp\1.5.10\javacpp-1.5.10.jar;C:\Users\priya\.m2\repository\org\bytedeco\javacpp-platform\1.5.10\javacpp-platform-1.5.10.jar;C:\Users\priya\.m2\repository\org\bytedeco\javacv\1.5.10\javacv-1.5.10.jar;C:\Users\priya\.m2\repository\org\bytedeco\javacv-platform\1.5.10\javacv-platform-1.5.10.jar;C:\Users\priya\.m2\repository\org\bytedeco\leptonica\1.84.1-1.5.10\leptonica-1.84.1-1.5.10-android-arm64.jar;C:\Users\priya\.m2\repository\org\bytedeco\leptonica\1.84.1-1.5.10\leptonica-1.84.1-1.5.10-android-x86_64.jar;C:\Users\priya\.m2\repository\org\bytedeco\leptonica\1.84.1-1.5.10\leptonica-1.84.1-1.5.10-linux-arm64.jar;C:\Users\priya\.m2\repository\org\bytedeco\leptonica\1.84.1-1.5.10\leptonica-1.84.1-1.5.10-linux-ppc64le.jar;C:\Users\priya\.m2\repository\org\bytedeco\leptonica\1.84.1-1.5.10\leptonica-1.84.1-1.5.10-linux-x86_64.jar;C:\Users\priya\.m2\repository\org\bytedeco\leptonica\1.84.1-1.5.10\leptonica-1.84.1-1.5.10-macosx-arm64.jar;C:\Users\priya\.m2\repository\org\bytedeco\leptonica\1.84.1-1.5.10\leptonica-1.84.1-1.5.10-macosx-x86_64.jar;C:\Users\priya\.m2\repository\org\bytedeco\leptonica\1.84.1-1.5.10\leptonica-1.84.1-1.5.10-windows-x86_64.jar;C:\Users\priya\.m2\repository\org\bytedeco\leptonica\1.84.1-1.5.10\leptonica-1.84.1-1.5.10.jar;C:\Users\priya\.m2\repository\org\bytedeco\leptonica-platform\1.84.1-1.5.10\leptonica-platform-1.84.1-1.5.10.jar;C:\Users\priya\.m2\repository\org\bytedeco\libdc1394\2.2.6-1.5.9\libdc1394-2.2.6-1.5.9-linux-arm64.jar;C:\Users\priya\.m2\repository\org\bytedeco\libdc1394\2.2.6-1.5.9\libdc1394-2.2.6-1.5.9-linux-armhf.jar;C:\Users\priya\.m2\repository\org\bytedeco\libdc1394\2.2.6-1.5.9\libdc1394-2.2.6-1.5.9-linux-ppc64le.jar;C:\Users\priya\.m2\repository\org\bytedeco\libdc1394\2.2.6-1.5.9\libdc1394-2.2.6-1.5.9-linux-x86.jar;C:\Users\priya\.m2\repository\org\bytedeco\libdc1394\2.2.6-1.5.9\libdc1394-2.2.6-1.5.9-linux-x86_64.jar;C:\Users\priya\.m2\repository\org\bytedeco\libdc1394\2.2.6-1.5.9\libdc1394-2.2.6-1.5.9-macosx-x86_64.jar;C:\Users\priya\.m2\repository\org\bytedeco\libdc1394\2.2.6-1.5.9\libdc1394-2.2.6-1.5.9-windows-x86.jar;C:\Users\priya\.m2\repository\org\bytedeco\libdc1394\2.2.6-1.5.9\libdc1394-2.2.6-1.5.9-windows-x86_64.jar;C:\Users\priya\.m2\repository\org\bytedeco\libdc1394\2.2.6-1.5.9\libdc1394-2.2.6-1.5.9.jar;C:\Users\priya\.m2\repository\org\bytedeco\libdc1394-platform\2.2.6-1.5.9\libdc1394-platform-2.2.6-1.5.9.jar;C:\Users\priya\.m2\repository\org\bytedeco\libfreenect\0.5.7-1.5.9\libfreenect-0.5.7-1.5.9-linux-arm64.jar;C:\Users\priya\.m2\repository\org\bytedeco\libfreenect\0.5.7-1.5.9\libfreenect-0.5.7-1.5.9-linux-armhf.jar;C:\Users\priya\.m2\repository\org\bytedeco\libfreenect\0.5.7-1.5.9\libfreenect-0.5.7-1.5.9-linux-ppc64le.jar;C:\Users\priya\.m2\repository\org\bytedeco\libfreenect\0.5.7-1.5.9\libfreenect-0.5.7-1.5.9-linux-x86.jar;C:\Users\priya\.m2\repository\org\bytedeco\libfreenect\0.5.7-1.5.9\libfreenect-0.5.7-1.5.9-linux-x86_64.jar;C:\Users\priya\.m2\repository\org\bytedeco\libfreenect\0.5.7-1.5.9\libfreenect-0.5.7-1.5.9-macosx-x86_64.jar;C:\Users\priya\.m2\repository\org\bytedeco\libfreenect\0.5.7-1.5.9\libfreenect-0.5.7-1.5.9-windows-x86.jar;C:\Users\priya\.m2\repository\org\bytedeco\libfreenect\0.5.7-1.5.9\libfreenect-0.5.7-1.5.9-windows-x86_64.jar;C:\Users\priya\.m2\repository\org\bytedeco\libfreenect\0.5.7-1.5.9\libfreenect-0.5.7-1.5.9.jar;C:\Users\priya\.m2\repository\org\bytedeco\libfreenect-platform\0.5.7-1.5.9\libfreenect-platform-0.5.7-1.5.9.jar;C:\Users\priya\.m2\repository\org\bytedeco\libfreenect2\0.2.0-1.5.9\libfreenect2-0.2.0-1.5.9-linux-x86.jar;C:\Users\priya\.m2\repository\org\bytedeco\libfreenect2\0.2.0-1.5.9\libfreenect2-0.2.0-1.5.9-linux-x86_64.jar;C:\Users\priya\.m2\repository\org\bytedeco\libfreenect2\0.2.0-1.5.9\libfreenect2-0.2.0-1.5.9-macosx-x86_64.jar;C:\Users\priya\.m2\repository\org\bytedeco\libfreenect2\0.2.0-1.5.9\libfreenect2-0.2.0-1.5.9-windows-x86_64.jar;C:\Users\priya\.m2\repository\org\bytedeco\libfreenect2\0.2.0-1.5.9\libfreenect2-0.2.0-1.5.9.jar;C:\Users\priya\.m2\repository\org\bytedeco\libfreenect2-platform\0.2.0-1.5.9\libfreenect2-platform-0.2.0-1.5.9.jar;C:\Users\priya\.m2\repository\org\bytedeco\librealsense\1.12.4-1.5.9\librealsense-1.12.4-1.5.9-linux-arm64.jar;C:\Users\priya\.m2\repository\org\bytedeco\librealsense\1.12.4-1.5.9\librealsense-1.12.4-1.5.9-linux-armhf.jar;C:\Users\priya\.m2\repository\org\bytedeco\librealsense\1.12.4-1.5.9\librealsense-1.12.4-1.5.9-linux-x86.jar;C:\Users\priya\.m2\repository\org\bytedeco\librealsense\1.12.4-1.5.9\librealsense-1.12.4-1.5.9-linux-x86_64.jar;C:\Users\priya\.m2\repository\org\bytedeco\librealsense\1.12.4-1.5.9\librealsense-1.12.4-1.5.9-macosx-x86_64.jar;C:\Users\priya\.m2\repository\org\bytedeco\librealsense\1.12.4-1.5.9\librealsense-1.12.4-1.5.9-windows-x86.jar;C:\Users\priya\.m2\repository\org\bytedeco\librealsense\1.12.4-1.5.9\librealsense-1.12.4-1.5.9-windows-x86_64.jar;C:\Users\priya\.m2\repository\org\bytedeco\librealsense\1.12.4-1.5.9\librealsense-1.12.4-1.5.9.jar;C:\Users\priya\.m2\repository\org\bytedeco\librealsense-platform\1.12.4-1.5.9\librealsense-platform-1.12.4-1.5.9.jar;C:\Users\priya\.m2\repository\org\bytedeco\librealsense2\2.53.1-1.5.9\librealsense2-2.53.1-1.5.9-linux-arm64.jar;C:\Users\priya\.m2\repository\org\bytedeco\librealsense2\2.53.1-1.5.9\librealsense2-2.53.1-1.5.9-linux-armhf.jar;C:\Users\priya\.m2\repository\org\bytedeco\librealsense2\2.53.1-1.5.9\librealsense2-2.53.1-1.5.9-linux-x86.jar;C:\Users\priya\.m2\repository\org\bytedeco\librealsense2\2.53.1-1.5.9\librealsense2-2.53.1-1.5.9-linux-x86_64.jar;C:\Users\priya\.m2\repository\org\bytedeco\librealsense2\2.53.1-1.5.9\librealsense2-2.53.1-1.5.9-macosx-x86_64.jar;C:\Users\priya\.m2\repository\org\bytedeco\librealsense2\2.53.1-1.5.9\librealsense2-2.53.1-1.5.9-windows-x86.jar;C:\Users\priya\.m2\repository\org\bytedeco\librealsense2\2.53.1-1.5.9\librealsense2-2.53.1-1.5.9-windows-x86_64.jar;C:\Users\priya\.m2\repository\org\bytedeco\librealsense2\2.53.1-1.5.9\librealsense2-2.53.1-1.5.9.jar;C:\Users\priya\.m2\repository\org\bytedeco\librealsense2-platform\2.53.1-1.5.9\librealsense2-platform-2.53.1-1.5.9.jar;C:\Users\priya\.m2\repository\org\bytedeco\openblas\0.3.26-1.5.10\openblas-0.3.26-1.5.10-android-arm64.jar;C:\Users\priya\.m2\repository\org\bytedeco\openblas\0.3.26-1.5.10\openblas-0.3.26-1.5.10-android-x86_64.jar;C:\Users\priya\.m2\repository\org\bytedeco\openblas\0.3.26-1.5.10\openblas-0.3.26-1.5.10-ios-arm64.jar;C:\Users\priya\.m2\repository\org\bytedeco\openblas\0.3.26-1.5.10\openblas-0.3.26-1.5.10-ios-x86_64.jar;C:\Users\priya\.m2\repository\org\bytedeco\openblas\0.3.26-1.5.10\openblas-0.3.26-1.5.10-linux-arm64.jar;C:\Users\priya\.m2\repository\org\bytedeco\openblas\0.3.26-1.5.10\openblas-0.3.26-1.5.10-linux-ppc64le.jar;C:\Users\priya\.m2\repository\org\bytedeco\openblas\0.3.26-1.5.10\openblas-0.3.26-1.5.10-linux-x86_64.jar;C:\Users\priya\.m2\repository\org\bytedeco\openblas\0.3.26-1.5.10\openblas-0.3.26-1.5.10-macosx-arm64.jar;C:\Users\priya\.m2\repository\org\bytedeco\openblas\0.3.26-1.5.10\openblas-0.3.26-1.5.10-macosx-x86_64.jar;C:\Users\priya\.m2\repository\org\bytedeco\openblas\0.3.26-1.5.10\openblas-0.3.26-1.5.10-windows-x86_64.jar;C:\Users\priya\.m2\repository\org\bytedeco\openblas\0.3.26-1.5.10\openblas-0.3.26-1.5.10.jar;C:\Users\priya\.m2\repository\org\bytedeco\openblas-platform\0.3.26-1.5.10\openblas-platform-0.3.26-1.5.10.jar;C:\Users\priya\.m2\repository\org\bytedeco\opencv\4.9.0-1.5.10\opencv-4.9.0-1.5.10-android-arm64.jar;C:\Users\priya\.m2\repository\org\bytedeco\opencv\4.9.0-1.5.10\opencv-4.9.0-1.5.10-android-x86_64.jar;C:\Users\priya\.m2\repository\org\bytedeco\opencv\4.9.0-1.5.10\opencv-4.9.0-1.5.10-ios-arm64.jar;C:\Users\priya\.m2\repository\org\bytedeco\opencv\4.9.0-1.5.10\opencv-4.9.0-1.5.10-ios-x86_64.jar;C:\Users\priya\.m2\repository\org\bytedeco\opencv\4.9.0-1.5.10\opencv-4.9.0-1.5.10-linux-arm64.jar;C:\Users\priya\.m2\repository\org\bytedeco\opencv\4.9.0-1.5.10\opencv-4.9.0-1.5.10-linux-ppc64le.jar;C:\Users\priya\.m2\repository\org\bytedeco\opencv\4.9.0-1.5.10\opencv-4.9.0-1.5.10-linux-x86_64.jar;C:\Users\priya\.m2\repository\org\bytedeco\opencv\4.9.0-1.5.10\opencv-4.9.0-1.5.10-macosx-arm64.jar;C:\Users\priya\.m2\repository\org\bytedeco\opencv\4.9.0-1.5.10\opencv-4.9.0-1.5.10-macosx-x86_64.jar;C:\Users\priya\.m2\repository\org\bytedeco\opencv\4.9.0-1.5.10\opencv-4.9.0-1.5.10-windows-x86_64.jar;C:\Users\priya\.m2\repository\org\bytedeco\opencv\4.9.0-1.5.10\opencv-4.9.0-1.5.10.jar;C:\Users\priya\.m2\repository\org\bytedeco\opencv-platform\4.9.0-1.5.10\opencv-platform-4.9.0-1.5.10.jar;C:\Users\priya\.m2\repository\org\bytedeco\tesseract\5.3.4-1.5.10\tesseract-5.3.4-1.5.10-android-arm64.jar;C:\Users\priya\.m2\repository\org\bytedeco\tesseract\5.3.4-1.5.10\tesseract-5.3.4-1.5.10-android-x86_64.jar;C:\Users\priya\.m2\repository\org\bytedeco\tesseract\5.3.4-1.5.10\tesseract-5.3.4-1.5.10-linux-arm64.jar;C:\Users\priya\.m2\repository\org\bytedeco\tesseract\5.3.4-1.5.10\tesseract-5.3.4-1.5.10-linux-ppc64le.jar;C:\Users\priya\.m2\repository\org\bytedeco\tesseract\5.3.4-1.5.10\tesseract-5.3.4-1.5.10-linux-x86_64.jar;C:\Users\priya\.m2\repository\org\bytedeco\tesseract\5.3.4-1.5.10\tesseract-5.3.4-1.5.10-macosx-arm64.jar;C:\Users\priya\.m2\repository\org\bytedeco\tesseract\5.3.4-1.5.10\tesseract-5.3.4-1.5.10-macosx-x86_64.jar;C:\Users\priya\.m2\repository\org\bytedeco\tesseract\5.3.4-1.5.10\tesseract-5.3.4-1.5.10-windows-x86_64.jar;C:\Users\priya\.m2\repository\org\bytedeco\tesseract\5.3.4-1.5.10\tesseract-5.3.4-1.5.10.jar;C:\Users\priya\.m2\repository\org\bytedeco\tesseract-platform\5.3.4-1.5.10\tesseract-platform-5.3.4-1.5.10.jar;C:\Users\priya\.m2\repository\org\bytedeco\videoinput\0.200-1.5.9\videoinput-0.200-1.5.9-windows-x86.jar;C:\Users\priya\.m2\repository\org\bytedeco\videoinput\0.200-1.5.9\videoinput-0.200-1.5.9-windows-x86_64.jar;C:\Users\priya\.m2\repository\org\bytedeco\videoinput\0.200-1.5.9\videoinput-0.200-1.5.9.jar;C:\Users\priya\.m2\repository\org\bytedeco\videoinput-platform\0.200-1.5.9\videoinput-platform-0.200-1.5.9.jar;C:\Users\priya\.m2\repository\org\mindrot\jbcrypt\0.4\jbcrypt-0.4.jar;C:\Users\priya\.m2\repository\org\reactivestreams\reactive-streams\1.0.4\reactive-streams-1.0.4.jar;C:\Users\priya\.m2\repository\org\slf4j\slf4j-api\1.7.36\slf4j-api-1.7.36.jar;C:\Users\priya\.m2\repository\org\slf4j\slf4j-simple\2.0.9\slf4j-simple-2.0.9.jar;C:\Users\priya\.m2\repository\software\amazon\awssdk\annotations\2.25.61\annotations-2.25.61.jar;C:\Users\priya\.m2\repository\software\amazon\awssdk\apache-client\2.25.61\apache-client-2.25.61.jar;C:\Users\priya\.m2\repository\software\amazon\awssdk\auth\2.25.61\auth-2.25.61.jar;C:\Users\priya\.m2\repository\software\amazon\awssdk\aws-core\2.25.61\aws-core-2.25.61.jar;C:\Users\priya\.m2\repository\software\amazon\awssdk\aws-json-protocol\2.25.61\aws-json-protocol-2.25.61.jar;C:\Users\priya\.m2\repository\software\amazon\awssdk\checksums\2.25.61\checksums-2.25.61.jar;C:\Users\priya\.m2\repository\software\amazon\awssdk\checksums-spi\2.25.61\checksums-spi-2.25.61.jar;C:\Users\priya\.m2\repository\software\amazon\awssdk\endpoints-spi\2.25.61\endpoints-spi-2.25.61.jar;C:\Users\priya\.m2\repository\software\amazon\awssdk\http-auth\2.25.61\http-auth-2.25.61.jar;C:\Users\priya\.m2\repository\software\amazon\awssdk\http-auth-aws\2.25.61\http-auth-aws-2.25.61.jar;C:\Users\priya\.m2\repository\software\amazon\awssdk\http-auth-spi\2.25.61\http-auth-spi-2.25.61.jar;C:\Users\priya\.m2\repository\software\amazon\awssdk\http-client-spi\2.25.61\http-client-spi-2.25.61.jar;C:\Users\priya\.m2\repository\software\amazon\awssdk\identity-spi\2.25.61\identity-spi-2.25.61.jar;C:\Users\priya\.m2\repository\software\amazon\awssdk\json-utils\2.25.61\json-utils-2.25.61.jar;C:\Users\priya\.m2\repository\software\amazon\awssdk\metrics-spi\2.25.61\metrics-spi-2.25.61.jar;C:\Users\priya\.m2\repository\software\amazon\awssdk\netty-nio-client\2.25.61\netty-nio-client-2.25.61.jar;C:\Users\priya\.m2\repository\software\amazon\awssdk\profiles\2.25.61\profiles-2.25.61.jar;C:\Users\priya\.m2\repository\software\amazon\awssdk\protocol-core\2.25.61\protocol-core-2.25.61.jar;C:\Users\priya\.m2\repository\software\amazon\awssdk\regions\2.25.61\regions-2.25.61.jar;C:\Users\priya\.m2\repository\software\amazon\awssdk\rekognition\2.25.61\rekognition-2.25.61.jar;C:\Users\priya\.m2\repository\software\amazon\awssdk\sdk-core\2.25.61\sdk-core-2.25.61.jar;C:\Users\priya\.m2\repository\software\amazon\awssdk\third-party-jackson-core\2.25.61\third-party-jackson-core-2.25.61.jar;C:\Users\priya\.m2\repository\software\amazon\awssdk\utils\2.25.61\utils-2.25.61.jar;C:\Users\priya\.m2\repository\software\amazon\eventstream\eventstream\1.0.1\eventstream-1.0.1.jar
Launcher Type: SUN_STANDARD

[Global flags]
     intx CICompilerCount                          = 12                                        {product} {ergonomic}
     uint ConcGCThreads                            = 3                                         {product} {ergonomic}
     uint G1ConcRefinementThreads                  = 13                                        {product} {ergonomic}
   size_t G1HeapRegionSize                         = 1048576                                   {product} {ergonomic}
   size_t InitialHeapSize                          = 130023424                                 {product} {ergonomic}
   size_t MarkStackSize                            = 4194304                                   {product} {ergonomic}
   size_t MarkStackSizeMax                         = 536870912                                 {product} {ergonomic}
   size_t MaxHeapSize                              = 2065694720                                {product} {ergonomic}
   size_t MaxNewSize                               = 1239416832                                {product} {ergonomic}
   size_t MinHeapDeltaBytes                        = 1048576                                   {product} {ergonomic}
   size_t MinHeapSize                              = 8388608                                   {product} {ergonomic}
    uintx NonNMethodCodeHeapSize                   = 7602176                                {pd product} {ergonomic}
    uintx NonProfiledCodeHeapSize                  = 122093568                              {pd product} {ergonomic}
    uintx ProfiledCodeHeapSize                     = 121962496                              {pd product} {ergonomic}
    uintx ReservedCodeCacheSize                    = 251658240                              {pd product} {ergonomic}
     bool SegmentedCodeCache                       = true                                      {product} {ergonomic}
   size_t SoftMaxHeapSize                          = 2065694720                             {manageable} {ergonomic}
     bool UseCompressedOops                        = true                           {product lp64_product} {ergonomic}
     bool UseG1GC                                  = true                                      {product} {ergonomic}
     bool UseLargePagesIndividualAllocation        = false                                  {pd product} {ergonomic}

Logging:
Log output configuration:
 #0: stdout all=warning uptime,level,tags foldmultilines=false
 #1: stderr all=off uptime,level,tags foldmultilines=false

Environment Variables:
PATH=C:\Program Files\Common Files\Oracle\Java\javapath;C:\WINDOWS\system32;C:\WINDOWS;C:\WINDOWS\System32\Wbem;C:\WINDOWS\System32\WindowsPowerShell\v1.0\;C:\WINDOWS\System32\OpenSSH\;C:\Program Files\dotnet\;C:\Program Files (x86)\NVIDIA Corporation\PhysX\Common;C:\Program Files\NVIDIA Corporation\NVIDIA NvDLISR;C:\Program Files\Java\jdk-24\bin;C:\mingw-w64\mingw64\bin;C:\Program Files\nodejs\;C:\ProgramData\chocolatey\bin;C:\Program Files\Git\cmd;C:\Program Files\apache-maven-3.9.11\bin;C:\Program Files\Amazon\AWSCLIV2\;C:\Users\priya\AppData\Local\Programs\Python\Python313\Scripts\;C:\Users\priya\AppData\Local\Programs\Python\Python313\;C:\Users\priya\AppData\Local\Programs\Python\Launcher\;C:\Users\priya\AppData\Local\Microsoft\WindowsApps;C:\Users\priya\AppData\Local\GitHubDesktop\bin;C:\MinGW\bin;C:\Program Files\JetBrains\IntelliJ IDEA Community Edition 2025.2\bin;C:\Users\priya\AppData\Local\Programs\Microsoft VS Code Insiders\bin;C:\Users\priya\AppData\Roaming\npm
USERNAME=priya
OS=Windows_NT
PROCESSOR_IDENTIFIER=Intel64 Family 6 Model 183 Stepping 1, GenuineIntel
TMP=C:\Users\priya\AppData\Local\Temp
TEMP=C:\Users\priya\AppData\Local\Temp




Periodic native trim disabled

---------------  S Y S T E M  ---------------

OS:
 Windows 11 , 64 bit Build 26100 (10.0.26100.6725)
OS uptime: 3 days 3:07 hours
Hyper-V role detected

CPU: total 16 (initial active 16) (8 cores per cpu, 2 threads per core) family 6 model 183 stepping 1 microcode 0x12f, cx8, cmov, fxsr, ht, mmx, 3dnowpref, sse, sse2, sse3, ssse3, sse4.1, sse4.2, popcnt, lzcnt, tsc, tscinvbit, avx, avx2, aes, erms, clmul, bmi1, bmi2, adx, sha, fma, vzeroupper, clflush, clflushopt, clwb, hv, serialize, rdtscp, rdpid, fsrm, gfni, f16c, cet_ibt, cet_ss
Processor Information for processor 0
  Max Mhz: 2400, Current Mhz: 2400, Mhz Limit: 2400
Processor Information for processor 1
  Max Mhz: 2400, Current Mhz: 1520, Mhz Limit: 2400
Processor Information for processor 2
  Max Mhz: 2400, Current Mhz: 2400, Mhz Limit: 2400
Processor Information for processor 3
  Max Mhz: 2400, Current Mhz: 2400, Mhz Limit: 2400
Processor Information for processor 4
  Max Mhz: 2400, Current Mhz: 2400, Mhz Limit: 2400
Processor Information for processor 5
  Max Mhz: 2400, Current Mhz: 2400, Mhz Limit: 2400
Processor Information for processor 6
  Max Mhz: 2400, Current Mhz: 2400, Mhz Limit: 2400
Processor Information for processor 7
  Max Mhz: 2400, Current Mhz: 2400, Mhz Limit: 2400
Processor Information for processor 8
  Max Mhz: 2400, Current Mhz: 2400, Mhz Limit: 2400
Processor Information for processor 9
  Max Mhz: 2400, Current Mhz: 2400, Mhz Limit: 2400
Processor Information for processor 10
  Max Mhz: 2400, Current Mhz: 2400, Mhz Limit: 2400
Processor Information for processor 11
  Max Mhz: 2400, Current Mhz: 2400, Mhz Limit: 2400
Processor Information for processor 12
  Max Mhz: 2400, Current Mhz: 2400, Mhz Limit: 2400
Processor Information for processor 13
  Max Mhz: 2400, Current Mhz: 2400, Mhz Limit: 2400
Processor Information for processor 14
  Max Mhz: 2400, Current Mhz: 2400, Mhz Limit: 2400
Processor Information for processor 15
  Max Mhz: 2400, Current Mhz: 2400, Mhz Limit: 2400

Memory: 4k page, system-wide physical 7876M (765M free)
TotalPageFile size 32452M (AvailPageFile size 2M)
current process WorkingSet (physical memory assigned to process): 809M, peak: 809M
current process commit charge ("private bytes"): 4804M, peak: 4830M

vm_info: Java HotSpot(TM) 64-Bit Server VM (24.0.2+12-54) for windows-amd64 JRE (24.0.2+12-54), built on 2025-07-08T12:10:27Z with MS VC++ 17.6 (VS2022)

END.
