#
# There is insufficient memory for the Java Runtime Environment to continue.
# Native memory allocation (malloc) failed to allocate 6565328 bytes. Error detail: Chunk::new
# Possible reasons:
#   The system is out of physical RAM or swap space
#   This process is running with CompressedOops enabled, and the Java Heap may be blocking the growth of the native heap
# Possible solutions:
#   Reduce memory load on the system
#   Increase physical memory or swap space
#   Check if swap backing store is full
#   Decrease Java heap size (-Xmx/-Xms)
#   Decrease number of Java threads
#   Decrease Java thread stack sizes (-Xss)
#   Set larger code cache with -XX:ReservedCodeCacheSize=
#   JVM is running with Unscaled Compressed Oops mode in which the Java heap is
#     placed in the first 4GB address space. The Java Heap base address is the
#     maximum limit for the native heap growth. Please use -XX:HeapBaseMinAddress
#     to set the Java Heap base and to place the Java Heap above 4GB virtual address.
# This output file may be truncated or incomplete.
#
#  Out of Memory Error (arena.cpp:162), pid=25988, tid=39204
#
# JRE version: Java(TM) SE Runtime Environment (24.0.2+12) (build 24.0.2+12-54)
# Java VM: Java HotSpot(TM) 64-Bit Server VM (24.0.2+12-54, mixed mode, sharing, tiered, compressed oops, compressed class ptrs, g1 gc, windows-amd64)
# No core dump will be written. Minidumps are not enabled by default on client versions of Windows
#

---------------  S U M M A R Y ------------

Command Line: --add-modules=javafx.controls,javafx.fxml --enable-native-access=ALL-UNNAMED --module-path=C:\Users\priya\.m2\repository\org\openjfx\javafx-base\21.0.5\javafx-base-21.0.5-win.jar;C:\Users\priya\.m2\repository\org\openjfx\javafx-base\21.0.5\javafx-base-21.0.5.jar;C:\Users\priya\.m2\repository\org\openjfx\javafx-controls\21.0.5\javafx-controls-21.0.5-win.jar;C:\Users\priya\.m2\repository\org\openjfx\javafx-controls\21.0.5\javafx-controls-21.0.5.jar;C:\Users\priya\.m2\repository\org\openjfx\javafx-fxml\21.0.5\javafx-fxml-21.0.5-win.jar;C:\Users\priya\.m2\repository\org\openjfx\javafx-fxml\21.0.5\javafx-fxml-21.0.5.jar;C:\Users\priya\.m2\repository\org\openjfx\javafx-graphics\21.0.5\javafx-graphics-21.0.5-win.jar;C:\Users\priya\.m2\repository\org\openjfx\javafx-graphics\21.0.5\javafx-graphics-21.0.5.jar --add-modules=javafx.base,javafx.controls,javafx.fxml,javafx.graphics com.priya.neurosyncdemo.App

Host: 13th Gen Intel(R) Core(TM) i5-13450HX, 16 cores, 7G,  Windows 11 , 64 bit Build 26100 (10.0.26100.7019)
Time: Fri Nov  7 07:52:04 2025 India Standard Time elapsed time: 1884.582152 seconds (0d 0h 31m 24s)

---------------  T H R E A D  ---------------

Current thread (0x000001610902ac00):  JavaThread "C2 CompilerThread0" daemon [_thread_in_native, id=39204, stack(0x00000045e3900000,0x00000045e3a00000) (1024K)]


Current CompileTask:
C2:1884582 14538   !   4       sun.security.rsa.RSAPSSSignature::decodeSignature (366 bytes)

Stack: [0x00000045e3900000,0x00000045e3a00000]
Native frames: (J=compiled Java code, j=interpreted, Vv=VM code, C=native code)
V  [jvm.dll+0x730829]  (no source info available)
V  [jvm.dll+0x8d9da3]  (no source info available)
V  [jvm.dll+0x8dc28d]  (no source info available)
V  [jvm.dll+0x8dc903]  (no source info available)
V  [jvm.dll+0x2a9f56]  (no source info available)
V  [jvm.dll+0xced7f]  (no source info available)
V  [jvm.dll+0xcefdf]  (no source info available)
V  [jvm.dll+0x154c83]  (no source info available)
V  [jvm.dll+0x73604f]  (no source info available)
V  [jvm.dll+0x26f8dc]  (no source info available)
V  [jvm.dll+0x26e8ff]  (no source info available)
V  [jvm.dll+0x1e9c90]  (no source info available)
V  [jvm.dll+0x27e0cb]  (no source info available)
V  [jvm.dll+0x27c36a]  (no source info available)
V  [jvm.dll+0x42f396]  (no source info available)
V  [jvm.dll+0x87d9eb]  (no source info available)
V  [jvm.dll+0x72ef45]  (no source info available)
C  [ucrtbase.dll+0x37b0]  (no source info available)
C  [KERNEL32.DLL+0x2e8d7]  (no source info available)
C  [ntdll.dll+0x8c53c]  (no source info available)

Lock stack of current Java thread (top to bottom):


---------------  P R O C E S S  ---------------

Threads class SMR info:
_java_thread_list=0x000001610e254980, length=21, elements={
0x0000016109016010, 0x0000016109016750, 0x0000016109018ea0, 0x000001610901ab10,
0x0000016109025a60, 0x0000016109029da0, 0x000001610902ac00, 0x000001610902d3a0,
0x00000161091e4f10, 0x000001610963eda0, 0x000001610e312150, 0x000001610e907d80,
0x0000016114046810, 0x000001611457e850, 0x000001611457bc70, 0x000001611457c3c0,
0x000001611457d9b0, 0x00000161095b8190, 0x00000161095b5d00, 0x00000161095b88e0,
0x00000161095bcab0
}

Java Threads: ( => current thread )
  0x0000016109016010 JavaThread "Reference Handler"          daemon [_thread_blocked, id=27284, stack(0x00000045e3300000,0x00000045e3400000) (1024K)]
  0x0000016109016750 JavaThread "Finalizer"                  daemon [_thread_blocked, id=37596, stack(0x00000045e3400000,0x00000045e3500000) (1024K)]
  0x0000016109018ea0 JavaThread "Signal Dispatcher"          daemon [_thread_blocked, id=23788, stack(0x00000045e3500000,0x00000045e3600000) (1024K)]
  0x000001610901ab10 JavaThread "Attach Listener"            daemon [_thread_blocked, id=4364, stack(0x00000045e3600000,0x00000045e3700000) (1024K)]
  0x0000016109025a60 JavaThread "Service Thread"             daemon [_thread_blocked, id=11740, stack(0x00000045e3700000,0x00000045e3800000) (1024K)]
  0x0000016109029da0 JavaThread "Monitor Deflation Thread"   daemon [_thread_blocked, id=9992, stack(0x00000045e3800000,0x00000045e3900000) (1024K)]
=>0x000001610902ac00 JavaThread "C2 CompilerThread0"         daemon [_thread_in_native, id=39204, stack(0x00000045e3900000,0x00000045e3a00000) (1024K)]
  0x000001610902d3a0 JavaThread "C1 CompilerThread0"         daemon [_thread_blocked, id=12396, stack(0x00000045e3a00000,0x00000045e3b00000) (1024K)]
  0x00000161091e4f10 JavaThread "Common-Cleaner"             daemon [_thread_blocked, id=34956, stack(0x00000045e3d00000,0x00000045e3e00000) (1024K)]
  0x000001610963eda0 JavaThread "Notification Thread"        daemon [_thread_blocked, id=7256, stack(0x00000045e4300000,0x00000045e4400000) (1024K)]
  0x000001610e312150 JavaThread "InvokeLaterDispatcher"      daemon [_thread_blocked, id=35648, stack(0x00000045e3e00000,0x00000045e3f00000) (1024K)]
  0x000001610e907d80 JavaThread "Thread-2"                   daemon [_thread_in_native, id=27876, stack(0x00000045e5600000,0x00000045e5700000) (1024K)]
  0x0000016114046810 JavaThread "Prism Font Disposer"        daemon [_thread_blocked, id=10468, stack(0x00000045e6300000,0x00000045e6400000) (1024K)]
  0x000001611457e850 JavaThread "Cleaner-0"                  daemon [_thread_blocked, id=24908, stack(0x00000045e3f00000,0x00000045e4000000) (1024K)]
  0x000001611457bc70 JavaThread "mysql-cj-abandoned-connection-cleanup" daemon [_thread_blocked, id=27176, stack(0x00000045e3b00000,0x00000045e3c00000) (1024K)]
  0x000001611457c3c0 JavaThread "HikariPool-1 housekeeper"   daemon [_thread_blocked, id=19744, stack(0x00000045e6700000,0x00000045e6800000) (1024K)]
  0x000001611457d9b0 JavaThread "JavaCPP Deallocator"        daemon [_thread_blocked, id=19568, stack(0x00000045e7b00000,0x00000045e7c00000) (1024K)]
  0x00000161095b8190 JavaThread "camera-loop"                daemon [_thread_in_Java, id=34880, stack(0x00000045e9900000,0x00000045e9a00000) (1024K)]
  0x00000161095b5d00 JavaThread "pool-3-thread-1"                   [_thread_blocked, id=18600, stack(0x00000045e2900000,0x00000045e2a00000) (1024K)]
  0x00000161095b88e0 JavaThread "Java2D Disposer"            daemon [_thread_blocked, id=8608, stack(0x00000045e9d00000,0x00000045e9e00000) (1024K)]
  0x00000161095bcab0 JavaThread "DestroyJavaVM"                     [_thread_blocked, id=17696, stack(0x00000045e2b00000,0x00000045e2c00000) (1024K)]
Total: 21

Other Threads:
  0x0000016109006a10 VMThread "VM Thread"                           [id=20316, stack(0x00000045e3200000,0x00000045e3300000) (1024K)]
  0x00000160c7ada3f0 WatcherThread "VM Periodic Task Thread"        [id=18564, stack(0x00000045e3100000,0x00000045e3200000) (1024K)]
  0x00000160aa705430 WorkerThread "GC Thread#0"                     [id=3860, stack(0x00000045e2c00000,0x00000045e2d00000) (1024K)]
  0x000001610e8cf6f0 WorkerThread "GC Thread#1"                     [id=29676, stack(0x00000045e5b00000,0x00000045e5c00000) (1024K)]
  0x000001610e8cfaa0 WorkerThread "GC Thread#2"                     [id=2080, stack(0x00000045e5c00000,0x00000045e5d00000) (1024K)]
  0x000001610e8cfe50 WorkerThread "GC Thread#3"                     [id=40396, stack(0x00000045e5d00000,0x00000045e5e00000) (1024K)]
  0x000001610e8ce830 WorkerThread "GC Thread#4"                     [id=20008, stack(0x00000045e5e00000,0x00000045e5f00000) (1024K)]
  0x000001610e8cebe0 WorkerThread "GC Thread#5"                     [id=24840, stack(0x00000045e5f00000,0x00000045e6000000) (1024K)]
  0x0000016109576a80 WorkerThread "GC Thread#6"                     [id=37880, stack(0x00000045e5900000,0x00000045e5a00000) (1024K)]
  0x0000016109575810 WorkerThread "GC Thread#7"                     [id=3212, stack(0x00000045e5a00000,0x00000045e5b00000) (1024K)]
  0x0000016114141d80 WorkerThread "GC Thread#8"                     [id=30880, stack(0x00000045e3c00000,0x00000045e3d00000) (1024K)]
  0x0000016114144610 WorkerThread "GC Thread#9"                     [id=24264, stack(0x00000045e5800000,0x00000045e5900000) (1024K)]
  0x00000161141449c0 WorkerThread "GC Thread#10"                    [id=38168, stack(0x00000045e6400000,0x00000045e6500000) (1024K)]
  0x00000161148bb650 WorkerThread "GC Thread#11"                    [id=20752, stack(0x00000045e6500000,0x00000045e6600000) (1024K)]
  0x0000016120232260 WorkerThread "GC Thread#12"                    [id=10688, stack(0x00000045e6b00000,0x00000045e6c00000) (1024K)]
  0x00000160aa71a860 ConcurrentGCThread "G1 Main Marker"            [id=35240, stack(0x00000045e2d00000,0x00000045e2e00000) (1024K)]
  0x00000160aa71b370 WorkerThread "G1 Conc#0"                       [id=27504, stack(0x00000045e2e00000,0x00000045e2f00000) (1024K)]
  0x00000161148bab40 WorkerThread "G1 Conc#1"                       [id=28468, stack(0x00000045e6800000,0x00000045e6900000) (1024K)]
  0x00000161148bb2a0 WorkerThread "G1 Conc#2"                       [id=14268, stack(0x00000045e6900000,0x00000045e6a00000) (1024K)]
  0x00000160c7997e30 ConcurrentGCThread "G1 Refine#0"               [id=32048, stack(0x00000045e2f00000,0x00000045e3000000) (1024K)]
  0x00000160c7999760 ConcurrentGCThread "G1 Service"                [id=16084, stack(0x00000045e3000000,0x00000045e3100000) (1024K)]
Total: 21

Threads with active compile tasks:
C2 CompilerThread0  1884858 14538   !   4       sun.security.rsa.RSAPSSSignature::decodeSignature (366 bytes)
Total: 1

VM state: not at safepoint (normal execution)

VM Mutex/Monitor currently owned by a thread: None

Heap address: 0x0000000084e00000, size: 1970 MB, Compressed Oops mode: 32-bit

CDS archive(s) mapped at: [0x00000160c8000000-0x00000160c8d40000-0x00000160c8d40000), size 13893632, SharedBaseAddress: 0x00000160c8000000, ArchiveRelocationMode: 1.
Compressed class space mapped at: 0x00000160c9000000-0x0000016109000000, reserved size: 1073741824
UseCompressedClassPointers 1, UseCompactObjectHeaders 0
Narrow klass pointer bits 32, Max shift 3
Narrow klass base: 0x00000160c8000000, Narrow klass shift: 0
Encoding Range: [0x00000160c8000000 - 0x00000161c8000000), (4294967296 bytes)
Klass Range:    [0x00000160c8000000 - 0x0000016109000000), (1090519040 bytes)
Klass ID Range:  [8 - 1090519033) (1090519025)

GC Precious Log:
 CardTable entry size: 512
 Card Set container configuration: InlinePtr #cards 5 size 8 Array Of Cards #cards 10 size 36 Howl #buckets 4 coarsen threshold 1843 Howl Bitmap #cards 512 size 80 coarsen threshold 460 Card regions per heap region 1 cards per card region 2048
 CPUs: 16 total, 16 available
 Memory: 7876M
 Large Page Support: Disabled
 NUMA Support: Disabled
 Compressed Oops: Enabled (32-bit)
 Heap Region Size: 1M
 Heap Min Capacity: 8M
 Heap Initial Capacity: 124M
 Heap Max Capacity: 1970M
 Pre-touch: Disabled
 Parallel Workers: 13
 Concurrent Workers: 3
 Concurrent Refinement Workers: 13
 Periodic GC: Disabled

Heap:
 garbage-first heap   total reserved 2017280K, committed 184320K, used 81133K [0x0000000084e00000, 0x0000000100000000)
  region size 1024K, 2 young (2048K), 1 survivors (1024K)
 Metaspace       used 50892K, committed 51328K, reserved 1114112K
  class space    used 5234K, committed 5440K, reserved 1048576K

Heap Regions: E=young(eden), S=young(survivor), O=old, HS=humongous(starts), HC=humongous(continues), CS=collection set, F=free, TAMS=top-at-mark-start, PB=parsable bottom
|   0|0x0000000084e00000, 0x0000000084f00000, 0x0000000084f00000|100%| O|  |TAMS 0x0000000084e00000| PB 0x0000000084e00000| Untracked |  0
|   1|0x0000000084f00000, 0x0000000085000000, 0x0000000085000000|100%| O|  |TAMS 0x0000000084f00000| PB 0x0000000084f00000| Untracked |  0
|   2|0x0000000085000000, 0x0000000085100000, 0x0000000085100000|100%|HS|  |TAMS 0x0000000085000000| PB 0x0000000085000000| Complete |  0
|   3|0x0000000085100000, 0x0000000085200000, 0x0000000085200000|100%| O|  |TAMS 0x0000000085100000| PB 0x0000000085100000| Untracked |  0
|   4|0x0000000085200000, 0x0000000085300000, 0x0000000085300000|100%| O|  |TAMS 0x0000000085200000| PB 0x0000000085200000| Untracked |  0
|   5|0x0000000085300000, 0x0000000085400000, 0x0000000085400000|100%| O|  |TAMS 0x0000000085300000| PB 0x0000000085300000| Untracked |  0
|   6|0x0000000085400000, 0x0000000085500000, 0x0000000085500000|100%| O|  |TAMS 0x0000000085400000| PB 0x0000000085400000| Untracked |  0
|   7|0x0000000085500000, 0x0000000085600000, 0x0000000085600000|100%| O|  |TAMS 0x0000000085500000| PB 0x0000000085500000| Untracked |  0
|   8|0x0000000085600000, 0x0000000085700000, 0x0000000085700000|100%| O|  |TAMS 0x0000000085600000| PB 0x0000000085600000| Untracked |  0
|   9|0x0000000085700000, 0x0000000085800000, 0x0000000085800000|100%| O|  |TAMS 0x0000000085700000| PB 0x0000000085700000| Untracked |  0
|  10|0x0000000085800000, 0x0000000085900000, 0x0000000085900000|100%|HS|  |TAMS 0x0000000085800000| PB 0x0000000085800000| Complete |  0
|  11|0x0000000085900000, 0x0000000085a00000, 0x0000000085a00000|100%|HS|  |TAMS 0x0000000085900000| PB 0x0000000085900000| Complete |  0
|  12|0x0000000085a00000, 0x0000000085b00000, 0x0000000085b00000|100%|HC|  |TAMS 0x0000000085a00000| PB 0x0000000085a00000| Complete |  0
|  13|0x0000000085b00000, 0x0000000085c00000, 0x0000000085c00000|100%|HS|  |TAMS 0x0000000085b00000| PB 0x0000000085b00000| Complete |  0
|  14|0x0000000085c00000, 0x0000000085d00000, 0x0000000085d00000|100%|HS|  |TAMS 0x0000000085c00000| PB 0x0000000085c00000| Complete |  0
|  15|0x0000000085d00000, 0x0000000085e00000, 0x0000000085e00000|100%|HS|  |TAMS 0x0000000085d00000| PB 0x0000000085d00000| Complete |  0
|  16|0x0000000085e00000, 0x0000000085f00000, 0x0000000085f00000|100%|HS|  |TAMS 0x0000000085e00000| PB 0x0000000085e00000| Complete |  0
|  17|0x0000000085f00000, 0x0000000086000000, 0x0000000086000000|100%|HS|  |TAMS 0x0000000085f00000| PB 0x0000000085f00000| Complete |  0
|  18|0x0000000086000000, 0x0000000086100000, 0x0000000086100000|100%| O|  |TAMS 0x0000000086000000| PB 0x0000000086000000| Untracked |  0
|  19|0x0000000086100000, 0x0000000086200000, 0x0000000086200000|100%| O|  |TAMS 0x0000000086100000| PB 0x0000000086100000| Untracked |  0
|  20|0x0000000086200000, 0x0000000086300000, 0x0000000086300000|100%| O|  |TAMS 0x0000000086200000| PB 0x0000000086200000| Untracked |  0
|  21|0x0000000086300000, 0x0000000086400000, 0x0000000086400000|100%|HS|  |TAMS 0x0000000086300000| PB 0x0000000086300000| Complete |  0
|  22|0x0000000086400000, 0x0000000086500000, 0x0000000086500000|100%|HS|  |TAMS 0x0000000086400000| PB 0x0000000086400000| Complete |  0
|  23|0x0000000086500000, 0x0000000086600000, 0x0000000086600000|100%|HS|  |TAMS 0x0000000086500000| PB 0x0000000086500000| Complete |  0
|  24|0x0000000086600000, 0x0000000086700000, 0x0000000086700000|100%|HS|  |TAMS 0x0000000086600000| PB 0x0000000086600000| Complete |  0
|  25|0x0000000086700000, 0x0000000086800000, 0x0000000086800000|100%|HS|  |TAMS 0x0000000086700000| PB 0x0000000086700000| Complete |  0
|  26|0x0000000086800000, 0x0000000086900000, 0x0000000086900000|100%|HS|  |TAMS 0x0000000086800000| PB 0x0000000086800000| Complete |  0
|  27|0x0000000086900000, 0x0000000086a00000, 0x0000000086a00000|100%|HS|  |TAMS 0x0000000086900000| PB 0x0000000086900000| Complete |  0
|  28|0x0000000086a00000, 0x0000000086b00000, 0x0000000086b00000|100%|HS|  |TAMS 0x0000000086a00000| PB 0x0000000086a00000| Complete |  0
|  29|0x0000000086b00000, 0x0000000086c00000, 0x0000000086c00000|100%|HS|  |TAMS 0x0000000086b00000| PB 0x0000000086b00000| Complete |  0
|  30|0x0000000086c00000, 0x0000000086d00000, 0x0000000086d00000|100%|HS|  |TAMS 0x0000000086c00000| PB 0x0000000086c00000| Complete |  0
|  31|0x0000000086d00000, 0x0000000086e00000, 0x0000000086e00000|100%|HS|  |TAMS 0x0000000086d00000| PB 0x0000000086d00000| Complete |  0
|  32|0x0000000086e00000, 0x0000000086f00000, 0x0000000086f00000|100%|HS|  |TAMS 0x0000000086e00000| PB 0x0000000086e00000| Complete |  0
|  33|0x0000000086f00000, 0x0000000087000000, 0x0000000087000000|100%|HS|  |TAMS 0x0000000086f00000| PB 0x0000000086f00000| Complete |  0
|  34|0x0000000087000000, 0x0000000087100000, 0x0000000087100000|100%|HS|  |TAMS 0x0000000087000000| PB 0x0000000087000000| Complete |  0
|  35|0x0000000087100000, 0x0000000087200000, 0x0000000087200000|100%|HS|  |TAMS 0x0000000087100000| PB 0x0000000087100000| Complete |  0
|  36|0x0000000087200000, 0x0000000087300000, 0x0000000087300000|100%|HS|  |TAMS 0x0000000087200000| PB 0x0000000087200000| Complete |  0
|  37|0x0000000087300000, 0x0000000087400000, 0x0000000087400000|100%|HS|  |TAMS 0x0000000087300000| PB 0x0000000087300000| Complete |  0
|  38|0x0000000087400000, 0x0000000087500000, 0x0000000087500000|100%|HS|  |TAMS 0x0000000087400000| PB 0x0000000087400000| Complete |  0
|  39|0x0000000087500000, 0x0000000087600000, 0x0000000087600000|100%|HS|  |TAMS 0x0000000087500000| PB 0x0000000087500000| Complete |  0
|  40|0x0000000087600000, 0x0000000087700000, 0x0000000087700000|100%|HS|  |TAMS 0x0000000087600000| PB 0x0000000087600000| Complete |  0
|  41|0x0000000087700000, 0x0000000087800000, 0x0000000087800000|100%|HS|  |TAMS 0x0000000087700000| PB 0x0000000087700000| Complete |  0
|  42|0x0000000087800000, 0x0000000087900000, 0x0000000087900000|100%|HS|  |TAMS 0x0000000087800000| PB 0x0000000087800000| Complete |  0
|  43|0x0000000087900000, 0x0000000087a00000, 0x0000000087a00000|100%|HS|  |TAMS 0x0000000087900000| PB 0x0000000087900000| Complete |  0
|  44|0x0000000087a00000, 0x0000000087b00000, 0x0000000087b00000|100%|HS|  |TAMS 0x0000000087a00000| PB 0x0000000087a00000| Complete |  0
|  45|0x0000000087b00000, 0x0000000087b3f6f0, 0x0000000087c00000| 24%| O|  |TAMS 0x0000000087b00000| PB 0x0000000087b00000| Untracked |  0
|  46|0x0000000087c00000, 0x0000000087d00000, 0x0000000087d00000|100%| O|  |TAMS 0x0000000087c00000| PB 0x0000000087c00000| Untracked |  0
|  47|0x0000000087d00000, 0x0000000087e00000, 0x0000000087e00000|100%|HS|  |TAMS 0x0000000087d00000| PB 0x0000000087d00000| Complete |  0
|  48|0x0000000087e00000, 0x0000000087f00000, 0x0000000087f00000|100%| O|  |TAMS 0x0000000087e00000| PB 0x0000000087e00000| Untracked |  0
|  49|0x0000000087f00000, 0x0000000088000000, 0x0000000088000000|100%|HS|  |TAMS 0x0000000087f00000| PB 0x0000000087f00000| Complete |  0
|  50|0x0000000088000000, 0x0000000088100000, 0x0000000088100000|100%|HS|  |TAMS 0x0000000088000000| PB 0x0000000088000000| Complete |  0
|  51|0x0000000088100000, 0x0000000088200000, 0x0000000088200000|100%|HS|  |TAMS 0x0000000088100000| PB 0x0000000088100000| Complete |  0
|  52|0x0000000088200000, 0x0000000088300000, 0x0000000088300000|100%|HS|  |TAMS 0x0000000088200000| PB 0x0000000088200000| Complete |  0
|  53|0x0000000088300000, 0x0000000088400000, 0x0000000088400000|100%| O|  |TAMS 0x0000000088300000| PB 0x0000000088300000| Untracked |  0
|  54|0x0000000088400000, 0x0000000088500000, 0x0000000088500000|100%|HS|  |TAMS 0x0000000088400000| PB 0x0000000088400000| Complete |  0
|  55|0x0000000088500000, 0x0000000088600000, 0x0000000088600000|100%|HS|  |TAMS 0x0000000088500000| PB 0x0000000088500000| Complete |  0
|  56|0x0000000088600000, 0x0000000088700000, 0x0000000088700000|100%|HS|  |TAMS 0x0000000088600000| PB 0x0000000088600000| Complete |  0
|  57|0x0000000088700000, 0x0000000088800000, 0x0000000088800000|100%| O|  |TAMS 0x0000000088700000| PB 0x0000000088700000| Untracked |  0
|  58|0x0000000088800000, 0x0000000088900000, 0x0000000088900000|100%| O|  |TAMS 0x0000000088800000| PB 0x0000000088800000| Untracked |  0
|  59|0x0000000088900000, 0x0000000088a00000, 0x0000000088a00000|100%| O|  |TAMS 0x0000000088900000| PB 0x0000000088900000| Untracked |  0
|  60|0x0000000088a00000, 0x0000000088b00000, 0x0000000088b00000|100%|HS|  |TAMS 0x0000000088a00000| PB 0x0000000088a00000| Complete |  0
|  61|0x0000000088b00000, 0x0000000088c00000, 0x0000000088c00000|100%|HS|  |TAMS 0x0000000088b00000| PB 0x0000000088b00000| Complete |  0
|  62|0x0000000088c00000, 0x0000000088d00000, 0x0000000088d00000|100%|HS|  |TAMS 0x0000000088c00000| PB 0x0000000088c00000| Complete |  0
|  63|0x0000000088d00000, 0x0000000088e00000, 0x0000000088e00000|100%|HS|  |TAMS 0x0000000088d00000| PB 0x0000000088d00000| Complete |  0
|  64|0x0000000088e00000, 0x0000000088f00000, 0x0000000088f00000|100%|HS|  |TAMS 0x0000000088e00000| PB 0x0000000088e00000| Complete |  0
|  65|0x0000000088f00000, 0x0000000089000000, 0x0000000089000000|100%|HS|  |TAMS 0x0000000088f00000| PB 0x0000000088f00000| Complete |  0
|  66|0x0000000089000000, 0x0000000089100000, 0x0000000089100000|100%|HS|  |TAMS 0x0000000089000000| PB 0x0000000089000000| Complete |  0
|  67|0x0000000089100000, 0x0000000089200000, 0x0000000089200000|100%|HS|  |TAMS 0x0000000089100000| PB 0x0000000089100000| Complete |  0
|  68|0x0000000089200000, 0x0000000089300000, 0x0000000089300000|100%|HS|  |TAMS 0x0000000089200000| PB 0x0000000089200000| Complete |  0
|  69|0x0000000089300000, 0x0000000089300000, 0x0000000089400000|  0%| F|  |TAMS 0x0000000089300000| PB 0x0000000089300000| Untracked |  0
|  70|0x0000000089400000, 0x0000000089500000, 0x0000000089500000|100%| O|  |TAMS 0x0000000089400000| PB 0x0000000089400000| Untracked |  0
|  71|0x0000000089500000, 0x0000000089600000, 0x0000000089600000|100%|HS|  |TAMS 0x0000000089500000| PB 0x0000000089500000| Complete |  0
|  72|0x0000000089600000, 0x0000000089600000, 0x0000000089700000|  0%| F|  |TAMS 0x0000000089600000| PB 0x0000000089600000| Untracked |  0
|  73|0x0000000089700000, 0x00000000897d16f8, 0x0000000089800000| 81%| O|  |TAMS 0x0000000089700000| PB 0x0000000089700000| Untracked |  0
|  74|0x0000000089800000, 0x0000000089800000, 0x0000000089900000|  0%| F|  |TAMS 0x0000000089800000| PB 0x0000000089800000| Untracked |  0
|  75|0x0000000089900000, 0x0000000089a00000, 0x0000000089a00000|100%| O|  |TAMS 0x0000000089900000| PB 0x0000000089900000| Untracked |  0
|  76|0x0000000089a00000, 0x0000000089a00000, 0x0000000089b00000|  0%| F|  |TAMS 0x0000000089a00000| PB 0x0000000089a00000| Untracked |  0
|  77|0x0000000089b00000, 0x0000000089b00000, 0x0000000089c00000|  0%| F|  |TAMS 0x0000000089b00000| PB 0x0000000089b00000| Untracked |  0
|  78|0x0000000089c00000, 0x0000000089c00000, 0x0000000089d00000|  0%| F|  |TAMS 0x0000000089c00000| PB 0x0000000089c00000| Untracked |  0
|  79|0x0000000089d00000, 0x0000000089d00000, 0x0000000089e00000|  0%| F|  |TAMS 0x0000000089d00000| PB 0x0000000089d00000| Untracked |  0
|  80|0x0000000089e00000, 0x0000000089e00000, 0x0000000089f00000|  0%| F|  |TAMS 0x0000000089e00000| PB 0x0000000089e00000| Untracked |  0
|  81|0x0000000089f00000, 0x0000000089f00000, 0x000000008a000000|  0%| F|  |TAMS 0x0000000089f00000| PB 0x0000000089f00000| Untracked |  0
|  82|0x000000008a000000, 0x000000008a000000, 0x000000008a100000|  0%| F|  |TAMS 0x000000008a000000| PB 0x000000008a000000| Untracked |  0
|  83|0x000000008a100000, 0x000000008a100000, 0x000000008a200000|  0%| F|  |TAMS 0x000000008a100000| PB 0x000000008a100000| Untracked |  0
|  84|0x000000008a200000, 0x000000008a200000, 0x000000008a300000|  0%| F|  |TAMS 0x000000008a200000| PB 0x000000008a200000| Untracked |  0
|  85|0x000000008a300000, 0x000000008a300000, 0x000000008a400000|  0%| F|  |TAMS 0x000000008a300000| PB 0x000000008a300000| Untracked |  0
|  86|0x000000008a400000, 0x000000008a400000, 0x000000008a500000|  0%| F|  |TAMS 0x000000008a400000| PB 0x000000008a400000| Untracked |  0
|  87|0x000000008a500000, 0x000000008a500000, 0x000000008a600000|  0%| F|  |TAMS 0x000000008a500000| PB 0x000000008a500000| Untracked |  0
|  88|0x000000008a600000, 0x000000008a600000, 0x000000008a700000|  0%| F|  |TAMS 0x000000008a600000| PB 0x000000008a600000| Untracked |  0
|  89|0x000000008a700000, 0x000000008a700000, 0x000000008a800000|  0%| F|  |TAMS 0x000000008a700000| PB 0x000000008a700000| Untracked |  0
|  90|0x000000008a800000, 0x000000008a800000, 0x000000008a900000|  0%| F|  |TAMS 0x000000008a800000| PB 0x000000008a800000| Untracked |  0
|  91|0x000000008a900000, 0x000000008a900000, 0x000000008aa00000|  0%| F|  |TAMS 0x000000008a900000| PB 0x000000008a900000| Untracked |  0
|  92|0x000000008aa00000, 0x000000008aa00000, 0x000000008ab00000|  0%| F|  |TAMS 0x000000008aa00000| PB 0x000000008aa00000| Untracked |  0
|  93|0x000000008ab00000, 0x000000008ab00000, 0x000000008ac00000|  0%| F|  |TAMS 0x000000008ab00000| PB 0x000000008ab00000| Untracked |  0
|  94|0x000000008ac00000, 0x000000008ac00000, 0x000000008ad00000|  0%| F|  |TAMS 0x000000008ac00000| PB 0x000000008ac00000| Untracked |  0
|  95|0x000000008ad00000, 0x000000008ad00000, 0x000000008ae00000|  0%| F|  |TAMS 0x000000008ad00000| PB 0x000000008ad00000| Untracked |  0
|  96|0x000000008ae00000, 0x000000008ae00000, 0x000000008af00000|  0%| F|  |TAMS 0x000000008ae00000| PB 0x000000008ae00000| Untracked |  0
|  97|0x000000008af00000, 0x000000008af00000, 0x000000008b000000|  0%| F|  |TAMS 0x000000008af00000| PB 0x000000008af00000| Untracked |  0
|  98|0x000000008b000000, 0x000000008b000000, 0x000000008b100000|  0%| F|  |TAMS 0x000000008b000000| PB 0x000000008b000000| Untracked |  0
|  99|0x000000008b100000, 0x000000008b100000, 0x000000008b200000|  0%| F|  |TAMS 0x000000008b100000| PB 0x000000008b100000| Untracked |  0
| 100|0x000000008b200000, 0x000000008b200000, 0x000000008b300000|  0%| F|  |TAMS 0x000000008b200000| PB 0x000000008b200000| Untracked |  0
| 101|0x000000008b300000, 0x000000008b300000, 0x000000008b400000|  0%| F|  |TAMS 0x000000008b300000| PB 0x000000008b300000| Untracked |  0
| 102|0x000000008b400000, 0x000000008b400000, 0x000000008b500000|  0%| F|  |TAMS 0x000000008b400000| PB 0x000000008b400000| Untracked |  0
| 103|0x000000008b500000, 0x000000008b500000, 0x000000008b600000|  0%| F|  |TAMS 0x000000008b500000| PB 0x000000008b500000| Untracked |  0
| 104|0x000000008b600000, 0x000000008b600000, 0x000000008b700000|  0%| F|  |TAMS 0x000000008b600000| PB 0x000000008b600000| Untracked |  0
| 105|0x000000008b700000, 0x000000008b700000, 0x000000008b800000|  0%| F|  |TAMS 0x000000008b700000| PB 0x000000008b700000| Untracked |  0
| 106|0x000000008b800000, 0x000000008b800000, 0x000000008b900000|  0%| F|  |TAMS 0x000000008b800000| PB 0x000000008b800000| Untracked |  0
| 107|0x000000008b900000, 0x000000008b900000, 0x000000008ba00000|  0%| F|  |TAMS 0x000000008b900000| PB 0x000000008b900000| Untracked |  0
| 108|0x000000008ba00000, 0x000000008ba00000, 0x000000008bb00000|  0%| F|  |TAMS 0x000000008ba00000| PB 0x000000008ba00000| Untracked |  0
| 109|0x000000008bb00000, 0x000000008bb00000, 0x000000008bc00000|  0%| F|  |TAMS 0x000000008bb00000| PB 0x000000008bb00000| Untracked |  0
| 110|0x000000008bc00000, 0x000000008bc00000, 0x000000008bd00000|  0%| F|  |TAMS 0x000000008bc00000| PB 0x000000008bc00000| Untracked |  0
| 111|0x000000008bd00000, 0x000000008bd00000, 0x000000008be00000|  0%| F|  |TAMS 0x000000008bd00000| PB 0x000000008bd00000| Untracked |  0
| 112|0x000000008be00000, 0x000000008be00000, 0x000000008bf00000|  0%| F|  |TAMS 0x000000008be00000| PB 0x000000008be00000| Untracked |  0
| 113|0x000000008bf00000, 0x000000008bf00000, 0x000000008c000000|  0%| F|  |TAMS 0x000000008bf00000| PB 0x000000008bf00000| Untracked |  0
| 114|0x000000008c000000, 0x000000008c000000, 0x000000008c100000|  0%| F|  |TAMS 0x000000008c000000| PB 0x000000008c000000| Untracked |  0
| 115|0x000000008c100000, 0x000000008c100000, 0x000000008c200000|  0%| F|  |TAMS 0x000000008c100000| PB 0x000000008c100000| Untracked |  0
| 116|0x000000008c200000, 0x000000008c200000, 0x000000008c300000|  0%| F|  |TAMS 0x000000008c200000| PB 0x000000008c200000| Untracked |  0
| 117|0x000000008c300000, 0x000000008c300000, 0x000000008c400000|  0%| F|  |TAMS 0x000000008c300000| PB 0x000000008c300000| Untracked |  0
| 118|0x000000008c400000, 0x000000008c400000, 0x000000008c500000|  0%| F|  |TAMS 0x000000008c400000| PB 0x000000008c400000| Untracked |  0
| 119|0x000000008c500000, 0x000000008c500000, 0x000000008c600000|  0%| F|  |TAMS 0x000000008c500000| PB 0x000000008c500000| Untracked |  0
| 120|0x000000008c600000, 0x000000008c600000, 0x000000008c700000|  0%| F|  |TAMS 0x000000008c600000| PB 0x000000008c600000| Untracked |  0
| 121|0x000000008c700000, 0x000000008c700000, 0x000000008c800000|  0%| F|  |TAMS 0x000000008c700000| PB 0x000000008c700000| Untracked |  0
| 122|0x000000008c800000, 0x000000008c800000, 0x000000008c900000|  0%| F|  |TAMS 0x000000008c800000| PB 0x000000008c800000| Untracked |  0
| 123|0x000000008c900000, 0x000000008c900000, 0x000000008ca00000|  0%| F|  |TAMS 0x000000008c900000| PB 0x000000008c900000| Untracked |  0
| 124|0x000000008ca00000, 0x000000008ca00000, 0x000000008cb00000|  0%| F|  |TAMS 0x000000008ca00000| PB 0x000000008ca00000| Untracked |  0
| 125|0x000000008cb00000, 0x000000008cb00000, 0x000000008cc00000|  0%| F|  |TAMS 0x000000008cb00000| PB 0x000000008cb00000| Untracked |  0
| 126|0x000000008cc00000, 0x000000008cc00000, 0x000000008cd00000|  0%| F|  |TAMS 0x000000008cc00000| PB 0x000000008cc00000| Untracked |  0
| 127|0x000000008cd00000, 0x000000008cd00000, 0x000000008ce00000|  0%| F|  |TAMS 0x000000008cd00000| PB 0x000000008cd00000| Untracked |  0
| 128|0x000000008ce00000, 0x000000008ce00000, 0x000000008cf00000|  0%| F|  |TAMS 0x000000008ce00000| PB 0x000000008ce00000| Untracked |  0
| 129|0x000000008cf00000, 0x000000008cf00000, 0x000000008d000000|  0%| F|  |TAMS 0x000000008cf00000| PB 0x000000008cf00000| Untracked |  0
| 130|0x000000008d000000, 0x000000008d000000, 0x000000008d100000|  0%| F|  |TAMS 0x000000008d000000| PB 0x000000008d000000| Untracked |  0
| 131|0x000000008d100000, 0x000000008d100000, 0x000000008d200000|  0%| F|  |TAMS 0x000000008d100000| PB 0x000000008d100000| Untracked |  0
| 132|0x000000008d200000, 0x000000008d200000, 0x000000008d300000|  0%| F|  |TAMS 0x000000008d200000| PB 0x000000008d200000| Untracked |  0
| 133|0x000000008d300000, 0x000000008d300000, 0x000000008d400000|  0%| F|  |TAMS 0x000000008d300000| PB 0x000000008d300000| Untracked |  0
| 134|0x000000008d400000, 0x000000008d400000, 0x000000008d500000|  0%| F|  |TAMS 0x000000008d400000| PB 0x000000008d400000| Untracked |  0
| 135|0x000000008d500000, 0x000000008d500000, 0x000000008d600000|  0%| F|  |TAMS 0x000000008d500000| PB 0x000000008d500000| Untracked |  0
| 136|0x000000008d600000, 0x000000008d600000, 0x000000008d700000|  0%| F|  |TAMS 0x000000008d600000| PB 0x000000008d600000| Untracked |  0
| 137|0x000000008d700000, 0x000000008d700000, 0x000000008d800000|  0%| F|  |TAMS 0x000000008d700000| PB 0x000000008d700000| Untracked |  0
| 138|0x000000008d800000, 0x000000008d800000, 0x000000008d900000|  0%| F|  |TAMS 0x000000008d800000| PB 0x000000008d800000| Untracked |  0
| 139|0x000000008d900000, 0x000000008d900000, 0x000000008da00000|  0%| F|  |TAMS 0x000000008d900000| PB 0x000000008d900000| Untracked |  0
| 140|0x000000008da00000, 0x000000008da00000, 0x000000008db00000|  0%| F|  |TAMS 0x000000008da00000| PB 0x000000008da00000| Untracked |  0
| 141|0x000000008db00000, 0x000000008db00000, 0x000000008dc00000|  0%| F|  |TAMS 0x000000008db00000| PB 0x000000008db00000| Untracked |  0
| 142|0x000000008dc00000, 0x000000008dc00000, 0x000000008dd00000|  0%| F|  |TAMS 0x000000008dc00000| PB 0x000000008dc00000| Untracked |  0
| 143|0x000000008dd00000, 0x000000008dd00000, 0x000000008de00000|  0%| F|  |TAMS 0x000000008dd00000| PB 0x000000008dd00000| Untracked |  0
| 144|0x000000008de00000, 0x000000008de00000, 0x000000008df00000|  0%| F|  |TAMS 0x000000008de00000| PB 0x000000008de00000| Untracked |  0
| 145|0x000000008df00000, 0x000000008df00000, 0x000000008e000000|  0%| F|  |TAMS 0x000000008df00000| PB 0x000000008df00000| Untracked |  0
| 146|0x000000008e000000, 0x000000008e000000, 0x000000008e100000|  0%| F|  |TAMS 0x000000008e000000| PB 0x000000008e000000| Untracked |  0
| 147|0x000000008e100000, 0x000000008e100000, 0x000000008e200000|  0%| F|  |TAMS 0x000000008e100000| PB 0x000000008e100000| Untracked |  0
| 148|0x000000008e200000, 0x000000008e200000, 0x000000008e300000|  0%| F|  |TAMS 0x000000008e200000| PB 0x000000008e200000| Untracked |  0
| 149|0x000000008e300000, 0x000000008e300000, 0x000000008e400000|  0%| F|  |TAMS 0x000000008e300000| PB 0x000000008e300000| Untracked |  0
| 150|0x000000008e400000, 0x000000008e400000, 0x000000008e500000|  0%| F|  |TAMS 0x000000008e400000| PB 0x000000008e400000| Untracked |  0
| 151|0x000000008e500000, 0x000000008e500000, 0x000000008e600000|  0%| F|  |TAMS 0x000000008e500000| PB 0x000000008e500000| Untracked |  0
| 152|0x000000008e600000, 0x000000008e600000, 0x000000008e700000|  0%| F|  |TAMS 0x000000008e600000| PB 0x000000008e600000| Untracked |  0
| 153|0x000000008e700000, 0x000000008e700000, 0x000000008e800000|  0%| F|  |TAMS 0x000000008e700000| PB 0x000000008e700000| Untracked |  0
| 154|0x000000008e800000, 0x000000008e800000, 0x000000008e900000|  0%| F|  |TAMS 0x000000008e800000| PB 0x000000008e800000| Untracked |  0
| 155|0x000000008e900000, 0x000000008e900000, 0x000000008ea00000|  0%| F|  |TAMS 0x000000008e900000| PB 0x000000008e900000| Untracked |  0
| 156|0x000000008ea00000, 0x000000008ea00000, 0x000000008eb00000|  0%| F|  |TAMS 0x000000008ea00000| PB 0x000000008ea00000| Untracked |  0
| 157|0x000000008eb00000, 0x000000008eb00000, 0x000000008ec00000|  0%| F|  |TAMS 0x000000008eb00000| PB 0x000000008eb00000| Untracked |  0
| 158|0x000000008ec00000, 0x000000008ec00000, 0x000000008ed00000|  0%| F|  |TAMS 0x000000008ec00000| PB 0x000000008ec00000| Untracked |  0
| 159|0x000000008ed00000, 0x000000008ed00000, 0x000000008ee00000|  0%| F|  |TAMS 0x000000008ed00000| PB 0x000000008ed00000| Untracked |  0
| 160|0x000000008ee00000, 0x000000008ee00000, 0x000000008ef00000|  0%| F|  |TAMS 0x000000008ee00000| PB 0x000000008ee00000| Untracked |  0
| 161|0x000000008ef00000, 0x000000008ef00000, 0x000000008f000000|  0%| F|  |TAMS 0x000000008ef00000| PB 0x000000008ef00000| Untracked |  0
| 162|0x000000008f000000, 0x000000008f000000, 0x000000008f100000|  0%| F|  |TAMS 0x000000008f000000| PB 0x000000008f000000| Untracked |  0
| 163|0x000000008f100000, 0x000000008f100000, 0x000000008f200000|  0%| F|  |TAMS 0x000000008f100000| PB 0x000000008f100000| Untracked |  0
| 164|0x000000008f200000, 0x000000008f200000, 0x000000008f300000|  0%| F|  |TAMS 0x000000008f200000| PB 0x000000008f200000| Untracked |  0
| 165|0x000000008f300000, 0x000000008f300000, 0x000000008f400000|  0%| F|  |TAMS 0x000000008f300000| PB 0x000000008f300000| Untracked |  0
| 166|0x000000008f400000, 0x000000008f400000, 0x000000008f500000|  0%| F|  |TAMS 0x000000008f400000| PB 0x000000008f400000| Untracked |  0
| 167|0x000000008f500000, 0x000000008f500000, 0x000000008f600000|  0%| F|  |TAMS 0x000000008f500000| PB 0x000000008f500000| Untracked |  0
| 168|0x000000008f600000, 0x000000008f600000, 0x000000008f700000|  0%| F|  |TAMS 0x000000008f600000| PB 0x000000008f600000| Untracked |  0
| 169|0x000000008f700000, 0x000000008f700000, 0x000000008f800000|  0%| F|  |TAMS 0x000000008f700000| PB 0x000000008f700000| Untracked |  0
| 170|0x000000008f800000, 0x000000008f800000, 0x000000008f900000|  0%| F|  |TAMS 0x000000008f800000| PB 0x000000008f800000| Untracked |  0
| 171|0x000000008f900000, 0x000000008f909390, 0x000000008fa00000|  3%| S|CS|TAMS 0x000000008f900000| PB 0x000000008f900000| Complete |  0
|1962|0x00000000ff800000, 0x00000000ff900000, 0x00000000ff900000|100%| O|  |TAMS 0x00000000ff800000| PB 0x00000000ff800000| Untracked |  0
|1963|0x00000000ff900000, 0x00000000ffa00000, 0x00000000ffa00000|100%| O|  |TAMS 0x00000000ff900000| PB 0x00000000ff900000| Untracked |  0
|1964|0x00000000ffa00000, 0x00000000ffb00000, 0x00000000ffb00000|100%| O|  |TAMS 0x00000000ffa00000| PB 0x00000000ffa00000| Untracked |  0
|1965|0x00000000ffb00000, 0x00000000ffc00000, 0x00000000ffc00000|100%| O|  |TAMS 0x00000000ffb00000| PB 0x00000000ffb00000| Untracked |  0
|1966|0x00000000ffc00000, 0x00000000ffd00000, 0x00000000ffd00000|100%| O|  |TAMS 0x00000000ffc00000| PB 0x00000000ffc00000| Untracked |  0
|1967|0x00000000ffd00000, 0x00000000ffe00000, 0x00000000ffe00000|100%| O|  |TAMS 0x00000000ffd00000| PB 0x00000000ffd00000| Untracked |  0
|1968|0x00000000ffe00000, 0x00000000fff00000, 0x00000000fff00000|100%| O|  |TAMS 0x00000000ffe00000| PB 0x00000000ffe00000| Untracked |  0
|1969|0x00000000fff00000, 0x00000000fff306e8, 0x0000000100000000| 18%| E|  |TAMS 0x00000000fff00000| PB 0x00000000fff00000| Complete |  0

Card table byte_map: [0x00000160c2b90000,0x00000160c2f70000] _byte_map_base: 0x00000160c2769000

Marking Bits: (CMBitMap*) 0x00000160aa705b40
 Bits: [0x00000160c2f70000, 0x00000160c4e38000)

Polling page: 0x00000160a8530000

Metaspace:

Usage:
  Non-class:     44.59 MB used.
      Class:      5.11 MB used.
       Both:     49.70 MB used.

Virtual space:
  Non-class space:       64.00 MB reserved,      44.81 MB ( 70%) committed,  1 nodes.
      Class space:        1.00 GB reserved,       5.31 MB ( <1%) committed,  1 nodes.
             Both:        1.06 GB reserved,      50.12 MB (  5%) committed. 

Chunk freelists:
   Non-Class:  3.17 MB
       Class:  10.68 MB
        Both:  13.85 MB

MaxMetaspaceSize: unlimited
CompressedClassSpaceSize: 1.00 GB
Initial GC threshold: 21.00 MB
Current GC threshold: 59.00 MB
CDS: on
 - commit_granule_bytes: 65536.
 - commit_granule_words: 8192.
 - virtual_space_node_default_size: 8388608.
 - enlarge_chunks_in_place: 1.
UseCompressedClassPointers 1, UseCompactObjectHeaders 0
Narrow klass pointer bits 32, Max shift 3
Narrow klass base: 0x00000160c8000000, Narrow klass shift: 0
Encoding Range: [0x00000160c8000000 - 0x00000161c8000000), (4294967296 bytes)
Klass Range:    [0x00000160c8000000 - 0x0000016109000000), (1090519040 bytes)
Klass ID Range:  [8 - 1090519033) (1090519025)


Internal statistics:

num_allocs_failed_limit: 6.
num_arena_births: 342.
num_arena_deaths: 0.
num_vsnodes_births: 2.
num_vsnodes_deaths: 0.
num_space_committed: 800.
num_space_uncommitted: 0.
num_chunks_returned_to_freelist: 6.
num_chunks_taken_from_freelist: 1817.
num_chunk_merges: 3.
num_chunk_splits: 1373.
num_chunks_enlarged: 1174.
num_inconsistent_stats: 0.

CodeHeap 'non-profiled nmethods': size=119232Kb used=8848Kb max_used=8848Kb free=110384Kb
 bounds [0x00000160baac0000, 0x00000160bb370000, 0x00000160c1f30000]
CodeHeap 'profiled nmethods': size=119104Kb used=24035Kb max_used=24035Kb free=95068Kb
 bounds [0x00000160b2f30000, 0x00000160b46b0000, 0x00000160ba380000]
CodeHeap 'non-nmethods': size=7424Kb used=2490Kb max_used=4337Kb free=4934Kb
 bounds [0x00000160ba380000, 0x00000160ba7f0000, 0x00000160baac0000]
CodeCache: size=245760Kb, used=35373Kb, max_used=37220Kb, free=210386Kb
 total_blobs=15419, nmethods=13844, adapters=1476, full_count=0
Compilation: enabled, stopped_count=0, restarted_count=0

Compilation events (20 events):
Event: 1853.138 Thread 0x0000016114a72ba0 14532       3       java.awt.image.Raster::createInterleavedRaster (198 bytes)
Event: 1853.143 Thread 0x000001610902d3a0 nmethod 14530 0x00000160b46a1788 code [0x00000160b46a19a0, 0x00000160b46a2938]
Event: 1853.143 Thread 0x000001610902d3a0 14527   !   3       com.sun.imageio.plugins.jpeg.JPEGMetadata::<init> (833 bytes)
Event: 1853.152 Thread 0x0000016114a72ba0 nmethod 14532 0x00000160b46a2a08 code [0x00000160b46a2ca0, 0x00000160b46a3e60]
Event: 1853.152 Thread 0x0000016114a72ba0 14528       3       com.sun.imageio.plugins.jpeg.JPEGImageWriter::getSrcCSType (83 bytes)
Event: 1853.153 Thread 0x000001610902d3a0 nmethod 14527 0x00000160b46a3f08 code [0x00000160b46a4320, 0x00000160b46a6ea8]
Event: 1853.153 Thread 0x0000016114a72ba0 nmethod 14528 0x00000160b46a6f88 code [0x00000160b46a70e0, 0x00000160b46a75a8]
Event: 1853.153 Thread 0x0000016114a72ba0 14529       3       com.sun.imageio.plugins.jpeg.JPEGImageWriter::getDefaultDestCSType (83 bytes)
Event: 1853.154 Thread 0x000001610902d3a0 14533  s!   3       com.sun.imageio.plugins.jpeg.JPEGImageWriter::clearAbortRequest (53 bytes)
Event: 1853.154 Thread 0x0000016114a72ba0 nmethod 14529 0x00000160b46a7608 code [0x00000160b46a7760, 0x00000160b46a7c28]
Event: 1853.154 Thread 0x0000016114a72ba0 14534       3       javax.imageio.ImageWriter::processImageStarted (56 bytes)
Event: 1853.155 Thread 0x0000016114a72ba0 nmethod 14534 0x00000160b46a7c88 code [0x00000160b46a7de0, 0x00000160b46a82e0]
Event: 1853.156 Thread 0x000001610902d3a0 nmethod 14533 0x00000160b46a8308 code [0x00000160b46a84c0, 0x00000160b46a8e28]
Event: 1863.183 Thread 0x000001610902ac00 14535   !   4       org.apache.commons.logging.LogFactory::getFactory (684 bytes)
Event: 1863.216 Thread 0x000001610902ac00 nmethod 14535 0x00000160bb362f08 code [0x00000160bb363060, 0x00000160bb363670]
Event: 1868.153 Thread 0x000001610902ac00 14536       4       org.apache.commons.logging.impl.WeakHashtable$Referenced::<init> (6 bytes)
Event: 1868.155 Thread 0x000001610902ac00 nmethod 14536 0x00000160bb363788 code [0x00000160bb3638c0, 0x00000160bb363c98]
Event: 1881.843 Thread 0x000001610902d3a0 14537       1       com.zaxxer.hikari.HikariConfig::getMaximumPoolSize (5 bytes)
Event: 1881.844 Thread 0x000001610902d3a0 nmethod 14537 0x00000160bb363d08 code [0x00000160bb363e00, 0x00000160bb363ec8]
Event: 1883.446 Thread 0x000001610902ac00 14538   !   4       sun.security.rsa.RSAPSSSignature::decodeSignature (366 bytes)

GC Heap History (20 events):
Event: 1876.285 GC heap before
{Heap before GC invocations=2394 (full 0):
 garbage-first heap   total reserved 2017280K, committed 184320K, used 81987K [0x0000000084e00000, 0x0000000100000000)
  region size 1024K, 2 young (2048K), 1 survivors (1024K)
 Metaspace       used 50892K, committed 51328K, reserved 1114112K
  class space    used 5234K, committed 5440K, reserved 1048576K
}
Event: 1876.288 GC heap after
{Heap after GC invocations=2395 (full 0):
 garbage-first heap   total reserved 2017280K, committed 184320K, used 34877K [0x0000000084e00000, 0x0000000100000000)
  region size 1024K, 1 young (1024K), 1 survivors (1024K)
 Metaspace       used 50892K, committed 51328K, reserved 1114112K
  class space    used 5234K, committed 5440K, reserved 1048576K
}
Event: 1877.050 GC heap before
{Heap before GC invocations=2395 (full 0):
 garbage-first heap   total reserved 2017280K, committed 184320K, used 81981K [0x0000000084e00000, 0x0000000100000000)
  region size 1024K, 2 young (2048K), 1 survivors (1024K)
 Metaspace       used 50892K, committed 51328K, reserved 1114112K
  class space    used 5234K, committed 5440K, reserved 1048576K
}
Event: 1877.055 GC heap after
{Heap after GC invocations=2396 (full 0):
 garbage-first heap   total reserved 2017280K, committed 184320K, used 34883K [0x0000000084e00000, 0x0000000100000000)
  region size 1024K, 1 young (1024K), 1 survivors (1024K)
 Metaspace       used 50892K, committed 51328K, reserved 1114112K
  class space    used 5234K, committed 5440K, reserved 1048576K
}
Event: 1877.834 GC heap before
{Heap before GC invocations=2396 (full 0):
 garbage-first heap   total reserved 2017280K, committed 184320K, used 81987K [0x0000000084e00000, 0x0000000100000000)
  region size 1024K, 2 young (2048K), 1 survivors (1024K)
 Metaspace       used 50892K, committed 51328K, reserved 1114112K
  class space    used 5234K, committed 5440K, reserved 1048576K
}
Event: 1877.836 GC heap after
{Heap after GC invocations=2397 (full 0):
 garbage-first heap   total reserved 2017280K, committed 184320K, used 34881K [0x0000000084e00000, 0x0000000100000000)
  region size 1024K, 1 young (1024K), 1 survivors (1024K)
 Metaspace       used 50892K, committed 51328K, reserved 1114112K
  class space    used 5234K, committed 5440K, reserved 1048576K
}
Event: 1878.602 GC heap before
{Heap before GC invocations=2397 (full 0):
 garbage-first heap   total reserved 2017280K, committed 184320K, used 86081K [0x0000000084e00000, 0x0000000100000000)
  region size 1024K, 7 young (7168K), 1 survivors (1024K)
 Metaspace       used 50892K, committed 51328K, reserved 1114112K
  class space    used 5234K, committed 5440K, reserved 1048576K
}
Event: 1878.610 GC heap after
{Heap after GC invocations=2398 (full 0):
 garbage-first heap   total reserved 2017280K, committed 184320K, used 35099K [0x0000000084e00000, 0x0000000100000000)
  region size 1024K, 1 young (1024K), 1 survivors (1024K)
 Metaspace       used 50892K, committed 51328K, reserved 1114112K
  class space    used 5234K, committed 5440K, reserved 1048576K
}
Event: 1879.339 GC heap before
{Heap before GC invocations=2398 (full 0):
 garbage-first heap   total reserved 2017280K, committed 184320K, used 82203K [0x0000000084e00000, 0x0000000100000000)
  region size 1024K, 2 young (2048K), 1 survivors (1024K)
 Metaspace       used 50892K, committed 51328K, reserved 1114112K
  class space    used 5234K, committed 5440K, reserved 1048576K
}
Event: 1879.343 GC heap after
{Heap after GC invocations=2399 (full 0):
 garbage-first heap   total reserved 2017280K, committed 184320K, used 34916K [0x0000000084e00000, 0x0000000100000000)
  region size 1024K, 1 young (1024K), 1 survivors (1024K)
 Metaspace       used 50892K, committed 51328K, reserved 1114112K
  class space    used 5234K, committed 5440K, reserved 1048576K
}
Event: 1880.106 GC heap before
{Heap before GC invocations=2399 (full 0):
 garbage-first heap   total reserved 2017280K, committed 184320K, used 82020K [0x0000000084e00000, 0x0000000100000000)
  region size 1024K, 2 young (2048K), 1 survivors (1024K)
 Metaspace       used 50892K, committed 51328K, reserved 1114112K
  class space    used 5234K, committed 5440K, reserved 1048576K
}
Event: 1880.110 GC heap after
{Heap after GC invocations=2400 (full 0):
 garbage-first heap   total reserved 2017280K, committed 184320K, used 34887K [0x0000000084e00000, 0x0000000100000000)
  region size 1024K, 1 young (1024K), 1 survivors (1024K)
 Metaspace       used 50892K, committed 51328K, reserved 1114112K
  class space    used 5234K, committed 5440K, reserved 1048576K
}
Event: 1880.880 GC heap before
{Heap before GC invocations=2400 (full 0):
 garbage-first heap   total reserved 2017280K, committed 184320K, used 81991K [0x0000000084e00000, 0x0000000100000000)
  region size 1024K, 2 young (2048K), 1 survivors (1024K)
 Metaspace       used 50892K, committed 51328K, reserved 1114112K
  class space    used 5234K, committed 5440K, reserved 1048576K
}
Event: 1880.883 GC heap after
{Heap after GC invocations=2401 (full 0):
 garbage-first heap   total reserved 2017280K, committed 184320K, used 34889K [0x0000000084e00000, 0x0000000100000000)
  region size 1024K, 1 young (1024K), 1 survivors (1024K)
 Metaspace       used 50892K, committed 51328K, reserved 1114112K
  class space    used 5234K, committed 5440K, reserved 1048576K
}
Event: 1881.658 GC heap before
{Heap before GC invocations=2401 (full 0):
 garbage-first heap   total reserved 2017280K, committed 184320K, used 81993K [0x0000000084e00000, 0x0000000100000000)
  region size 1024K, 2 young (2048K), 1 survivors (1024K)
 Metaspace       used 50892K, committed 51328K, reserved 1114112K
  class space    used 5234K, committed 5440K, reserved 1048576K
}
Event: 1881.661 GC heap after
{Heap after GC invocations=2402 (full 0):
 garbage-first heap   total reserved 2017280K, committed 184320K, used 34889K [0x0000000084e00000, 0x0000000100000000)
  region size 1024K, 1 young (1024K), 1 survivors (1024K)
 Metaspace       used 50892K, committed 51328K, reserved 1114112K
  class space    used 5234K, committed 5440K, reserved 1048576K
}
Event: 1882.434 GC heap before
{Heap before GC invocations=2402 (full 0):
 garbage-first heap   total reserved 2017280K, committed 184320K, used 81993K [0x0000000084e00000, 0x0000000100000000)
  region size 1024K, 2 young (2048K), 1 survivors (1024K)
 Metaspace       used 50892K, committed 51328K, reserved 1114112K
  class space    used 5234K, committed 5440K, reserved 1048576K
}
Event: 1882.435 GC heap after
{Heap after GC invocations=2403 (full 0):
 garbage-first heap   total reserved 2017280K, committed 184320K, used 34889K [0x0000000084e00000, 0x0000000100000000)
  region size 1024K, 1 young (1024K), 1 survivors (1024K)
 Metaspace       used 50892K, committed 51328K, reserved 1114112K
  class space    used 5234K, committed 5440K, reserved 1048576K
}
Event: 1883.194 GC heap before
{Heap before GC invocations=2403 (full 0):
 garbage-first heap   total reserved 2017280K, committed 184320K, used 85065K [0x0000000084e00000, 0x0000000100000000)
  region size 1024K, 6 young (6144K), 1 survivors (1024K)
 Metaspace       used 50892K, committed 51328K, reserved 1114112K
  class space    used 5234K, committed 5440K, reserved 1048576K
}
Event: 1883.199 GC heap after
{Heap after GC invocations=2404 (full 0):
 garbage-first heap   total reserved 2017280K, committed 184320K, used 35053K [0x0000000084e00000, 0x0000000100000000)
  region size 1024K, 1 young (1024K), 1 survivors (1024K)
 Metaspace       used 50892K, committed 51328K, reserved 1114112K
  class space    used 5234K, committed 5440K, reserved 1048576K
}

Dll operation events (20 events):
Event: 69.431 Loaded shared library C:\Program Files\Java\jdk-24\bin\msvcp140.dll
Event: 69.438 Loaded shared library C:\Windows\System32\msvcp140_1.dll
Event: 69.445 Loaded shared library C:\Windows\System32\concrt140.dll
Event: 69.452 Loaded shared library C:\Windows\System32\vcomp140.dll
Event: 69.466 Loaded shared library C:\Users\priya\.javacpp\cache\openblas-0.3.26-1.5.10-windows-x86_64.jar\org\bytedeco\openblas\windows-x86_64\libopenblas_nolapack.dll
Event: 69.492 Loaded shared library C:\Users\priya\.javacpp\cache\openblas-0.3.26-1.5.10-windows-x86_64.jar\org\bytedeco\openblas\windows-x86_64\jniopenblas_nolapack.dll
Event: 69.503 Loaded shared library C:\Users\priya\.javacpp\cache\javacpp-1.5.10-windows-x86_64.jar\org\bytedeco\javacpp\windows-x86_64\jnijavacpp.dll
Event: 69.538 Loaded shared library C:\Users\priya\.javacpp\cache\openblas-0.3.26-1.5.10-windows-x86_64.jar\org\bytedeco\openblas\windows-x86_64\libopenblas.dll
Event: 69.551 Loaded shared library C:\Users\priya\.javacpp\cache\openblas-0.3.26-1.5.10-windows-x86_64.jar\org\bytedeco\openblas\windows-x86_64\jniopenblas.dll
Event: 69.666 Loaded shared library C:\Users\priya\.javacpp\cache\opencv-4.9.0-1.5.10-windows-x86_64.jar\org\bytedeco\opencv\windows-x86_64\opencv_core490.dll
Event: 69.677 Loaded shared library C:\Users\priya\.javacpp\cache\opencv-4.9.0-1.5.10-windows-x86_64.jar\org\bytedeco\opencv\windows-x86_64\opencv_imgproc490.dll
Event: 69.685 Loaded shared library C:\Users\priya\.javacpp\cache\opencv-4.9.0-1.5.10-windows-x86_64.jar\org\bytedeco\opencv\windows-x86_64\jniopencv_core.dll
Event: 69.759 Loaded shared library C:\Users\priya\.javacpp\cache\opencv-4.9.0-1.5.10-windows-x86_64.jar\org\bytedeco\opencv\windows-x86_64\jniopencv_imgproc.dll
Event: 69.772 Loaded shared library C:\Users\priya\.javacpp\cache\opencv-4.9.0-1.5.10-windows-x86_64.jar\org\bytedeco\opencv\windows-x86_64\opencv_imgcodecs490.dll
Event: 69.776 Loaded shared library C:\Users\priya\.javacpp\cache\opencv-4.9.0-1.5.10-windows-x86_64.jar\org\bytedeco\opencv\windows-x86_64\jniopencv_imgcodecs.dll
Event: 69.795 Loaded shared library C:\Users\priya\.javacpp\cache\opencv-4.9.0-1.5.10-windows-x86_64.jar\org\bytedeco\opencv\windows-x86_64\opencv_videoio490.dll
Event: 69.799 Loaded shared library C:\Users\priya\.javacpp\cache\opencv-4.9.0-1.5.10-windows-x86_64.jar\org\bytedeco\opencv\windows-x86_64\jniopencv_videoio.dll
Event: 73.139 Loaded shared library C:\Program Files\Java\jdk-24\bin\awt.dll
Event: 78.160 Loaded shared library C:\Program Files\Java\jdk-24\bin\javajpeg.dll
Event: 79.190 Loaded shared library C:\Program Files\Java\jdk-24\bin\sunmscapi.dll

Deoptimization events (20 events):
Event: 1813.738 Thread 0x0000016109ace7d0 DEOPT PACKING pc=0x00000160bb2a0de0 sp=0x00000045e46fe100
Event: 1813.738 Thread 0x0000016109ace7d0 DEOPT UNPACKING pc=0x00000160ba5afe02 sp=0x00000045e46fe098 mode 2
Event: 1853.767 Thread 0x00000161095b5d00 Uncommon trap: trap_request=0xffffffbe fr.pc=0x00000160bb3625f0 relative=0x0000000000000690
Event: 1853.767 Thread 0x00000161095b5d00 Uncommon trap: reason=profile_predicate action=maybe_recompile pc=0x00000160bb3625f0 method=java.util.ArrayList$ArrayListSpliterator.forEachRemaining(Ljava/util/function/Consumer;)V @ 83 c2
Event: 1853.767 Thread 0x00000161095b5d00 DEOPT PACKING pc=0x00000160bb3625f0 sp=0x00000045e29fd2c0
Event: 1853.767 Thread 0x00000161095b5d00 DEOPT UNPACKING pc=0x00000160ba5afe02 sp=0x00000045e29fd250 mode 2
Event: 1853.768 Thread 0x00000161095b5d00 Uncommon trap: trap_request=0xffffffbe fr.pc=0x00000160bb3625f0 relative=0x0000000000000690
Event: 1853.768 Thread 0x00000161095b5d00 Uncommon trap: reason=profile_predicate action=maybe_recompile pc=0x00000160bb3625f0 method=java.util.ArrayList$ArrayListSpliterator.forEachRemaining(Ljava/util/function/Consumer;)V @ 83 c2
Event: 1853.768 Thread 0x00000161095b5d00 DEOPT PACKING pc=0x00000160bb3625f0 sp=0x00000045e29fce80
Event: 1853.768 Thread 0x00000161095b5d00 DEOPT UNPACKING pc=0x00000160ba5afe02 sp=0x00000045e29fce10 mode 2
Event: 1853.768 Thread 0x00000161095b5d00 Uncommon trap: trap_request=0xffffffbe fr.pc=0x00000160bb3625f0 relative=0x0000000000000690
Event: 1853.768 Thread 0x00000161095b5d00 Uncommon trap: reason=profile_predicate action=maybe_recompile pc=0x00000160bb3625f0 method=java.util.ArrayList$ArrayListSpliterator.forEachRemaining(Ljava/util/function/Consumer;)V @ 83 c2
Event: 1853.768 Thread 0x00000161095b5d00 DEOPT PACKING pc=0x00000160bb3625f0 sp=0x00000045e29fce80
Event: 1853.768 Thread 0x00000161095b5d00 DEOPT UNPACKING pc=0x00000160ba5afe02 sp=0x00000045e29fce10 mode 2
Event: 1853.769 Thread 0x00000161095b5d00 Uncommon trap: trap_request=0xffffffbe fr.pc=0x00000160bb3625f0 relative=0x0000000000000690
Event: 1853.769 Thread 0x00000161095b5d00 Uncommon trap: reason=profile_predicate action=maybe_recompile pc=0x00000160bb3625f0 method=java.util.ArrayList$ArrayListSpliterator.forEachRemaining(Ljava/util/function/Consumer;)V @ 83 c2
Event: 1853.769 Thread 0x00000161095b5d00 DEOPT PACKING pc=0x00000160bb3625f0 sp=0x00000045e29febb0
Event: 1853.769 Thread 0x00000161095b5d00 DEOPT UNPACKING pc=0x00000160ba5afe02 sp=0x00000045e29feb40 mode 2
Event: 1883.446 Thread 0x00000161095b5d00 DEOPT PACKING pc=0x00000160b438d5a5 sp=0x00000045e29fc7b0
Event: 1883.446 Thread 0x00000161095b5d00 DEOPT UNPACKING pc=0x00000160ba3d5722 sp=0x00000045e29fbcd8 mode 0

Classes loaded (20 events):
Event: 489.061 Loading class java/time/zone/Ser
Event: 489.063 Loading class java/io/Externalizable
Event: 489.063 Loading class java/io/Externalizable done
Event: 489.063 Loading class java/time/zone/Ser done
Event: 489.093 Loading class java/text/DigitList$1
Event: 489.094 Loading class java/text/DigitList$1 done
Event: 489.177 Loading class java/lang/FdLibm$Acos
Event: 489.178 Loading class java/lang/FdLibm$Acos done
Event: 651.684 Loading class java/security/InvalidKeyException
Event: 651.687 Loading class java/security/InvalidKeyException done
Event: 651.694 Loading class java/security/SignatureException
Event: 651.695 Loading class java/security/SignatureException done
Event: 651.699 Loading class java/security/spec/InvalidKeySpecException
Event: 651.700 Loading class java/security/spec/InvalidKeySpecException done
Event: 651.701 Loading class javax/crypto/NoSuchPaddingException
Event: 651.702 Loading class javax/crypto/NoSuchPaddingException done
Event: 651.703 Loading class javax/crypto/IllegalBlockSizeException
Event: 651.703 Loading class javax/crypto/IllegalBlockSizeException done
Event: 651.703 Loading class javax/crypto/BadPaddingException
Event: 651.704 Loading class javax/crypto/BadPaddingException done

Classes unloaded (0 events):
No events

Classes redefined (0 events):
No events

Internal exceptions (20 events):
Event: 1788.784 Thread 0x0000016109acb4a0 Exception <a 'java/lang/InterruptedException'{0x00000000fff45aa0}: sleep interrupted> (0x00000000fff45aa0) 
thrown [s\open\src\hotspot\share\prims\jvm.cpp, line 2955]
Event: 1793.724 Thread 0x0000016109aca600 Exception <a 'java/lang/InterruptedException'{0x00000000fff8ec00}: sleep interrupted> (0x00000000fff8ec00) 
thrown [s\open\src\hotspot\share\prims\jvm.cpp, line 2955]
Event: 1798.539 Thread 0x0000016109aca600 Exception <a 'java/lang/InterruptedException'{0x000000008f558368}: sleep interrupted> (0x000000008f558368) 
thrown [s\open\src\hotspot\share\prims\jvm.cpp, line 2955]
Event: 1803.600 Thread 0x0000016109aca600 Exception <a 'java/lang/InterruptedException'{0x00000000fff7a930}: sleep interrupted> (0x00000000fff7a930) 
thrown [s\open\src\hotspot\share\prims\jvm.cpp, line 2955]
Event: 1808.568 Thread 0x0000016109aca600 Exception <a 'java/lang/InterruptedException'{0x000000008f539f08}: sleep interrupted> (0x000000008f539f08) 
thrown [s\open\src\hotspot\share\prims\jvm.cpp, line 2955]
Event: 1813.682 Thread 0x0000016109aca600 Exception <a 'java/lang/InterruptedException'{0x000000008f990fc0}: sleep interrupted> (0x000000008f990fc0) 
thrown [s\open\src\hotspot\share\prims\jvm.cpp, line 2955]
Event: 1818.811 Thread 0x0000016109aca600 Exception <a 'java/lang/InterruptedException'{0x00000000fffc5ac0}: sleep interrupted> (0x00000000fffc5ac0) 
thrown [s\open\src\hotspot\share\prims\jvm.cpp, line 2955]
Event: 1823.725 Thread 0x0000016109aca600 Exception <a 'java/lang/InterruptedException'{0x00000000fff8fe88}: sleep interrupted> (0x00000000fff8fe88) 
thrown [s\open\src\hotspot\share\prims\jvm.cpp, line 2955]
Event: 1828.645 Thread 0x0000016109acb4a0 Exception <a 'java/lang/InterruptedException'{0x00000000fff45aa0}: sleep interrupted> (0x00000000fff45aa0) 
thrown [s\open\src\hotspot\share\prims\jvm.cpp, line 2955]
Event: 1833.766 Thread 0x0000016109acb4a0 Exception <a 'java/lang/InterruptedException'{0x000000008f626210}: sleep interrupted> (0x000000008f626210) 
thrown [s\open\src\hotspot\share\prims\jvm.cpp, line 2955]
Event: 1838.653 Thread 0x0000016109aca600 Exception <a 'java/lang/InterruptedException'{0x00000000fff45a70}: sleep interrupted> (0x00000000fff45a70) 
thrown [s\open\src\hotspot\share\prims\jvm.cpp, line 2955]
Event: 1843.643 Thread 0x0000016109acb4a0 Exception <a 'java/lang/InterruptedException'{0x000000008f520808}: sleep interrupted> (0x000000008f520808) 
thrown [s\open\src\hotspot\share\prims\jvm.cpp, line 2955]
Event: 1848.690 Thread 0x0000016109aca600 Exception <a 'java/lang/InterruptedException'{0x00000000fff45a90}: sleep interrupted> (0x00000000fff45a90) 
thrown [s\open\src\hotspot\share\prims\jvm.cpp, line 2955]
Event: 1853.769 Thread 0x0000016109aca600 Exception <a 'java/lang/InterruptedException'{0x000000008f58ef58}: sleep interrupted> (0x000000008f58ef58) 
thrown [s\open\src\hotspot\share\prims\jvm.cpp, line 2955]
Event: 1858.687 Thread 0x0000016109aca600 Exception <a 'java/lang/InterruptedException'{0x00000000fff45a80}: sleep interrupted> (0x00000000fff45a80) 
thrown [s\open\src\hotspot\share\prims\jvm.cpp, line 2955]
Event: 1863.698 Thread 0x0000016109acb4a0 Exception <a 'java/lang/InterruptedException'{0x000000008f526a70}: sleep interrupted> (0x000000008f526a70) 
thrown [s\open\src\hotspot\share\prims\jvm.cpp, line 2955]
Event: 1868.651 Thread 0x0000016109aca600 Exception <a 'java/lang/InterruptedException'{0x00000000fff45a88}: sleep interrupted> (0x00000000fff45a88) 
thrown [s\open\src\hotspot\share\prims\jvm.cpp, line 2955]
Event: 1873.683 Thread 0x0000016109aca600 Exception <a 'java/lang/InterruptedException'{0x00000000fff92ef8}: sleep interrupted> (0x00000000fff92ef8) 
thrown [s\open\src\hotspot\share\prims\jvm.cpp, line 2955]
Event: 1878.613 Thread 0x0000016109aca600 Exception <a 'java/lang/InterruptedException'{0x00000000fff41690}: sleep interrupted> (0x00000000fff41690) 
thrown [s\open\src\hotspot\share\prims\jvm.cpp, line 2955]
Event: 1884.576 Thread 0x0000016109aca600 Exception <a 'java/lang/InterruptedException'{0x00000000fff8d720}: sleep interrupted> (0x00000000fff8d720) 
thrown [s\open\src\hotspot\share\prims\jvm.cpp, line 2955]

VM Operations (20 events):
Event: 1876.285 Executing VM operation: G1TryInitiateConcMark (G1 Humongous Allocation)
Event: 1876.288 Executing VM operation: G1TryInitiateConcMark (G1 Humongous Allocation) done
Event: 1877.050 Executing VM operation: G1TryInitiateConcMark (G1 Humongous Allocation)
Event: 1877.055 Executing VM operation: G1TryInitiateConcMark (G1 Humongous Allocation) done
Event: 1877.834 Executing VM operation: G1TryInitiateConcMark (G1 Humongous Allocation)
Event: 1877.837 Executing VM operation: G1TryInitiateConcMark (G1 Humongous Allocation) done
Event: 1878.602 Executing VM operation: G1TryInitiateConcMark (G1 Humongous Allocation)
Event: 1878.610 Executing VM operation: G1TryInitiateConcMark (G1 Humongous Allocation) done
Event: 1879.338 Executing VM operation: G1TryInitiateConcMark (G1 Humongous Allocation)
Event: 1879.343 Executing VM operation: G1TryInitiateConcMark (G1 Humongous Allocation) done
Event: 1880.106 Executing VM operation: G1TryInitiateConcMark (G1 Humongous Allocation)
Event: 1880.110 Executing VM operation: G1TryInitiateConcMark (G1 Humongous Allocation) done
Event: 1880.880 Executing VM operation: G1TryInitiateConcMark (G1 Humongous Allocation)
Event: 1880.883 Executing VM operation: G1TryInitiateConcMark (G1 Humongous Allocation) done
Event: 1881.658 Executing VM operation: G1TryInitiateConcMark (G1 Humongous Allocation)
Event: 1881.661 Executing VM operation: G1TryInitiateConcMark (G1 Humongous Allocation) done
Event: 1882.434 Executing VM operation: G1TryInitiateConcMark (G1 Humongous Allocation)
Event: 1882.435 Executing VM operation: G1TryInitiateConcMark (G1 Humongous Allocation) done
Event: 1883.194 Executing VM operation: G1TryInitiateConcMark (G1 Humongous Allocation)
Event: 1883.199 Executing VM operation: G1TryInitiateConcMark (G1 Humongous Allocation) done

Memory protections (0 events):
No events

Nmethod flushes (20 events):
Event: 78.519 Thread 0x0000016109006a10 flushing  nmethod 0x00000160b33ba988
Event: 78.519 Thread 0x0000016109006a10 flushing  nmethod 0x00000160b33bce08
Event: 78.519 Thread 0x0000016109006a10 flushing  nmethod 0x00000160b33c0088
Event: 78.519 Thread 0x0000016109006a10 flushing  nmethod 0x00000160b33ec488
Event: 78.519 Thread 0x0000016109006a10 flushing  nmethod 0x00000160b33eee08
Event: 78.519 Thread 0x0000016109006a10 flushing  nmethod 0x00000160b33ef608
Event: 78.519 Thread 0x0000016109006a10 flushing  nmethod 0x00000160b33f0988
Event: 78.519 Thread 0x0000016109006a10 flushing  nmethod 0x00000160b33f1488
Event: 78.519 Thread 0x0000016109006a10 flushing  nmethod 0x00000160b33f1888
Event: 78.519 Thread 0x0000016109006a10 flushing  nmethod 0x00000160b3411508
Event: 78.519 Thread 0x0000016109006a10 flushing  nmethod 0x00000160b3413708
Event: 78.519 Thread 0x0000016109006a10 flushing  nmethod 0x00000160b3419708
Event: 78.519 Thread 0x0000016109006a10 flushing  nmethod 0x00000160b3452e08
Event: 78.519 Thread 0x0000016109006a10 flushing  nmethod 0x00000160b3453108
Event: 78.519 Thread 0x0000016109006a10 flushing  nmethod 0x00000160b3453e88
Event: 78.519 Thread 0x0000016109006a10 flushing  nmethod 0x00000160b3661908
Event: 78.519 Thread 0x0000016109006a10 flushing  nmethod 0x00000160b3662f88
Event: 78.519 Thread 0x0000016109006a10 flushing  nmethod 0x00000160b3714d08
Event: 78.519 Thread 0x0000016109006a10 flushing  nmethod 0x00000160b3717e88
Event: 78.519 Thread 0x0000016109006a10 flushing  nmethod 0x00000160b3757288

Events (20 events):
Event: 1843.164 Thread 0x00000161095b5d00 Thread added: 0x0000016109acb4a0
Event: 1843.643 Thread 0x0000016109acb4a0 Thread exited: 0x0000016109acb4a0
Event: 1848.162 Thread 0x00000161095b5d00 Thread added: 0x0000016109aca600
Event: 1848.690 Thread 0x0000016109aca600 Thread exited: 0x0000016109aca600
Event: 1853.136 Thread 0x000001610902d3a0 Thread added: 0x0000016114a72ba0
Event: 1853.178 Thread 0x00000161095b5d00 Thread added: 0x0000016109aca600
Event: 1853.770 Thread 0x0000016109aca600 Thread exited: 0x0000016109aca600
Event: 1858.160 Thread 0x00000161095b5d00 Thread added: 0x0000016109aca600
Event: 1858.168 Thread 0x0000016114a72ba0 Thread exited: 0x0000016114a72ba0
Event: 1858.687 Thread 0x0000016109aca600 Thread exited: 0x0000016109aca600
Event: 1863.158 Thread 0x00000161095b5d00 Thread added: 0x0000016109acb4a0
Event: 1863.698 Thread 0x0000016109acb4a0 Thread exited: 0x0000016109acb4a0
Event: 1868.155 Thread 0x00000161095b5d00 Thread added: 0x0000016109aca600
Event: 1868.651 Thread 0x0000016109aca600 Thread exited: 0x0000016109aca600
Event: 1873.156 Thread 0x00000161095b5d00 Thread added: 0x0000016109aca600
Event: 1873.683 Thread 0x0000016109aca600 Thread exited: 0x0000016109aca600
Event: 1878.148 Thread 0x00000161095b5d00 Thread added: 0x0000016109aca600
Event: 1878.613 Thread 0x0000016109aca600 Thread exited: 0x0000016109aca600
Event: 1883.130 Thread 0x00000161095b5d00 Thread added: 0x0000016109aca600
Event: 1884.576 Thread 0x0000016109aca600 Thread exited: 0x0000016109aca600


Dynamic libraries:
0x00007ff616490000 - 0x00007ff6164a0000 	C:\Program Files\Java\jdk-24\bin\java.exe
0x00007fff8ac40000 - 0x00007fff8aea8000 	C:\WINDOWS\SYSTEM32\ntdll.dll
0x00007fff89e80000 - 0x00007fff89f49000 	C:\WINDOWS\System32\KERNEL32.DLL
0x00007fff883b0000 - 0x00007fff887a8000 	C:\WINDOWS\System32\KERNELBASE.dll
0x00007fff88260000 - 0x00007fff883ab000 	C:\WINDOWS\System32\ucrtbase.dll
0x00007fff55b70000 - 0x00007fff55b86000 	C:\Program Files\Java\jdk-24\bin\jli.dll
0x00007fff51560000 - 0x00007fff5157b000 	C:\Program Files\Java\jdk-24\bin\VCRUNTIME140.dll
0x00007fff8a430000 - 0x00007fff8a5f7000 	C:\WINDOWS\System32\USER32.dll
0x00007fff88870000 - 0x00007fff88897000 	C:\WINDOWS\System32\win32u.dll
0x00007fff70d60000 - 0x00007fff70ff4000 	C:\WINDOWS\WinSxS\amd64_microsoft.windows.common-controls_6595b64144ccf1df_6.0.26100.7019_none_3e06ffa0e335b8a8\COMCTL32.dll
0x00007fff8a970000 - 0x00007fff8a99b000 	C:\WINDOWS\System32\GDI32.dll
0x00007fff88d70000 - 0x00007fff88e19000 	C:\WINDOWS\System32\msvcrt.dll
0x00007fff88130000 - 0x00007fff8825c000 	C:\WINDOWS\System32\gdi32full.dll
0x00007fff88080000 - 0x00007fff88123000 	C:\WINDOWS\System32\msvcp_win.dll
0x00007fff89020000 - 0x00007fff89051000 	C:\WINDOWS\System32\IMM32.DLL
0x00007fff76720000 - 0x00007fff7672c000 	C:\Program Files\Java\jdk-24\bin\vcruntime140_1.dll
0x00007fff40870000 - 0x00007fff408fe000 	C:\Program Files\Java\jdk-24\bin\msvcp140.dll
0x00007ffee2cd0000 - 0x00007ffee3a71000 	C:\Program Files\Java\jdk-24\bin\server\jvm.dll
0x00007fff8ab40000 - 0x00007fff8abf4000 	C:\WINDOWS\System32\ADVAPI32.dll
0x00007fff89dd0000 - 0x00007fff89e76000 	C:\WINDOWS\System32\sechost.dll
0x00007fff8a600000 - 0x00007fff8a718000 	C:\WINDOWS\System32\RPCRT4.dll
0x00007fff8a8f0000 - 0x00007fff8a964000 	C:\WINDOWS\System32\WS2_32.dll
0x00007fff869b0000 - 0x00007fff86a0e000 	C:\WINDOWS\SYSTEM32\POWRPROF.dll
0x00007fff7edb0000 - 0x00007fff7edbb000 	C:\WINDOWS\SYSTEM32\VERSION.dll
0x00007fff80580000 - 0x00007fff805b5000 	C:\WINDOWS\SYSTEM32\WINMM.dll
0x00007fff86990000 - 0x00007fff869a4000 	C:\WINDOWS\SYSTEM32\UMPDC.dll
0x00007fff86c70000 - 0x00007fff86c8b000 	C:\WINDOWS\SYSTEM32\kernel.appcore.dll
0x00007fff766c0000 - 0x00007fff766ca000 	C:\Program Files\Java\jdk-24\bin\jimage.dll
0x00007fff85400000 - 0x00007fff85642000 	C:\WINDOWS\SYSTEM32\DBGHELP.DLL
0x00007fff889e0000 - 0x00007fff88d6b000 	C:\WINDOWS\System32\combase.dll
0x00007fff894f0000 - 0x00007fff895c7000 	C:\WINDOWS\System32\OLEAUT32.dll
0x00007fff6ef50000 - 0x00007fff6ef8c000 	C:\WINDOWS\SYSTEM32\dbgcore.DLL
0x00007fff888a0000 - 0x00007fff88945000 	C:\WINDOWS\System32\bcryptPrimitives.dll
0x00007fff51540000 - 0x00007fff5155e000 	C:\Program Files\Java\jdk-24\bin\java.dll
0x00007fff8a9a0000 - 0x00007fff8ab37000 	C:\WINDOWS\System32\ole32.dll
0x00007fff895d0000 - 0x00007fff89d21000 	C:\WINDOWS\System32\SHELL32.dll
0x00007fff87d90000 - 0x00007fff87efb000 	C:\WINDOWS\System32\wintypes.dll
0x00007fff859a0000 - 0x00007fff861fd000 	C:\WINDOWS\SYSTEM32\windows.storage.dll
0x00007fff88ec0000 - 0x00007fff88fb2000 	C:\WINDOWS\System32\SHCORE.dll
0x00007fff8a1c0000 - 0x00007fff8a227000 	C:\WINDOWS\System32\shlwapi.dll
0x00007fff87cb0000 - 0x00007fff87cd9000 	C:\WINDOWS\SYSTEM32\profapi.dll
0x00007fff2db40000 - 0x00007fff2dc17000 	C:\Program Files\Java\jdk-24\bin\jsvml.dll
0x00007fff607f0000 - 0x00007fff60800000 	C:\Program Files\Java\jdk-24\bin\net.dll
0x00007fff871e0000 - 0x00007fff8724b000 	C:\WINDOWS\system32\mswsock.dll
0x00007fff51520000 - 0x00007fff51536000 	C:\Program Files\Java\jdk-24\bin\nio.dll
0x00007fff4fb40000 - 0x00007fff4fb57000 	C:\Program Files\Java\jdk-24\bin\zip.dll
0x00000160a8890000 - 0x00000160a8893000 	C:\Users\priya\.openjfx\cache\21.0.5+1\amd64\api-ms-win-core-console-l1-1-0.dll
0x00000160aa640000 - 0x00000160aa643000 	C:\Users\priya\.openjfx\cache\21.0.5+1\amd64\api-ms-win-core-console-l1-2-0.dll
0x00000160c7f70000 - 0x00000160c7f73000 	C:\Users\priya\.openjfx\cache\21.0.5+1\amd64\api-ms-win-core-datetime-l1-1-0.dll
0x00000160c7f80000 - 0x00000160c7f83000 	C:\Users\priya\.openjfx\cache\21.0.5+1\amd64\api-ms-win-core-debug-l1-1-0.dll
0x00000160c7f90000 - 0x00000160c7f93000 	C:\Users\priya\.openjfx\cache\21.0.5+1\amd64\api-ms-win-core-errorhandling-l1-1-0.dll
0x00000160c7fa0000 - 0x00000160c7fa4000 	C:\Users\priya\.openjfx\cache\21.0.5+1\amd64\api-ms-win-core-file-l1-1-0.dll
0x00000160c7fb0000 - 0x00000160c7fb3000 	C:\Users\priya\.openjfx\cache\21.0.5+1\amd64\api-ms-win-core-file-l1-2-0.dll
0x00000160c7fc0000 - 0x00000160c7fc3000 	C:\Users\priya\.openjfx\cache\21.0.5+1\amd64\api-ms-win-core-file-l2-1-0.dll
0x00000160c7fd0000 - 0x00000160c7fd3000 	C:\Users\priya\.openjfx\cache\21.0.5+1\amd64\api-ms-win-core-handle-l1-1-0.dll
0x00000160c7fe0000 - 0x00000160c7fe3000 	C:\Users\priya\.openjfx\cache\21.0.5+1\amd64\api-ms-win-core-heap-l1-1-0.dll
0x00000160c7ff0000 - 0x00000160c7ff3000 	C:\Users\priya\.openjfx\cache\21.0.5+1\amd64\api-ms-win-core-interlocked-l1-1-0.dll
0x0000016109c00000 - 0x0000016109c03000 	C:\Users\priya\.openjfx\cache\21.0.5+1\amd64\api-ms-win-core-libraryloader-l1-1-0.dll
0x0000016109c10000 - 0x0000016109c13000 	C:\Users\priya\.openjfx\cache\21.0.5+1\amd64\api-ms-win-core-localization-l1-2-0.dll
0x0000016109c20000 - 0x0000016109c23000 	C:\Users\priya\.openjfx\cache\21.0.5+1\amd64\api-ms-win-core-memory-l1-1-0.dll
0x0000016109c30000 - 0x0000016109c33000 	C:\Users\priya\.openjfx\cache\21.0.5+1\amd64\api-ms-win-core-namedpipe-l1-1-0.dll
0x0000016109c40000 - 0x0000016109c43000 	C:\Users\priya\.openjfx\cache\21.0.5+1\amd64\api-ms-win-core-processenvironment-l1-1-0.dll
0x0000016109c50000 - 0x0000016109c53000 	C:\Users\priya\.openjfx\cache\21.0.5+1\amd64\api-ms-win-core-processthreads-l1-1-0.dll
0x0000016109c60000 - 0x0000016109c63000 	C:\Users\priya\.openjfx\cache\21.0.5+1\amd64\api-ms-win-core-processthreads-l1-1-1.dll
0x0000016109c70000 - 0x0000016109c73000 	C:\Users\priya\.openjfx\cache\21.0.5+1\amd64\api-ms-win-core-profile-l1-1-0.dll
0x0000016109c80000 - 0x0000016109c83000 	C:\Users\priya\.openjfx\cache\21.0.5+1\amd64\api-ms-win-core-rtlsupport-l1-1-0.dll
0x0000016109c90000 - 0x0000016109c93000 	C:\Users\priya\.openjfx\cache\21.0.5+1\amd64\api-ms-win-core-string-l1-1-0.dll
0x0000016109ca0000 - 0x0000016109ca3000 	C:\Users\priya\.openjfx\cache\21.0.5+1\amd64\api-ms-win-core-synch-l1-1-0.dll
0x0000016109cb0000 - 0x0000016109cb3000 	C:\Users\priya\.openjfx\cache\21.0.5+1\amd64\api-ms-win-core-synch-l1-2-0.dll
0x0000016109cc0000 - 0x0000016109cc3000 	C:\Users\priya\.openjfx\cache\21.0.5+1\amd64\api-ms-win-core-sysinfo-l1-1-0.dll
0x0000016109cd0000 - 0x0000016109cd3000 	C:\Users\priya\.openjfx\cache\21.0.5+1\amd64\api-ms-win-core-timezone-l1-1-0.dll
0x0000016109ce0000 - 0x0000016109ce3000 	C:\Users\priya\.openjfx\cache\21.0.5+1\amd64\api-ms-win-core-util-l1-1-0.dll
0x0000016109cf0000 - 0x0000016109cf3000 	C:\Users\priya\.openjfx\cache\21.0.5+1\amd64\api-ms-win-crt-conio-l1-1-0.dll
0x0000016109d00000 - 0x0000016109d04000 	C:\Users\priya\.openjfx\cache\21.0.5+1\amd64\api-ms-win-crt-convert-l1-1-0.dll
0x0000016109d10000 - 0x0000016109d13000 	C:\Users\priya\.openjfx\cache\21.0.5+1\amd64\api-ms-win-crt-environment-l1-1-0.dll
0x0000016109d20000 - 0x0000016109d23000 	C:\Users\priya\.openjfx\cache\21.0.5+1\amd64\api-ms-win-crt-filesystem-l1-1-0.dll
0x0000016109d30000 - 0x0000016109d33000 	C:\Users\priya\.openjfx\cache\21.0.5+1\amd64\api-ms-win-crt-heap-l1-1-0.dll
0x0000016109d40000 - 0x0000016109d43000 	C:\Users\priya\.openjfx\cache\21.0.5+1\amd64\api-ms-win-crt-locale-l1-1-0.dll
0x0000016109d50000 - 0x0000016109d55000 	C:\Users\priya\.openjfx\cache\21.0.5+1\amd64\api-ms-win-crt-math-l1-1-0.dll
0x0000016109d60000 - 0x0000016109d65000 	C:\Users\priya\.openjfx\cache\21.0.5+1\amd64\api-ms-win-crt-multibyte-l1-1-0.dll
0x0000016109d70000 - 0x0000016109d80000 	C:\Users\priya\.openjfx\cache\21.0.5+1\amd64\api-ms-win-crt-private-l1-1-0.dll
0x0000016109d80000 - 0x0000016109d83000 	C:\Users\priya\.openjfx\cache\21.0.5+1\amd64\api-ms-win-crt-process-l1-1-0.dll
0x0000016109d90000 - 0x0000016109d94000 	C:\Users\priya\.openjfx\cache\21.0.5+1\amd64\api-ms-win-crt-runtime-l1-1-0.dll
0x0000016109da0000 - 0x0000016109da4000 	C:\Users\priya\.openjfx\cache\21.0.5+1\amd64\api-ms-win-crt-stdio-l1-1-0.dll
0x0000016109db0000 - 0x0000016109db4000 	C:\Users\priya\.openjfx\cache\21.0.5+1\amd64\api-ms-win-crt-string-l1-1-0.dll
0x0000016109dc0000 - 0x0000016109dc3000 	C:\Users\priya\.openjfx\cache\21.0.5+1\amd64\api-ms-win-crt-time-l1-1-0.dll
0x0000016109dd0000 - 0x0000016109dd3000 	C:\Users\priya\.openjfx\cache\21.0.5+1\amd64\api-ms-win-crt-utility-l1-1-0.dll
0x00007fff1cf60000 - 0x00007fff1d05c000 	C:\Users\priya\.openjfx\cache\21.0.5+1\amd64\ucrtbase.dll
0x00007fff4bc90000 - 0x00007fff4bcab000 	C:\Users\priya\.openjfx\cache\21.0.5+1\amd64\vcruntime140.dll
0x00007fff51510000 - 0x00007fff5151c000 	C:\Users\priya\.openjfx\cache\21.0.5+1\amd64\vcruntime140_1.dll
0x00007fff1ced0000 - 0x00007fff1cf5e000 	C:\Users\priya\.openjfx\cache\21.0.5+1\amd64\msvcp140.dll
0x00007fff50010000 - 0x00007fff50019000 	C:\Users\priya\.openjfx\cache\21.0.5+1\amd64\msvcp140_1.dll
0x00007fff441a0000 - 0x00007fff441e1000 	C:\Users\priya\.openjfx\cache\21.0.5+1\amd64\msvcp140_2.dll
0x00007fff4b230000 - 0x00007fff4b260000 	C:\Users\priya\.openjfx\cache\21.0.5+1\amd64\prism_d3d.dll
0x00007fff41b20000 - 0x00007fff41cd0000 	C:\WINDOWS\system32\d3d9.dll
0x00007fff84d30000 - 0x00007fff84d60000 	C:\WINDOWS\SYSTEM32\dwmapi.dll
0x00007fff84da0000 - 0x00007fff84de3000 	C:\WINDOWS\SYSTEM32\dxcore.dll
0x00007fff84870000 - 0x00007fff8491a000 	C:\WINDOWS\system32\uxtheme.dll
0x00007fff84ba0000 - 0x00007fff84cd9000 	C:\WINDOWS\system32\dxgi.dll
0x00007fff7bd40000 - 0x00007fff7c2ea000 	C:\WINDOWS\System32\DriverStore\FileRepository\iigd_dch.inf_amd64_7138826cfb63f3f9\igdgmm64.dll
0x00007fff76ac0000 - 0x00007fff7bd34000 	C:\WINDOWS\System32\DriverStore\FileRepository\iigd_dch.inf_amd64_7138826cfb63f3f9\igc64.dll
0x00007fff87a00000 - 0x00007fff87a57000 	C:\WINDOWS\SYSTEM32\CFGMGR32.dll
0x00007fff7fa60000 - 0x00007fff7fac3000 	C:\WINDOWS\SYSTEM32\directxdatabasehelper.dll
0x00007fff89060000 - 0x00007fff894ea000 	C:\WINDOWS\System32\SETUPAPI.dll
0x00007fff63670000 - 0x00007fff656f0000 	C:\WINDOWS\System32\DriverStore\FileRepository\iigd_dch.inf_amd64_7138826cfb63f3f9\media_bin_64.dll
0x00007fff406d0000 - 0x00007fff40712000 	C:\Users\priya\.openjfx\cache\21.0.5+1\amd64\glass.dll
0x00007fff89f50000 - 0x00007fff8a041000 	C:\WINDOWS\System32\COMDLG32.dll
0x00007fff8a050000 - 0x00007fff8a1ae000 	C:\WINDOWS\System32\MSCTF.dll
0x00007fff63640000 - 0x00007fff63668000 	C:\WINDOWS\System32\DriverStore\FileRepository\iigd_dch.inf_amd64_7138826cfb63f3f9\igdinfo64.dll
0x00007fff40ec0000 - 0x00007fff40ed5000 	C:\Users\priya\.openjfx\cache\21.0.5+1\amd64\javafx_font.dll
0x00007fff82230000 - 0x00007fff82497000 	C:\WINDOWS\SYSTEM32\dwrite.dll
0x00007fff8a800000 - 0x00007fff8a8b0000 	C:\WINDOWS\System32\clbcatq.dll
0x00007fff81ff0000 - 0x00007fff82220000 	C:\WINDOWS\SYSTEM32\WindowsCodecs.dll
0x00007fff41a80000 - 0x00007fff41ada000 	C:\WINDOWS\system32\dataexchange.dll
0x00007fff75620000 - 0x00007fff75864000 	C:\WINDOWS\system32\twinapi.appcore.dll
0x00007fff51350000 - 0x00007fff51497000 	C:\WINDOWS\SYSTEM32\textinputframework.dll
0x00007fff83cb0000 - 0x00007fff83dd7000 	C:\WINDOWS\SYSTEM32\CoreMessaging.dll
0x00007fff7da70000 - 0x00007fff7dd52000 	C:\WINDOWS\SYSTEM32\CoreUIComponents.dll
0x00007fff874c0000 - 0x00007fff874cc000 	C:\WINDOWS\SYSTEM32\CRYPTBASE.DLL
0x00007fff52f80000 - 0x00007fff52f90000 	C:\Program Files\Java\jdk-24\bin\verify.dll
0x00007fff86760000 - 0x00007fff8688c000 	C:\WINDOWS\SYSTEM32\DNSAPI.dll
0x00007fff86720000 - 0x00007fff86754000 	C:\WINDOWS\SYSTEM32\IPHLPAPI.DLL
0x00007fff88eb0000 - 0x00007fff88eba000 	C:\WINDOWS\System32\NSI.dll
0x00007fff80520000 - 0x00007fff8052b000 	C:\Windows\System32\rasadhlp.dll
0x00007fff81a70000 - 0x00007fff81af6000 	C:\WINDOWS\System32\fwpuclnt.dll
0x00007fff4fc70000 - 0x00007fff4fc79000 	C:\Program Files\Java\jdk-24\bin\extnet.dll
0x00007fff82c60000 - 0x00007fff8329c000 	C:\WINDOWS\SYSTEM32\d2d1.dll
0x00007fff829f0000 - 0x00007fff82c52000 	C:\WINDOWS\SYSTEM32\d3d11.dll

JVMTI agents: none

dbghelp: loaded successfully - version: 4.0.5 - missing functions: none
symbol engine: initialized successfully - sym options: 0x614 - pdb path: .;C:\Program Files\Java\jdk-24\bin;C:\WINDOWS\SYSTEM32;C:\WINDOWS\WinSxS\amd64_microsoft.windows.common-controls_6595b64144ccf1df_6.0.26100.7019_none_3e06ffa0e335b8a8;C:\Program Files\Java\jdk-24\bin\server;C:\Users\priya\.openjfx\cache\21.0.5+1\amd64;C:\WINDOWS\System32\DriverStore\FileRepository\iigd_dch.inf_amd64_7138826cfb63f3f9;C:\Program Files\Common Files\Microsoft Shared\Ink;C:\Program Files (x86)\Windows Kits\10\Redist\ucrt\DLLs\x64;C:\Users\priya\.javacpp\cache\openblas-0.3.26-1.5.10-windows-x86_64.jar\org\bytedeco\openblas\windows-x86_64;C:\Users\priya\.javacpp\cache\javacpp-1.5.10-windows-x86_64.jar\org\bytedeco\javacpp\windows-x86_64;C:\Users\priya\.javacpp\cache\opencv-4.9.0-1.5.10-windows-x86_64.jar\org\bytedeco\opencv\windows-x86_64;C:\WINDOWS\System32\DriverStore\FileRepository\nvdm.inf_amd64_ab62246c65b5d607

VM Arguments:
jvm_args: --add-modules=javafx.controls,javafx.fxml --enable-native-access=ALL-UNNAMED --module-path=C:\Users\priya\.m2\repository\org\openjfx\javafx-base\21.0.5\javafx-base-21.0.5-win.jar;C:\Users\priya\.m2\repository\org\openjfx\javafx-base\21.0.5\javafx-base-21.0.5.jar;C:\Users\priya\.m2\repository\org\openjfx\javafx-controls\21.0.5\javafx-controls-21.0.5-win.jar;C:\Users\priya\.m2\repository\org\openjfx\javafx-controls\21.0.5\javafx-controls-21.0.5.jar;C:\Users\priya\.m2\repository\org\openjfx\javafx-fxml\21.0.5\javafx-fxml-21.0.5-win.jar;C:\Users\priya\.m2\repository\org\openjfx\javafx-fxml\21.0.5\javafx-fxml-21.0.5.jar;C:\Users\priya\.m2\repository\org\openjfx\javafx-graphics\21.0.5\javafx-graphics-21.0.5-win.jar;C:\Users\priya\.m2\repository\org\openjfx\javafx-graphics\21.0.5\javafx-graphics-21.0.5.jar --add-modules=javafx.base,javafx.controls,javafx.fxml,javafx.graphics 
java_command: com.priya.neurosyncdemo.App
java_class_path (initial): C:\Java IntelliJ Programming\NeurosyncDemo\target\classes;C:\Users\priya\.m2\repository\com\google\protobuf\protobuf-java\3.25.1\protobuf-java-3.25.1.jar;C:\Users\priya\.m2\repository\com\mysql\mysql-connector-j\8.3.0\mysql-connector-j-8.3.0.jar;C:\Users\priya\.m2\repository\com\zaxxer\HikariCP\5.1.0\HikariCP-5.1.0.jar;C:\Users\priya\.m2\repository\commons-codec\commons-codec\1.15\commons-codec-1.15.jar;C:\Users\priya\.m2\repository\commons-logging\commons-logging\1.2\commons-logging-1.2.jar;C:\Users\priya\.m2\repository\io\netty\netty-buffer\4.1.108.Final\netty-buffer-4.1.108.Final.jar;C:\Users\priya\.m2\repository\io\netty\netty-codec\4.1.108.Final\netty-codec-4.1.108.Final.jar;C:\Users\priya\.m2\repository\io\netty\netty-codec-http\4.1.108.Final\netty-codec-http-4.1.108.Final.jar;C:\Users\priya\.m2\repository\io\netty\netty-codec-http2\4.1.108.Final\netty-codec-http2-4.1.108.Final.jar;C:\Users\priya\.m2\repository\io\netty\netty-common\4.1.108.Final\netty-common-4.1.108.Final.jar;C:\Users\priya\.m2\repository\io\netty\netty-handler\4.1.108.Final\netty-handler-4.1.108.Final.jar;C:\Users\priya\.m2\repository\io\netty\netty-resolver\4.1.108.Final\netty-resolver-4.1.108.Final.jar;C:\Users\priya\.m2\repository\io\netty\netty-transport\4.1.108.Final\netty-transport-4.1.108.Final.jar;C:\Users\priya\.m2\repository\io\netty\netty-transport-classes-epoll\4.1.108.Final\netty-transport-classes-epoll-4.1.108.Final.jar;C:\Users\priya\.m2\repository\io\netty\netty-transport-native-unix-common\4.1.108.Final\netty-transport-native-unix-common-4.1.108.Final.jar;C:\Users\priya\.m2\repository\org\apache\httpcomponents\httpclient\4.5.13\httpclient-4.5.13.jar;C:\Users\priya\.m2\repository\org\apache\httpcomponents\httpcore\4.4.13\httpcore-4.4.13.jar;C:\Users\priya\.m2\repository\org\bytedeco\artoolkitplus\2.3.1-1.5.9\artoolkitplus-2.3.1-1.5.9-android-arm.jar;C:\Users\priya\.m2\repository\org\bytedeco\artoolkitplus\2.3.1-1.5.9\artoolkitplus-2.3.1-1.5.9-android-arm64.jar;C:\Users\priya\.m2\repository\org\bytedeco\artoolkitplus\2.3.1-1.5.9\artoolkitplus-2.3.1-1.5.9-android-x86.jar;C:\Users\priya\.m2\repository\org\bytedeco\artoolkitplus\2.3.1-1.5.9\artoolkitplus-2.3.1-1.5.9-android-x86_64.jar;C:\Users\priya\.m2\repository\org\bytedeco\artoolkitplus\2.3.1-1.5.9\artoolkitplus-2.3.1-1.5.9-linux-arm64.jar;C:\Users\priya\.m2\repository\org\bytedeco\artoolkitplus\2.3.1-1.5.9\artoolkitplus-2.3.1-1.5.9-linux-armhf.jar;C:\Users\priya\.m2\repository\org\bytedeco\artoolkitplus\2.3.1-1.5.9\artoolkitplus-2.3.1-1.5.9-linux-ppc64le.jar;C:\Users\priya\.m2\repository\org\bytedeco\artoolkitplus\2.3.1-1.5.9\artoolkitplus-2.3.1-1.5.9-linux-x86.jar;C:\Users\priya\.m2\repository\org\bytedeco\artoolkitplus\2.3.1-1.5.9\artoolkitplus-2.3.1-1.5.9-linux-x86_64.jar;C:\Users\priya\.m2\repository\org\bytedeco\artoolkitplus\2.3.1-1.5.9\artoolkitplus-2.3.1-1.5.9-macosx-x86_64.jar;C:\Users\priya\.m2\repository\org\bytedeco\artoolkitplus\2.3.1-1.5.9\artoolkitplus-2.3.1-1.5.9-windows-x86.jar;C:\Users\priya\.m2\repository\org\bytedeco\artoolkitplus\2.3.1-1.5.9\artoolkitplus-2.3.1-1.5.9-windows-x86_64.jar;C:\Users\priya\.m2\repository\org\bytedeco\artoolkitplus\2.3.1-1.5.9\artoolkitplus-2.3.1-1.5.9.jar;C:\Users\priya\.m2\repository\org\bytedeco\artoolkitplus-platform\2.3.1-1.5.9\artoolkitplus-platform-2.3.1-1.5.9.jar;C:\Users\priya\.m2\repository\org\bytedeco\ffmpeg\6.1.1-1.5.10\ffmpeg-6.1.1-1.5.10-android-arm64.jar;C:\Users\priya\.m2\repository\org\bytedeco\ffmpeg\6.1.1-1.5.10\ffmpeg-6.1.1-1.5.10-android-x86_64.jar;C:\Users\priya\.m2\repository\org\bytedeco\ffmpeg\6.1.1-1.5.10\ffmpeg-6.1.1-1.5.10-linux-arm64.jar;C:\Users\priya\.m2\repository\org\bytedeco\ffmpeg\6.1.1-1.5.10\ffmpeg-6.1.1-1.5.10-linux-ppc64le.jar;C:\Users\priya\.m2\repository\org\bytedeco\ffmpeg\6.1.1-1.5.10\ffmpeg-6.1.1-1.5.10-linux-x86_64.jar;C:\Users\priya\.m2\repository\org\bytedeco\ffmpeg\6.1.1-1.5.10\ffmpeg-6.1.1-1.5.10-macosx-arm64.jar;C:\Users\priya\.m2\repository\org\bytedeco\ffmpeg\6.1.1-1.5.10\ffmpeg-6.1.1-1.5.10-macosx-x86_64.jar;C:\Users\priya\.m2\repository\org\bytedeco\ffmpeg\6.1.1-1.5.10\ffmpeg-6.1.1-1.5.10-windows-x86_64.jar;C:\Users\priya\.m2\repository\org\bytedeco\ffmpeg\6.1.1-1.5.10\ffmpeg-6.1.1-1.5.10.jar;C:\Users\priya\.m2\repository\org\bytedeco\ffmpeg-platform\6.1.1-1.5.10\ffmpeg-platform-6.1.1-1.5.10.jar;C:\Users\priya\.m2\repository\org\bytedeco\flycapture\2.13.3.31-1.5.9\flycapture-2.13.3.31-1.5.9-linux-arm64.jar;C:\Users\priya\.m2\repository\org\bytedeco\flycapture\2.13.3.31-1.5.9\flycapture-2.13.3.31-1.5.9-linux-armhf.jar;C:\Users\priya\.m2\repository\org\bytedeco\flycapture\2.13.3.31-1.5.9\flycapture-2.13.3.31-1.5.9-linux-x86.jar;C:\Users\priya\.m2\repository\org\bytedeco\flycapture\2.13.3.31-1.5.9\flycapture-2.13.3.31-1.5.9-linux-x86_64.jar;C:\Users\priya\.m2\repository\org\bytedeco\flycapture\2.13.3.31-1.5.9\flycapture-2.13.3.31-1.5.9-windows-x86.jar;C:\Users\priya\.m2\repository\org\bytedeco\flycapture\2.13.3.31-1.5.9\flycapture-2.13.3.31-1.5.9-windows-x86_64.jar;C:\Users\priya\.m2\repository\org\bytedeco\flycapture\2.13.3.31-1.5.9\flycapture-2.13.3.31-1.5.9.jar;C:\Users\priya\.m2\repository\org\bytedeco\flycapture-platform\2.13.3.31-1.5.9\flycapture-platform-2.13.3.31-1.5.9.jar;C:\Users\priya\.m2\repository\org\bytedeco\javacpp\1.5.10\javacpp-1.5.10-android-arm64.jar;C:\Users\priya\.m2\repository\org\bytedeco\javacpp\1.5.10\javacpp-1.5.10-android-x86_64.jar;C:\Users\priya\.m2\repository\org\bytedeco\javacpp\1.5.10\javacpp-1.5.10-ios-arm64.jar;C:\Users\priya\.m2\repository\org\bytedeco\javacpp\1.5.10\javacpp-1.5.10-ios-x86_64.jar;C:\Users\priya\.m2\repository\org\bytedeco\javacpp\1.5.10\javacpp-1.5.10-linux-arm64.jar;C:\Users\priya\.m2\repository\org\bytedeco\javacpp\1.5.10\javacpp-1.5.10-linux-ppc64le.jar;C:\Users\priya\.m2\repository\org\bytedeco\javacpp\1.5.10\javacpp-1.5.10-linux-x86_64.jar;C:\Users\priya\.m2\repository\org\bytedeco\javacpp\1.5.10\javacpp-1.5.10-macosx-arm64.jar;C:\Users\priya\.m2\repository\org\bytedeco\javacpp\1.5.10\javacpp-1.5.10-macosx-x86_64.jar;C:\Users\priya\.m2\repository\org\bytedeco\javacpp\1.5.10\javacpp-1.5.10-windows-x86_64.jar;C:\Users\priya\.m2\repository\org\bytedeco\javacpp\1.5.10\javacpp-1.5.10.jar;C:\Users\priya\.m2\repository\org\bytedeco\javacpp-platform\1.5.10\javacpp-platform-1.5.10.jar;C:\Users\priya\.m2\repository\org\bytedeco\javacv\1.5.10\javacv-1.5.10.jar;C:\Users\priya\.m2\repository\org\bytedeco\javacv-platform\1.5.10\javacv-platform-1.5.10.jar;C:\Users\priya\.m2\repository\org\bytedeco\leptonica\1.84.1-1.5.10\leptonica-1.84.1-1.5.10-android-arm64.jar;C:\Users\priya\.m2\repository\org\bytedeco\leptonica\1.84.1-1.5.10\leptonica-1.84.1-1.5.10-android-x86_64.jar;C:\Users\priya\.m2\repository\org\bytedeco\leptonica\1.84.1-1.5.10\leptonica-1.84.1-1.5.10-linux-arm64.jar;C:\Users\priya\.m2\repository\org\bytedeco\leptonica\1.84.1-1.5.10\leptonica-1.84.1-1.5.10-linux-ppc64le.jar;C:\Users\priya\.m2\repository\org\bytedeco\leptonica\1.84.1-1.5.10\leptonica-1.84.1-1.5.10-linux-x86_64.jar;C:\Users\priya\.m2\repository\org\bytedeco\leptonica\1.84.1-1.5.10\leptonica-1.84.1-1.5.10-macosx-arm64.jar;C:\Users\priya\.m2\repository\org\bytedeco\leptonica\1.84.1-1.5.10\leptonica-1.84.1-1.5.10-macosx-x86_64.jar;C:\Users\priya\.m2\repository\org\bytedeco\leptonica\1.84.1-1.5.10\leptonica-1.84.1-1.5.10-windows-x86_64.jar;C:\Users\priya\.m2\repository\org\bytedeco\leptonica\1.84.1-1.5.10\leptonica-1.84.1-1.5.10.jar;C:\Users\priya\.m2\repository\org\bytedeco\leptonica-platform\1.84.1-1.5.10\leptonica-platform-1.84.1-1.5.10.jar;C:\Users\priya\.m2\repository\org\bytedeco\libdc1394\2.2.6-1.5.9\libdc1394-2.2.6-1.5.9-linux-arm64.jar;C:\Users\priya\.m2\repository\org\bytedeco\libdc1394\2.2.6-1.5.9\libdc1394-2.2.6-1.5.9-linux-armhf.jar;C:\Users\priya\.m2\repository\org\bytedeco\libdc1394\2.2.6-1.5.9\libdc1394-2.2.6-1.5.9-linux-ppc64le.jar;C:\Users\priya\.m2\repository\org\bytedeco\libdc1394\2.2.6-1.5.9\libdc1394-2.2.6-1.5.9-linux-x86.jar;C:\Users\priya\.m2\repository\org\bytedeco\libdc1394\2.2.6-1.5.9\libdc1394-2.2.6-1.5.9-linux-x86_64.jar;C:\Users\priya\.m2\repository\org\bytedeco\libdc1394\2.2.6-1.5.9\libdc1394-2.2.6-1.5.9-macosx-x86_64.jar;C:\Users\priya\.m2\repository\org\bytedeco\libdc1394\2.2.6-1.5.9\libdc1394-2.2.6-1.5.9-windows-x86.jar;C:\Users\priya\.m2\repository\org\bytedeco\libdc1394\2.2.6-1.5.9\libdc1394-2.2.6-1.5.9-windows-x86_64.jar;C:\Users\priya\.m2\repository\org\bytedeco\libdc1394\2.2.6-1.5.9\libdc1394-2.2.6-1.5.9.jar;C:\Users\priya\.m2\repository\org\bytedeco\libdc1394-platform\2.2.6-1.5.9\libdc1394-platform-2.2.6-1.5.9.jar;C:\Users\priya\.m2\repository\org\bytedeco\libfreenect\0.5.7-1.5.9\libfreenect-0.5.7-1.5.9-linux-arm64.jar;C:\Users\priya\.m2\repository\org\bytedeco\libfreenect\0.5.7-1.5.9\libfreenect-0.5.7-1.5.9-linux-armhf.jar;C:\Users\priya\.m2\repository\org\bytedeco\libfreenect\0.5.7-1.5.9\libfreenect-0.5.7-1.5.9-linux-ppc64le.jar;C:\Users\priya\.m2\repository\org\bytedeco\libfreenect\0.5.7-1.5.9\libfreenect-0.5.7-1.5.9-linux-x86.jar;C:\Users\priya\.m2\repository\org\bytedeco\libfreenect\0.5.7-1.5.9\libfreenect-0.5.7-1.5.9-linux-x86_64.jar;C:\Users\priya\.m2\repository\org\bytedeco\libfreenect\0.5.7-1.5.9\libfreenect-0.5.7-1.5.9-macosx-x86_64.jar;C:\Users\priya\.m2\repository\org\bytedeco\libfreenect\0.5.7-1.5.9\libfreenect-0.5.7-1.5.9-windows-x86.jar;C:\Users\priya\.m2\repository\org\bytedeco\libfreenect\0.5.7-1.5.9\libfreenect-0.5.7-1.5.9-windows-x86_64.jar;C:\Users\priya\.m2\repository\org\bytedeco\libfreenect\0.5.7-1.5.9\libfreenect-0.5.7-1.5.9.jar;C:\Users\priya\.m2\repository\org\bytedeco\libfreenect-platform\0.5.7-1.5.9\libfreenect-platform-0.5.7-1.5.9.jar;C:\Users\priya\.m2\repository\org\bytedeco\libfreenect2\0.2.0-1.5.9\libfreenect2-0.2.0-1.5.9-linux-x86.jar;C:\Users\priya\.m2\repository\org\bytedeco\libfreenect2\0.2.0-1.5.9\libfreenect2-0.2.0-1.5.9-linux-x86_64.jar;C:\Users\priya\.m2\repository\org\bytedeco\libfreenect2\0.2.0-1.5.9\libfreenect2-0.2.0-1.5.9-macosx-x86_64.jar;C:\Users\priya\.m2\repository\org\bytedeco\libfreenect2\0.2.0-1.5.9\libfreenect2-0.2.0-1.5.9-windows-x86_64.jar;C:\Users\priya\.m2\repository\org\bytedeco\libfreenect2\0.2.0-1.5.9\libfreenect2-0.2.0-1.5.9.jar;C:\Users\priya\.m2\repository\org\bytedeco\libfreenect2-platform\0.2.0-1.5.9\libfreenect2-platform-0.2.0-1.5.9.jar;C:\Users\priya\.m2\repository\org\bytedeco\librealsense\1.12.4-1.5.9\librealsense-1.12.4-1.5.9-linux-arm64.jar;C:\Users\priya\.m2\repository\org\bytedeco\librealsense\1.12.4-1.5.9\librealsense-1.12.4-1.5.9-linux-armhf.jar;C:\Users\priya\.m2\repository\org\bytedeco\librealsense\1.12.4-1.5.9\librealsense-1.12.4-1.5.9-linux-x86.jar;C:\Users\priya\.m2\repository\org\bytedeco\librealsense\1.12.4-1.5.9\librealsense-1.12.4-1.5.9-linux-x86_64.jar;C:\Users\priya\.m2\repository\org\bytedeco\librealsense\1.12.4-1.5.9\librealsense-1.12.4-1.5.9-macosx-x86_64.jar;C:\Users\priya\.m2\repository\org\bytedeco\librealsense\1.12.4-1.5.9\librealsense-1.12.4-1.5.9-windows-x86.jar;C:\Users\priya\.m2\repository\org\bytedeco\librealsense\1.12.4-1.5.9\librealsense-1.12.4-1.5.9-windows-x86_64.jar;C:\Users\priya\.m2\repository\org\bytedeco\librealsense\1.12.4-1.5.9\librealsense-1.12.4-1.5.9.jar;C:\Users\priya\.m2\repository\org\bytedeco\librealsense-platform\1.12.4-1.5.9\librealsense-platform-1.12.4-1.5.9.jar;C:\Users\priya\.m2\repository\org\bytedeco\librealsense2\2.53.1-1.5.9\librealsense2-2.53.1-1.5.9-linux-arm64.jar;C:\Users\priya\.m2\repository\org\bytedeco\librealsense2\2.53.1-1.5.9\librealsense2-2.53.1-1.5.9-linux-armhf.jar;C:\Users\priya\.m2\repository\org\bytedeco\librealsense2\2.53.1-1.5.9\librealsense2-2.53.1-1.5.9-linux-x86.jar;C:\Users\priya\.m2\repository\org\bytedeco\librealsense2\2.53.1-1.5.9\librealsense2-2.53.1-1.5.9-linux-x86_64.jar;C:\Users\priya\.m2\repository\org\bytedeco\librealsense2\2.53.1-1.5.9\librealsense2-2.53.1-1.5.9-macosx-x86_64.jar;C:\Users\priya\.m2\repository\org\bytedeco\librealsense2\2.53.1-1.5.9\librealsense2-2.53.1-1.5.9-windows-x86.jar;C:\Users\priya\.m2\repository\org\bytedeco\librealsense2\2.53.1-1.5.9\librealsense2-2.53.1-1.5.9-windows-x86_64.jar;C:\Users\priya\.m2\repository\org\bytedeco\librealsense2\2.53.1-1.5.9\librealsense2-2.53.1-1.5.9.jar;C:\Users\priya\.m2\repository\org\bytedeco\librealsense2-platform\2.53.1-1.5.9\librealsense2-platform-2.53.1-1.5.9.jar;C:\Users\priya\.m2\repository\org\bytedeco\openblas\0.3.26-1.5.10\openblas-0.3.26-1.5.10-android-arm64.jar;C:\Users\priya\.m2\repository\org\bytedeco\openblas\0.3.26-1.5.10\openblas-0.3.26-1.5.10-android-x86_64.jar;C:\Users\priya\.m2\repository\org\bytedeco\openblas\0.3.26-1.5.10\openblas-0.3.26-1.5.10-ios-arm64.jar;C:\Users\priya\.m2\repository\org\bytedeco\openblas\0.3.26-1.5.10\openblas-0.3.26-1.5.10-ios-x86_64.jar;C:\Users\priya\.m2\repository\org\bytedeco\openblas\0.3.26-1.5.10\openblas-0.3.26-1.5.10-linux-arm64.jar;C:\Users\priya\.m2\repository\org\bytedeco\openblas\0.3.26-1.5.10\openblas-0.3.26-1.5.10-linux-ppc64le.jar;C:\Users\priya\.m2\repository\org\bytedeco\openblas\0.3.26-1.5.10\openblas-0.3.26-1.5.10-linux-x86_64.jar;C:\Users\priya\.m2\repository\org\bytedeco\openblas\0.3.26-1.5.10\openblas-0.3.26-1.5.10-macosx-arm64.jar;C:\Users\priya\.m2\repository\org\bytedeco\openblas\0.3.26-1.5.10\openblas-0.3.26-1.5.10-macosx-x86_64.jar;C:\Users\priya\.m2\repository\org\bytedeco\openblas\0.3.26-1.5.10\openblas-0.3.26-1.5.10-windows-x86_64.jar;C:\Users\priya\.m2\repository\org\bytedeco\openblas\0.3.26-1.5.10\openblas-0.3.26-1.5.10.jar;C:\Users\priya\.m2\repository\org\bytedeco\openblas-platform\0.3.26-1.5.10\openblas-platform-0.3.26-1.5.10.jar;C:\Users\priya\.m2\repository\org\bytedeco\opencv\4.9.0-1.5.10\opencv-4.9.0-1.5.10-android-arm64.jar;C:\Users\priya\.m2\repository\org\bytedeco\opencv\4.9.0-1.5.10\opencv-4.9.0-1.5.10-android-x86_64.jar;C:\Users\priya\.m2\repository\org\bytedeco\opencv\4.9.0-1.5.10\opencv-4.9.0-1.5.10-ios-arm64.jar;C:\Users\priya\.m2\repository\org\bytedeco\opencv\4.9.0-1.5.10\opencv-4.9.0-1.5.10-ios-x86_64.jar;C:\Users\priya\.m2\repository\org\bytedeco\opencv\4.9.0-1.5.10\opencv-4.9.0-1.5.10-linux-arm64.jar;C:\Users\priya\.m2\repository\org\bytedeco\opencv\4.9.0-1.5.10\opencv-4.9.0-1.5.10-linux-ppc64le.jar;C:\Users\priya\.m2\repository\org\bytedeco\opencv\4.9.0-1.5.10\opencv-4.9.0-1.5.10-linux-x86_64.jar;C:\Users\priya\.m2\repository\org\bytedeco\opencv\4.9.0-1.5.10\opencv-4.9.0-1.5.10-macosx-arm64.jar;C:\Users\priya\.m2\repository\org\bytedeco\opencv\4.9.0-1.5.10\opencv-4.9.0-1.5.10-macosx-x86_64.jar;C:\Users\priya\.m2\repository\org\bytedeco\opencv\4.9.0-1.5.10\opencv-4.9.0-1.5.10-windows-x86_64.jar;C:\Users\priya\.m2\repository\org\bytedeco\opencv\4.9.0-1.5.10\opencv-4.9.0-1.5.10.jar;C:\Users\priya\.m2\repository\org\bytedeco\opencv-platform\4.9.0-1.5.10\opencv-platform-4.9.0-1.5.10.jar;C:\Users\priya\.m2\repository\org\bytedeco\tesseract\5.3.4-1.5.10\tesseract-5.3.4-1.5.10-android-arm64.jar;C:\Users\priya\.m2\repository\org\bytedeco\tesseract\5.3.4-1.5.10\tesseract-5.3.4-1.5.10-android-x86_64.jar;C:\Users\priya\.m2\repository\org\bytedeco\tesseract\5.3.4-1.5.10\tesseract-5.3.4-1.5.10-linux-arm64.jar;C:\Users\priya\.m2\repository\org\bytedeco\tesseract\5.3.4-1.5.10\tesseract-5.3.4-1.5.10-linux-ppc64le.jar;C:\Users\priya\.m2\repository\org\bytedeco\tesseract\5.3.4-1.5.10\tesseract-5.3.4-1.5.10-linux-x86_64.jar;C:\Users\priya\.m2\repository\org\bytedeco\tesseract\5.3.4-1.5.10\tesseract-5.3.4-1.5.10-macosx-arm64.jar;C:\Users\priya\.m2\repository\org\bytedeco\tesseract\5.3.4-1.5.10\tesseract-5.3.4-1.5.10-macosx-x86_64.jar;C:\Users\priya\.m2\repository\org\bytedeco\tesseract\5.3.4-1.5.10\tesseract-5.3.4-1.5.10-windows-x86_64.jar;C:\Users\priya\.m2\repository\org\bytedeco\tesseract\5.3.4-1.5.10\tesseract-5.3.4-1.5.10.jar;C:\Users\priya\.m2\repository\org\bytedeco\tesseract-platform\5.3.4-1.5.10\tesseract-platform-5.3.4-1.5.10.jar;C:\Users\priya\.m2\repository\org\bytedeco\videoinput\0.200-1.5.9\videoinput-0.200-1.5.9-windows-x86.jar;C:\Users\priya\.m2\repository\org\bytedeco\videoinput\0.200-1.5.9\videoinput-0.200-1.5.9-windows-x86_64.jar;C:\Users\priya\.m2\repository\org\bytedeco\videoinput\0.200-1.5.9\videoinput-0.200-1.5.9.jar;C:\Users\priya\.m2\repository\org\bytedeco\videoinput-platform\0.200-1.5.9\videoinput-platform-0.200-1.5.9.jar;C:\Users\priya\.m2\repository\org\mindrot\jbcrypt\0.4\jbcrypt-0.4.jar;C:\Users\priya\.m2\repository\org\reactivestreams\reactive-streams\1.0.4\reactive-streams-1.0.4.jar;C:\Users\priya\.m2\repository\org\slf4j\slf4j-api\1.7.36\slf4j-api-1.7.36.jar;C:\Users\priya\.m2\repository\org\slf4j\slf4j-simple\2.0.9\slf4j-simple-2.0.9.jar;C:\Users\priya\.m2\repository\software\amazon\awssdk\annotations\2.25.61\annotations-2.25.61.jar;C:\Users\priya\.m2\repository\software\amazon\awssdk\apache-client\2.25.61\apache-client-2.25.61.jar;C:\Users\priya\.m2\repository\software\amazon\awssdk\auth\2.25.61\auth-2.25.61.jar;C:\Users\priya\.m2\repository\software\amazon\awssdk\aws-core\2.25.61\aws-core-2.25.61.jar;C:\Users\priya\.m2\repository\software\amazon\awssdk\aws-json-protocol\2.25.61\aws-json-protocol-2.25.61.jar;C:\Users\priya\.m2\repository\software\amazon\awssdk\checksums\2.25.61\checksums-2.25.61.jar;C:\Users\priya\.m2\repository\software\amazon\awssdk\checksums-spi\2.25.61\checksums-spi-2.25.61.jar;C:\Users\priya\.m2\repository\software\amazon\awssdk\endpoints-spi\2.25.61\endpoints-spi-2.25.61.jar;C:\Users\priya\.m2\repository\software\amazon\awssdk\http-auth\2.25.61\http-auth-2.25.61.jar;C:\Users\priya\.m2\repository\software\amazon\awssdk\http-auth-aws\2.25.61\http-auth-aws-2.25.61.jar;C:\Users\priya\.m2\repository\software\amazon\awssdk\http-auth-spi\2.25.61\http-auth-spi-2.25.61.jar;C:\Users\priya\.m2\repository\software\amazon\awssdk\http-client-spi\2.25.61\http-client-spi-2.25.61.jar;C:\Users\priya\.m2\repository\software\amazon\awssdk\identity-spi\2.25.61\identity-spi-2.25.61.jar;C:\Users\priya\.m2\repository\software\amazon\awssdk\json-utils\2.25.61\json-utils-2.25.61.jar;C:\Users\priya\.m2\repository\software\amazon\awssdk\metrics-spi\2.25.61\metrics-spi-2.25.61.jar;C:\Users\priya\.m2\repository\software\amazon\awssdk\netty-nio-client\2.25.61\netty-nio-client-2.25.61.jar;C:\Users\priya\.m2\repository\software\amazon\awssdk\profiles\2.25.61\profiles-2.25.61.jar;C:\Users\priya\.m2\repository\software\amazon\awssdk\protocol-core\2.25.61\protocol-core-2.25.61.jar;C:\Users\priya\.m2\repository\software\amazon\awssdk\regions\2.25.61\regions-2.25.61.jar;C:\Users\priya\.m2\repository\software\amazon\awssdk\rekognition\2.25.61\rekognition-2.25.61.jar;C:\Users\priya\.m2\repository\software\amazon\awssdk\sdk-core\2.25.61\sdk-core-2.25.61.jar;C:\Users\priya\.m2\repository\software\amazon\awssdk\third-party-jackson-core\2.25.61\third-party-jackson-core-2.25.61.jar;C:\Users\priya\.m2\repository\software\amazon\awssdk\utils\2.25.61\utils-2.25.61.jar;C:\Users\priya\.m2\repository\software\amazon\eventstream\eventstream\1.0.1\eventstream-1.0.1.jar
Launcher Type: SUN_STANDARD

[Global flags]
     intx CICompilerCount                          = 12                                        {product} {ergonomic}
     uint ConcGCThreads                            = 3                                         {product} {ergonomic}
     uint G1ConcRefinementThreads                  = 13                                        {product} {ergonomic}
   size_t G1HeapRegionSize                         = 1048576                                   {product} {ergonomic}
   size_t InitialHeapSize                          = 130023424                                 {product} {ergonomic}
   size_t MarkStackSize                            = 4194304                                   {product} {ergonomic}
   size_t MarkStackSizeMax                         = 536870912                                 {product} {ergonomic}
   size_t MaxHeapSize                              = 2065694720                                {product} {ergonomic}
   size_t MaxNewSize                               = 1239416832                                {product} {ergonomic}
   size_t MinHeapDeltaBytes                        = 1048576                                   {product} {ergonomic}
   size_t MinHeapSize                              = 8388608                                   {product} {ergonomic}
    uintx NonNMethodCodeHeapSize                   = 7602176                                {pd product} {ergonomic}
    uintx NonProfiledCodeHeapSize                  = 122093568                              {pd product} {ergonomic}
    uintx ProfiledCodeHeapSize                     = 121962496                              {pd product} {ergonomic}
    uintx ReservedCodeCacheSize                    = 251658240                              {pd product} {ergonomic}
     bool SegmentedCodeCache                       = true                                      {product} {ergonomic}
   size_t SoftMaxHeapSize                          = 2065694720                             {manageable} {ergonomic}
     bool UseCompressedOops                        = true                           {product lp64_product} {ergonomic}
     bool UseG1GC                                  = true                                      {product} {ergonomic}
     bool UseLargePagesIndividualAllocation        = false                                  {pd product} {ergonomic}

Logging:
Log output configuration:
 #0: stdout all=warning uptime,level,tags foldmultilines=false
 #1: stderr all=off uptime,level,tags foldmultilines=false

Environment Variables:
PATH=C:\Program Files\Common Files\Oracle\Java\javapath;C:\WINDOWS\system32;C:\WINDOWS;C:\WINDOWS\System32\Wbem;C:\WINDOWS\System32\WindowsPowerShell\v1.0\;C:\WINDOWS\System32\OpenSSH\;C:\Program Files\dotnet\;C:\Program Files (x86)\NVIDIA Corporation\PhysX\Common;C:\Program Files\NVIDIA Corporation\NVIDIA NvDLISR;C:\Program Files\Java\jdk-24\bin;C:\mingw-w64\mingw64\bin;C:\Program Files\nodejs\;C:\ProgramData\chocolatey\bin;C:\Program Files\apache-maven-3.9.11\bin;C:\Program Files\Amazon\AWSCLIV2\;C:\Program Files\Git\cmd;C:\Users\priya\AppData\Local\Programs\Python\Python313\Scripts\;C:\Users\priya\AppData\Local\Programs\Python\Python313\;C:\Users\priya\AppData\Local\Programs\Python\Launcher\;C:\Users\priya\AppData\Local\Microsoft\WindowsApps;C:\Users\priya\AppData\Local\GitHubDesktop\bin;C:\MinGW\bin;C:\Program Files\JetBrains\IntelliJ IDEA Community Edition 2025.2\bin;C:\Users\priya\AppData\Local\Programs\Microsoft VS Code Insiders\bin;C:\Users\priya\AppData\Roaming\npm
USERNAME=priya
OS=Windows_NT
PROCESSOR_IDENTIFIER=Intel64 Family 6 Model 183 Stepping 1, GenuineIntel
TMP=C:\Users\priya\AppData\Local\Temp
TEMP=C:\Users\priya\AppData\Local\Temp




Periodic native trim disabled

---------------  S Y S T E M  ---------------

OS:
 Windows 11 , 64 bit Build 26100 (10.0.26100.7019)
OS uptime: 7 days 21:09 hours
Hyper-V role detected

CPU: total 16 (initial active 16) (8 cores per cpu, 2 threads per core) family 6 model 183 stepping 1 microcode 0x12f, cx8, cmov, fxsr, ht, mmx, 3dnowpref, sse, sse2, sse3, ssse3, sse4.1, sse4.2, popcnt, lzcnt, tsc, tscinvbit, avx, avx2, aes, erms, clmul, bmi1, bmi2, adx, sha, fma, vzeroupper, clflush, clflushopt, clwb, hv, serialize, rdtscp, rdpid, fsrm, gfni, f16c, cet_ibt, cet_ss
Processor Information for the first 16 processors :
  Max Mhz: 2400, Current Mhz: 2400, Mhz Limit: 2400

Memory: 4k page, system-wide physical 7876M (426M free)
TotalPageFile size 32452M (AvailPageFile size 5M)
current process WorkingSet (physical memory assigned to process): 157M, peak: 673M
current process commit charge ("private bytes"): 4411M, peak: 4679M

vm_info: Java HotSpot(TM) 64-Bit Server VM (24.0.2+12-54) for windows-amd64 JRE (24.0.2+12-54), built on 2025-07-08T12:10:27Z with MS VC++ 17.6 (VS2022)

END.
