#
# There is insufficient memory for the Java Runtime Environment to continue.
# Native memory allocation (malloc) failed to allocate 1352016 bytes. Error detail: Chunk::new
# Possible reasons:
#   The system is out of physical RAM or swap space
#   This process is running with CompressedOops enabled, and the Java Heap may be blocking the growth of the native heap
# Possible solutions:
#   Reduce memory load on the system
#   Increase physical memory or swap space
#   Check if swap backing store is full
#   Decrease Java heap size (-Xmx/-Xms)
#   Decrease number of Java threads
#   Decrease Java thread stack sizes (-Xss)
#   Set larger code cache with -XX:ReservedCodeCacheSize=
#   JVM is running with Unscaled Compressed Oops mode in which the Java heap is
#     placed in the first 4GB address space. The Java Heap base address is the
#     maximum limit for the native heap growth. Please use -XX:HeapBaseMinAddress
#     to set the Java Heap base and to place the Java Heap above 4GB virtual address.
# This output file may be truncated or incomplete.
#
#  Out of Memory Error (arena.cpp:162), pid=16912, tid=32412
#
# JRE version: Java(TM) SE Runtime Environment (24.0.2+12) (build 24.0.2+12-54)
# Java VM: Java HotSpot(TM) 64-Bit Server VM (24.0.2+12-54, mixed mode, sharing, tiered, compressed oops, compressed class ptrs, g1 gc, windows-amd64)
# No core dump will be written. Minidumps are not enabled by default on client versions of Windows
#

---------------  S U M M A R Y ------------

Command Line: --add-modules=javafx.controls,javafx.fxml --enable-native-access=ALL-UNNAMED --module-path=C:\Users\priya\.m2\repository\org\openjfx\javafx-base\21.0.5\javafx-base-21.0.5-win.jar;C:\Users\priya\.m2\repository\org\openjfx\javafx-base\21.0.5\javafx-base-21.0.5.jar;C:\Users\priya\.m2\repository\org\openjfx\javafx-controls\21.0.5\javafx-controls-21.0.5-win.jar;C:\Users\priya\.m2\repository\org\openjfx\javafx-controls\21.0.5\javafx-controls-21.0.5.jar;C:\Users\priya\.m2\repository\org\openjfx\javafx-fxml\21.0.5\javafx-fxml-21.0.5-win.jar;C:\Users\priya\.m2\repository\org\openjfx\javafx-fxml\21.0.5\javafx-fxml-21.0.5.jar;C:\Users\priya\.m2\repository\org\openjfx\javafx-graphics\21.0.5\javafx-graphics-21.0.5-win.jar;C:\Users\priya\.m2\repository\org\openjfx\javafx-graphics\21.0.5\javafx-graphics-21.0.5.jar --add-modules=javafx.base,javafx.controls,javafx.fxml,javafx.graphics com.priya.neurosyncdemo.App

Host: 13th Gen Intel(R) Core(TM) i5-13450HX, 16 cores, 7G,  Windows 11 , 64 bit Build 26100 (10.0.26100.7019)
Time: Fri Nov  7 08:23:31 2025 India Standard Time elapsed time: 1960.685890 seconds (0d 0h 32m 40s)

---------------  T H R E A D  ---------------

Current thread (0x000002bac04b3110):  JavaThread "C2 CompilerThread0" daemon [_thread_in_native, id=32412, stack(0x000000c33b000000,0x000000c33b100000) (1024K)]


Current CompileTask:
C2:1960685 16817       4       java.util.ArrayList$ArrayListSpliterator::forEachRemaining (127 bytes)

Stack: [0x000000c33b000000,0x000000c33b100000]
Native frames: (J=compiled Java code, j=interpreted, Vv=VM code, C=native code)
V  [jvm.dll+0x730829]  (no source info available)
V  [jvm.dll+0x8d9da3]  (no source info available)
V  [jvm.dll+0x8dc28d]  (no source info available)
V  [jvm.dll+0x8dc903]  (no source info available)
V  [jvm.dll+0x2a9f56]  (no source info available)
V  [jvm.dll+0xced7f]  (no source info available)
V  [jvm.dll+0xcefdf]  (no source info available)
V  [jvm.dll+0x154c83]  (no source info available)
V  [jvm.dll+0x73604f]  (no source info available)
V  [jvm.dll+0x26f8dc]  (no source info available)
V  [jvm.dll+0x26e8ff]  (no source info available)
V  [jvm.dll+0x1e9c90]  (no source info available)
V  [jvm.dll+0x27e0cb]  (no source info available)
V  [jvm.dll+0x27c36a]  (no source info available)
V  [jvm.dll+0x42f396]  (no source info available)
V  [jvm.dll+0x87d9eb]  (no source info available)
V  [jvm.dll+0x72ef45]  (no source info available)
C  [ucrtbase.dll+0x37b0]  (no source info available)
C  [KERNEL32.DLL+0x2e8d7]  (no source info available)
C  [ntdll.dll+0x8c53c]  (no source info available)

Lock stack of current Java thread (top to bottom):


---------------  P R O C E S S  ---------------

Threads class SMR info:
_java_thread_list=0x000002bc007df040, length=21, elements={
0x000002bac04a24e0, 0x000002bac04a2c20, 0x000002bac04a7470, 0x000002bac04a7fa0,
0x000002bac04a9640, 0x000002bac04aa170, 0x000002bac04b3110, 0x000002babfe3bec0,
0x000002bac06533c0, 0x000002bac088f910, 0x000002bb06b14be0, 0x000002bb070d5020,
0x000002bb0c76b350, 0x000002bb0c71f500, 0x000002bb0c71fc50, 0x000002bb0c71d7c0,
0x000002bb0c71edb0, 0x000002bbf83257b0, 0x000002bb06229270, 0x000002bb06225f40,
0x000002bb18a1f490
}

Java Threads: ( => current thread )
  0x000002bac04a24e0 JavaThread "Reference Handler"          daemon [_thread_blocked, id=33916, stack(0x000000c33aa00000,0x000000c33ab00000) (1024K)]
  0x000002bac04a2c20 JavaThread "Finalizer"                  daemon [_thread_blocked, id=14864, stack(0x000000c33ab00000,0x000000c33ac00000) (1024K)]
  0x000002bac04a7470 JavaThread "Signal Dispatcher"          daemon [_thread_blocked, id=36384, stack(0x000000c33ac00000,0x000000c33ad00000) (1024K)]
  0x000002bac04a7fa0 JavaThread "Attach Listener"            daemon [_thread_blocked, id=15992, stack(0x000000c33ad00000,0x000000c33ae00000) (1024K)]
  0x000002bac04a9640 JavaThread "Service Thread"             daemon [_thread_blocked, id=34836, stack(0x000000c33ae00000,0x000000c33af00000) (1024K)]
  0x000002bac04aa170 JavaThread "Monitor Deflation Thread"   daemon [_thread_blocked, id=26016, stack(0x000000c33af00000,0x000000c33b000000) (1024K)]
=>0x000002bac04b3110 JavaThread "C2 CompilerThread0"         daemon [_thread_in_native, id=32412, stack(0x000000c33b000000,0x000000c33b100000) (1024K)]
  0x000002babfe3bec0 JavaThread "C1 CompilerThread0"         daemon [_thread_blocked, id=31576, stack(0x000000c33b100000,0x000000c33b200000) (1024K)]
  0x000002bac06533c0 JavaThread "Common-Cleaner"             daemon [_thread_blocked, id=37108, stack(0x000000c33b400000,0x000000c33b500000) (1024K)]
  0x000002bac088f910 JavaThread "Notification Thread"        daemon [_thread_blocked, id=5168, stack(0x000000c33b600000,0x000000c33b700000) (1024K)]
  0x000002bb06b14be0 JavaThread "InvokeLaterDispatcher"      daemon [_thread_blocked, id=20608, stack(0x000000c33b500000,0x000000c33b600000) (1024K)]
  0x000002bb070d5020 JavaThread "Thread-2"                   daemon [_thread_in_native, id=22620, stack(0x000000c33cc00000,0x000000c33cd00000) (1024K)]
  0x000002bb0c76b350 JavaThread "Prism Font Disposer"        daemon [_thread_blocked, id=4664, stack(0x000000c33d600000,0x000000c33d700000) (1024K)]
  0x000002bb0c71f500 JavaThread "Cleaner-0"                  daemon [_thread_blocked, id=26752, stack(0x000000c33d700000,0x000000c33d800000) (1024K)]
  0x000002bb0c71fc50 JavaThread "mysql-cj-abandoned-connection-cleanup" daemon [_thread_blocked, id=34780, stack(0x000000c33b200000,0x000000c33b300000) (1024K)]
  0x000002bb0c71d7c0 JavaThread "HikariPool-1 housekeeper"   daemon [_thread_blocked, id=17532, stack(0x000000c33dc00000,0x000000c33dd00000) (1024K)]
  0x000002bb0c71edb0 JavaThread "JavaCPP Deallocator"        daemon [_thread_blocked, id=27344, stack(0x000000c33f200000,0x000000c33f300000) (1024K)]
  0x000002bbf83257b0 JavaThread "Java2D Disposer"            daemon [_thread_blocked, id=16756, stack(0x000000c341300000,0x000000c341400000) (1024K)]
  0x000002bb06229270 JavaThread "camera-loop"                daemon [_thread_in_native, id=19128, stack(0x000000c340600000,0x000000c340700000) (1024K)]
  0x000002bb06225f40 JavaThread "pool-43-thread-1"                  [_thread_blocked, id=10172, stack(0x000000c340800000,0x000000c340900000) (1024K)]
  0x000002bb18a1f490 JavaThread "DestroyJavaVM"                     [_thread_blocked, id=38444, stack(0x000000c33a200000,0x000000c33a300000) (1024K)]
Total: 21

Other Threads:
  0x000002babfe2b920 VMThread "VM Thread"                           [id=37072, stack(0x000000c33a900000,0x000000c33aa00000) (1024K)]
  0x000002babfcfae90 WatcherThread "VM Periodic Task Thread"        [id=38144, stack(0x000000c33a800000,0x000000c33a900000) (1024K)]
  0x000002baa2d96510 WorkerThread "GC Thread#0"                     [id=25532, stack(0x000000c33a300000,0x000000c33a400000) (1024K)]
  0x000002bb07066f60 WorkerThread "GC Thread#1"                     [id=4372, stack(0x000000c33ce00000,0x000000c33cf00000) (1024K)]
  0x000002bb070660a0 WorkerThread "GC Thread#2"                     [id=34096, stack(0x000000c33cf00000,0x000000c33d000000) (1024K)]
  0x000002bb07067310 WorkerThread "GC Thread#3"                     [id=5540, stack(0x000000c33d000000,0x000000c33d100000) (1024K)]
  0x000002bb070676c0 WorkerThread "GC Thread#4"                     [id=39032, stack(0x000000c33d100000,0x000000c33d200000) (1024K)]
  0x000002bb07065cf0 WorkerThread "GC Thread#5"                     [id=20348, stack(0x000000c33d200000,0x000000c33d300000) (1024K)]
  0x000002bb060c5080 WorkerThread "GC Thread#6"                     [id=39884, stack(0x000000c33b300000,0x000000c33b400000) (1024K)]
  0x000002bb060c3e10 WorkerThread "GC Thread#7"                     [id=40820, stack(0x000000c33d800000,0x000000c33d900000) (1024K)]
  0x000002bb182b2140 WorkerThread "GC Thread#8"                     [id=12268, stack(0x000000c33da00000,0x000000c33db00000) (1024K)]
  0x000002bb182af500 WorkerThread "GC Thread#9"                     [id=2412, stack(0x000000c33de00000,0x000000c33df00000) (1024K)]
  0x000002bb182b24f0 WorkerThread "GC Thread#10"                    [id=23504, stack(0x000000c33e000000,0x000000c33e100000) (1024K)]
  0x000002bb182b28a0 WorkerThread "GC Thread#11"                    [id=39896, stack(0x000000c33e100000,0x000000c33e200000) (1024K)]
  0x000002bb18038480 WorkerThread "GC Thread#12"                    [id=31372, stack(0x000000c33d900000,0x000000c33da00000) (1024K)]
  0x000002baa2dab820 ConcurrentGCThread "G1 Main Marker"            [id=36112, stack(0x000000c33a400000,0x000000c33a500000) (1024K)]
  0x000002baa2dac330 WorkerThread "G1 Conc#0"                       [id=28720, stack(0x000000c33a500000,0x000000c33a600000) (1024K)]
  0x000002bb182b19e0 WorkerThread "G1 Conc#1"                       [id=24384, stack(0x000000c33e200000,0x000000c33e300000) (1024K)]
  0x000002bb182b03c0 WorkerThread "G1 Conc#2"                       [id=21396, stack(0x000000c33e300000,0x000000c33e400000) (1024K)]
  0x000002babfced370 ConcurrentGCThread "G1 Refine#0"               [id=1556, stack(0x000000c33a600000,0x000000c33a700000) (1024K)]
  0x000002babfceddf0 ConcurrentGCThread "G1 Service"                [id=23204, stack(0x000000c33a700000,0x000000c33a800000) (1024K)]
Total: 21

Threads with active compile tasks:
C2 CompilerThread0  1960833 16817       4       java.util.ArrayList$ArrayListSpliterator::forEachRemaining (127 bytes)
Total: 1

VM state: not at safepoint (normal execution)

VM Mutex/Monitor currently owned by a thread: None

Heap address: 0x0000000084e00000, size: 1970 MB, Compressed Oops mode: 32-bit

CDS archive(s) mapped at: [0x000002bac1000000-0x000002bac1d40000-0x000002bac1d40000), size 13893632, SharedBaseAddress: 0x000002bac1000000, ArchiveRelocationMode: 1.
Compressed class space mapped at: 0x000002bac2000000-0x000002bb02000000, reserved size: 1073741824
UseCompressedClassPointers 1, UseCompactObjectHeaders 0
Narrow klass pointer bits 32, Max shift 3
Narrow klass base: 0x000002bac1000000, Narrow klass shift: 0
Encoding Range: [0x000002bac1000000 - 0x000002bbc1000000), (4294967296 bytes)
Klass Range:    [0x000002bac1000000 - 0x000002bb02000000), (1090519040 bytes)
Klass ID Range:  [8 - 1090519033) (1090519025)

GC Precious Log:
 CardTable entry size: 512
 Card Set container configuration: InlinePtr #cards 5 size 8 Array Of Cards #cards 10 size 36 Howl #buckets 4 coarsen threshold 1843 Howl Bitmap #cards 512 size 80 coarsen threshold 460 Card regions per heap region 1 cards per card region 2048
 CPUs: 16 total, 16 available
 Memory: 7876M
 Large Page Support: Disabled
 NUMA Support: Disabled
 Compressed Oops: Enabled (32-bit)
 Heap Region Size: 1M
 Heap Min Capacity: 8M
 Heap Initial Capacity: 124M
 Heap Max Capacity: 1970M
 Pre-touch: Disabled
 Parallel Workers: 13
 Concurrent Workers: 3
 Concurrent Refinement Workers: 13
 Periodic GC: Disabled

Heap:
 garbage-first heap   total reserved 2017280K, committed 395264K, used 180171K [0x0000000084e00000, 0x0000000100000000)
  region size 1024K, 7 young (7168K), 1 survivors (1024K)
 Metaspace       used 52082K, committed 52416K, reserved 1114112K
  class space    used 5267K, committed 5440K, reserved 1048576K

Heap Regions: E=young(eden), S=young(survivor), O=old, HS=humongous(starts), HC=humongous(continues), CS=collection set, F=free, TAMS=top-at-mark-start, PB=parsable bottom
|   0|0x0000000084e00000, 0x0000000084f00000, 0x0000000084f00000|100%| O|  |TAMS 0x0000000084e00000| PB 0x0000000084e00000| Untracked |  0
|   1|0x0000000084f00000, 0x0000000085000000, 0x0000000085000000|100%| O|  |TAMS 0x0000000084f00000| PB 0x0000000084f00000| Untracked |  0
|   2|0x0000000085000000, 0x0000000085100000, 0x0000000085100000|100%| O|  |TAMS 0x0000000085000000| PB 0x0000000085000000| Untracked |  0
|   3|0x0000000085100000, 0x0000000085200000, 0x0000000085200000|100%|HS|  |TAMS 0x0000000085100000| PB 0x0000000085100000| Complete |  0
|   4|0x0000000085200000, 0x0000000085300000, 0x0000000085300000|100%|HC|  |TAMS 0x0000000085200000| PB 0x0000000085200000| Complete |  0
|   5|0x0000000085300000, 0x0000000085400000, 0x0000000085400000|100%| O|  |TAMS 0x0000000085300000| PB 0x0000000085300000| Untracked |  0
|   6|0x0000000085400000, 0x0000000085500000, 0x0000000085500000|100%| O|  |TAMS 0x0000000085400000| PB 0x0000000085400000| Untracked |  0
|   7|0x0000000085500000, 0x0000000085600000, 0x0000000085600000|100%| O|  |TAMS 0x0000000085500000| PB 0x0000000085500000| Untracked |  0
|   8|0x0000000085600000, 0x0000000085700000, 0x0000000085700000|100%| O|  |TAMS 0x0000000085600000| PB 0x0000000085600000| Untracked |  0
|   9|0x0000000085700000, 0x0000000085800000, 0x0000000085800000|100%| O|  |TAMS 0x0000000085700000| PB 0x0000000085700000| Untracked |  0
|  10|0x0000000085800000, 0x0000000085900000, 0x0000000085900000|100%|HS|  |TAMS 0x0000000085800000| PB 0x0000000085800000| Complete |  0
|  11|0x0000000085900000, 0x0000000085a00000, 0x0000000085a00000|100%|HS|  |TAMS 0x0000000085900000| PB 0x0000000085900000| Complete |  0
|  12|0x0000000085a00000, 0x0000000085b00000, 0x0000000085b00000|100%|HS|  |TAMS 0x0000000085a00000| PB 0x0000000085a00000| Complete |  0
|  13|0x0000000085b00000, 0x0000000085c00000, 0x0000000085c00000|100%|HS|  |TAMS 0x0000000085b00000| PB 0x0000000085b00000| Complete |  0
|  14|0x0000000085c00000, 0x0000000085d00000, 0x0000000085d00000|100%|HS|  |TAMS 0x0000000085c00000| PB 0x0000000085c00000| Complete |  0
|  15|0x0000000085d00000, 0x0000000085e00000, 0x0000000085e00000|100%|HS|  |TAMS 0x0000000085d00000| PB 0x0000000085d00000| Complete |  0
|  16|0x0000000085e00000, 0x0000000085f00000, 0x0000000085f00000|100%|HS|  |TAMS 0x0000000085e00000| PB 0x0000000085e00000| Complete |  0
|  17|0x0000000085f00000, 0x0000000086000000, 0x0000000086000000|100%| O|  |TAMS 0x0000000085f00000| PB 0x0000000085f00000| Untracked |  0
|  18|0x0000000086000000, 0x0000000086100000, 0x0000000086100000|100%| O|  |TAMS 0x0000000086000000| PB 0x0000000086000000| Untracked |  0
|  19|0x0000000086100000, 0x0000000086200000, 0x0000000086200000|100%| O|  |TAMS 0x0000000086100000| PB 0x0000000086100000| Untracked |  0
|  20|0x0000000086200000, 0x0000000086300000, 0x0000000086300000|100%|HS|  |TAMS 0x0000000086200000| PB 0x0000000086200000| Complete |  0
|  21|0x0000000086300000, 0x0000000086400000, 0x0000000086400000|100%|HS|  |TAMS 0x0000000086300000| PB 0x0000000086300000| Complete |  0
|  22|0x0000000086400000, 0x0000000086500000, 0x0000000086500000|100%|HS|  |TAMS 0x0000000086400000| PB 0x0000000086400000| Complete |  0
|  23|0x0000000086500000, 0x0000000086600000, 0x0000000086600000|100%|HS|  |TAMS 0x0000000086500000| PB 0x0000000086500000| Complete |  0
|  24|0x0000000086600000, 0x0000000086700000, 0x0000000086700000|100%|HS|  |TAMS 0x0000000086600000| PB 0x0000000086600000| Complete |  0
|  25|0x0000000086700000, 0x0000000086800000, 0x0000000086800000|100%|HS|  |TAMS 0x0000000086700000| PB 0x0000000086700000| Complete |  0
|  26|0x0000000086800000, 0x0000000086900000, 0x0000000086900000|100%|HS|  |TAMS 0x0000000086800000| PB 0x0000000086800000| Complete |  0
|  27|0x0000000086900000, 0x0000000086a00000, 0x0000000086a00000|100%|HS|  |TAMS 0x0000000086900000| PB 0x0000000086900000| Complete |  0
|  28|0x0000000086a00000, 0x0000000086b00000, 0x0000000086b00000|100%|HS|  |TAMS 0x0000000086a00000| PB 0x0000000086a00000| Complete |  0
|  29|0x0000000086b00000, 0x0000000086c00000, 0x0000000086c00000|100%|HS|  |TAMS 0x0000000086b00000| PB 0x0000000086b00000| Complete |  0
|  30|0x0000000086c00000, 0x0000000086d00000, 0x0000000086d00000|100%|HS|  |TAMS 0x0000000086c00000| PB 0x0000000086c00000| Complete |  0
|  31|0x0000000086d00000, 0x0000000086e00000, 0x0000000086e00000|100%|HS|  |TAMS 0x0000000086d00000| PB 0x0000000086d00000| Complete |  0
|  32|0x0000000086e00000, 0x0000000086f00000, 0x0000000086f00000|100%|HS|  |TAMS 0x0000000086e00000| PB 0x0000000086e00000| Complete |  0
|  33|0x0000000086f00000, 0x0000000087000000, 0x0000000087000000|100%|HS|  |TAMS 0x0000000086f00000| PB 0x0000000086f00000| Complete |  0
|  34|0x0000000087000000, 0x0000000087100000, 0x0000000087100000|100%|HS|  |TAMS 0x0000000087000000| PB 0x0000000087000000| Complete |  0
|  35|0x0000000087100000, 0x0000000087200000, 0x0000000087200000|100%| O|  |TAMS 0x0000000087100000| PB 0x0000000087100000| Untracked |  0
|  36|0x0000000087200000, 0x0000000087300000, 0x0000000087300000|100%| O|  |TAMS 0x0000000087200000| PB 0x0000000087200000| Untracked |  0
|  37|0x0000000087300000, 0x0000000087400000, 0x0000000087400000|100%| O|  |TAMS 0x0000000087300000| PB 0x0000000087300000| Untracked |  0
|  38|0x0000000087400000, 0x0000000087500000, 0x0000000087500000|100%|HS|  |TAMS 0x0000000087400000| PB 0x0000000087400000| Complete |  0
|  39|0x0000000087500000, 0x0000000087600000, 0x0000000087600000|100%|HS|  |TAMS 0x0000000087500000| PB 0x0000000087500000| Complete |  0
|  40|0x0000000087600000, 0x0000000087700000, 0x0000000087700000|100%|HS|  |TAMS 0x0000000087600000| PB 0x0000000087600000| Complete |  0
|  41|0x0000000087700000, 0x0000000087736988, 0x0000000087800000| 21%| O|  |TAMS 0x0000000087700000| PB 0x0000000087700000| Untracked |  0
|  42|0x0000000087800000, 0x0000000087900000, 0x0000000087900000|100%| O|  |TAMS 0x0000000087800000| PB 0x0000000087800000| Untracked |  0
|  43|0x0000000087900000, 0x0000000087a00000, 0x0000000087a00000|100%| O|  |TAMS 0x0000000087900000| PB 0x0000000087900000| Untracked |  0
|  44|0x0000000087a00000, 0x0000000087b00000, 0x0000000087b00000|100%| O|  |TAMS 0x0000000087a00000| PB 0x0000000087a00000| Untracked |  0
|  45|0x0000000087b00000, 0x0000000087c00000, 0x0000000087c00000|100%| O|  |TAMS 0x0000000087b00000| PB 0x0000000087b00000| Untracked |  0
|  46|0x0000000087c00000, 0x0000000087d00000, 0x0000000087d00000|100%| O|  |TAMS 0x0000000087c00000| PB 0x0000000087c00000| Untracked |  0
|  47|0x0000000087d00000, 0x0000000087e00000, 0x0000000087e00000|100%| O|  |TAMS 0x0000000087d00000| PB 0x0000000087d00000| Untracked |  0
|  48|0x0000000087e00000, 0x0000000087f00000, 0x0000000087f00000|100%| O|  |TAMS 0x0000000087e00000| PB 0x0000000087e00000| Untracked |  0
|  49|0x0000000087f00000, 0x0000000088000000, 0x0000000088000000|100%|HS|  |TAMS 0x0000000087f00000| PB 0x0000000087f00000| Complete |  0
|  50|0x0000000088000000, 0x0000000088100000, 0x0000000088100000|100%| O|  |TAMS 0x0000000088000000| PB 0x0000000088000000| Untracked |  0
|  51|0x0000000088100000, 0x0000000088200000, 0x0000000088200000|100%| O|  |TAMS 0x0000000088100000| PB 0x0000000088100000| Untracked |  0
|  52|0x0000000088200000, 0x0000000088300000, 0x0000000088300000|100%|HS|  |TAMS 0x0000000088200000| PB 0x0000000088200000| Complete |  0
|  53|0x0000000088300000, 0x0000000088400000, 0x0000000088400000|100%| O|  |TAMS 0x0000000088300000| PB 0x0000000088300000| Untracked |  0
|  54|0x0000000088400000, 0x0000000088500000, 0x0000000088500000|100%| O|  |TAMS 0x0000000088400000| PB 0x0000000088400000| Untracked |  0
|  55|0x0000000088500000, 0x0000000088600000, 0x0000000088600000|100%| O|  |TAMS 0x0000000088500000| PB 0x0000000088500000| Untracked |  0
|  56|0x0000000088600000, 0x0000000088700000, 0x0000000088700000|100%| O|  |TAMS 0x0000000088600000| PB 0x0000000088600000| Untracked |  0
|  57|0x0000000088700000, 0x0000000088800000, 0x0000000088800000|100%| O|  |TAMS 0x0000000088700000| PB 0x0000000088700000| Untracked |  0
|  58|0x0000000088800000, 0x0000000088900000, 0x0000000088900000|100%| O|  |TAMS 0x0000000088800000| PB 0x0000000088800000| Untracked |  0
|  59|0x0000000088900000, 0x0000000088a00000, 0x0000000088a00000|100%| O|  |TAMS 0x0000000088900000| PB 0x0000000088900000| Untracked |  0
|  60|0x0000000088a00000, 0x0000000088b00000, 0x0000000088b00000|100%| O|  |TAMS 0x0000000088a00000| PB 0x0000000088a00000| Untracked |  0
|  61|0x0000000088b00000, 0x0000000088c00000, 0x0000000088c00000|100%| O|  |TAMS 0x0000000088b00000| PB 0x0000000088b00000| Untracked |  0
|  62|0x0000000088c00000, 0x0000000088d00000, 0x0000000088d00000|100%| O|  |TAMS 0x0000000088c00000| PB 0x0000000088c00000| Untracked |  0
|  63|0x0000000088d00000, 0x0000000088e00000, 0x0000000088e00000|100%| O|  |TAMS 0x0000000088d00000| PB 0x0000000088d00000| Untracked |  0
|  64|0x0000000088e00000, 0x0000000088f00000, 0x0000000088f00000|100%| O|  |TAMS 0x0000000088e00000| PB 0x0000000088e00000| Untracked |  0
|  65|0x0000000088f00000, 0x0000000089000000, 0x0000000089000000|100%| O|  |TAMS 0x0000000088f00000| PB 0x0000000088f00000| Untracked |  0
|  66|0x0000000089000000, 0x0000000089100000, 0x0000000089100000|100%| O|  |TAMS 0x0000000089000000| PB 0x0000000089000000| Untracked |  0
|  67|0x0000000089100000, 0x0000000089200000, 0x0000000089200000|100%| O|  |TAMS 0x0000000089100000| PB 0x0000000089100000| Untracked |  0
|  68|0x0000000089200000, 0x0000000089300000, 0x0000000089300000|100%| O|  |TAMS 0x0000000089200000| PB 0x0000000089200000| Untracked |  0
|  69|0x0000000089300000, 0x0000000089400000, 0x0000000089400000|100%| O|  |TAMS 0x0000000089300000| PB 0x0000000089300000| Untracked |  0
|  70|0x0000000089400000, 0x0000000089500000, 0x0000000089500000|100%| O|  |TAMS 0x0000000089400000| PB 0x0000000089400000| Untracked |  0
|  71|0x0000000089500000, 0x0000000089600000, 0x0000000089600000|100%| O|  |TAMS 0x0000000089500000| PB 0x0000000089500000| Untracked |  0
|  72|0x0000000089600000, 0x0000000089700000, 0x0000000089700000|100%| O|  |TAMS 0x0000000089600000| PB 0x0000000089600000| Untracked |  0
|  73|0x0000000089700000, 0x0000000089800000, 0x0000000089800000|100%| O|  |TAMS 0x0000000089700000| PB 0x0000000089700000| Untracked |  0
|  74|0x0000000089800000, 0x0000000089900000, 0x0000000089900000|100%| O|  |TAMS 0x0000000089800000| PB 0x0000000089800000| Untracked |  0
|  75|0x0000000089900000, 0x0000000089a00000, 0x0000000089a00000|100%| O|  |TAMS 0x0000000089900000| PB 0x0000000089900000| Untracked |  0
|  76|0x0000000089a00000, 0x0000000089b00000, 0x0000000089b00000|100%| O|  |TAMS 0x0000000089a00000| PB 0x0000000089a00000| Untracked |  0
|  77|0x0000000089b00000, 0x0000000089c00000, 0x0000000089c00000|100%|HS|  |TAMS 0x0000000089b00000| PB 0x0000000089b00000| Complete |  0
|  78|0x0000000089c00000, 0x0000000089d00000, 0x0000000089d00000|100%|HS|  |TAMS 0x0000000089c00000| PB 0x0000000089c00000| Complete |  0
|  79|0x0000000089d00000, 0x0000000089e00000, 0x0000000089e00000|100%|HS|  |TAMS 0x0000000089d00000| PB 0x0000000089d00000| Complete |  0
|  80|0x0000000089e00000, 0x0000000089f00000, 0x0000000089f00000|100%|HS|  |TAMS 0x0000000089e00000| PB 0x0000000089e00000| Complete |  0
|  81|0x0000000089f00000, 0x000000008a000000, 0x000000008a000000|100%|HS|  |TAMS 0x0000000089f00000| PB 0x0000000089f00000| Complete |  0
|  82|0x000000008a000000, 0x000000008a100000, 0x000000008a100000|100%| O|  |TAMS 0x000000008a000000| PB 0x000000008a000000| Untracked |  0
|  83|0x000000008a100000, 0x000000008a200000, 0x000000008a200000|100%| O|  |TAMS 0x000000008a100000| PB 0x000000008a100000| Untracked |  0
|  84|0x000000008a200000, 0x000000008a300000, 0x000000008a300000|100%|HS|  |TAMS 0x000000008a200000| PB 0x000000008a200000| Complete |  0
|  85|0x000000008a300000, 0x000000008a400000, 0x000000008a400000|100%| O|  |TAMS 0x000000008a300000| PB 0x000000008a300000| Untracked |  0
|  86|0x000000008a400000, 0x000000008a500000, 0x000000008a500000|100%| O|  |TAMS 0x000000008a400000| PB 0x000000008a400000| Untracked |  0
|  87|0x000000008a500000, 0x000000008a600000, 0x000000008a600000|100%| O|  |TAMS 0x000000008a500000| PB 0x000000008a500000| Untracked |  0
|  88|0x000000008a600000, 0x000000008a700000, 0x000000008a700000|100%| O|  |TAMS 0x000000008a600000| PB 0x000000008a600000| Untracked |  0
|  89|0x000000008a700000, 0x000000008a800000, 0x000000008a800000|100%| O|  |TAMS 0x000000008a700000| PB 0x000000008a700000| Untracked |  0
|  90|0x000000008a800000, 0x000000008a900000, 0x000000008a900000|100%| O|  |TAMS 0x000000008a800000| PB 0x000000008a800000| Untracked |  0
|  91|0x000000008a900000, 0x000000008aa00000, 0x000000008aa00000|100%| O|  |TAMS 0x000000008a900000| PB 0x000000008a900000| Untracked |  0
|  92|0x000000008aa00000, 0x000000008ab00000, 0x000000008ab00000|100%| O|  |TAMS 0x000000008aa00000| PB 0x000000008aa00000| Untracked |  0
|  93|0x000000008ab00000, 0x000000008ac00000, 0x000000008ac00000|100%| O|  |TAMS 0x000000008ab00000| PB 0x000000008ab00000| Untracked |  0
|  94|0x000000008ac00000, 0x000000008ad00000, 0x000000008ad00000|100%| O|  |TAMS 0x000000008ac00000| PB 0x000000008ac00000| Untracked |  0
|  95|0x000000008ad00000, 0x000000008ae00000, 0x000000008ae00000|100%| O|  |TAMS 0x000000008ad00000| PB 0x000000008ad00000| Untracked |  0
|  96|0x000000008ae00000, 0x000000008af00000, 0x000000008af00000|100%| O|  |TAMS 0x000000008ae00000| PB 0x000000008ae00000| Untracked |  0
|  97|0x000000008af00000, 0x000000008b000000, 0x000000008b000000|100%| O|  |TAMS 0x000000008af00000| PB 0x000000008af00000| Untracked |  0
|  98|0x000000008b000000, 0x000000008b100000, 0x000000008b100000|100%| O|  |TAMS 0x000000008b000000| PB 0x000000008b000000| Untracked |  0
|  99|0x000000008b100000, 0x000000008b200000, 0x000000008b200000|100%| O|  |TAMS 0x000000008b100000| PB 0x000000008b100000| Untracked |  0
| 100|0x000000008b200000, 0x000000008b300000, 0x000000008b300000|100%| O|  |TAMS 0x000000008b200000| PB 0x000000008b200000| Untracked |  0
| 101|0x000000008b300000, 0x000000008b400000, 0x000000008b400000|100%| O|  |TAMS 0x000000008b300000| PB 0x000000008b300000| Untracked |  0
| 102|0x000000008b400000, 0x000000008b500000, 0x000000008b500000|100%| O|  |TAMS 0x000000008b400000| PB 0x000000008b400000| Untracked |  0
| 103|0x000000008b500000, 0x000000008b600000, 0x000000008b600000|100%| O|  |TAMS 0x000000008b500000| PB 0x000000008b500000| Untracked |  0
| 104|0x000000008b600000, 0x000000008b700000, 0x000000008b700000|100%| O|  |TAMS 0x000000008b600000| PB 0x000000008b600000| Untracked |  0
| 105|0x000000008b700000, 0x000000008b800000, 0x000000008b800000|100%| O|  |TAMS 0x000000008b700000| PB 0x000000008b700000| Untracked |  0
| 106|0x000000008b800000, 0x000000008b900000, 0x000000008b900000|100%| O|  |TAMS 0x000000008b800000| PB 0x000000008b800000| Untracked |  0
| 107|0x000000008b900000, 0x000000008ba00000, 0x000000008ba00000|100%| O|  |TAMS 0x000000008b900000| PB 0x000000008b900000| Untracked |  0
| 108|0x000000008ba00000, 0x000000008bb00000, 0x000000008bb00000|100%| O|  |TAMS 0x000000008ba00000| PB 0x000000008ba00000| Untracked |  0
| 109|0x000000008bb00000, 0x000000008bc00000, 0x000000008bc00000|100%| O|  |TAMS 0x000000008bb00000| PB 0x000000008bb00000| Untracked |  0
| 110|0x000000008bc00000, 0x000000008bd00000, 0x000000008bd00000|100%| O|  |TAMS 0x000000008bc00000| PB 0x000000008bc00000| Untracked |  0
| 111|0x000000008bd00000, 0x000000008be00000, 0x000000008be00000|100%| O|  |TAMS 0x000000008bd00000| PB 0x000000008bd00000| Untracked |  0
| 112|0x000000008be00000, 0x000000008bf00000, 0x000000008bf00000|100%| O|  |TAMS 0x000000008be00000| PB 0x000000008be00000| Untracked |  0
| 113|0x000000008bf00000, 0x000000008c000000, 0x000000008c000000|100%| O|  |TAMS 0x000000008bf00000| PB 0x000000008bf00000| Untracked |  0
| 114|0x000000008c000000, 0x000000008c100000, 0x000000008c100000|100%| O|  |TAMS 0x000000008c000000| PB 0x000000008c000000| Untracked |  0
| 115|0x000000008c100000, 0x000000008c200000, 0x000000008c200000|100%|HS|  |TAMS 0x000000008c100000| PB 0x000000008c100000| Complete |  0
| 116|0x000000008c200000, 0x000000008c300000, 0x000000008c300000|100%|HS|  |TAMS 0x000000008c200000| PB 0x000000008c200000| Complete |  0
| 117|0x000000008c300000, 0x000000008c400000, 0x000000008c400000|100%|HS|  |TAMS 0x000000008c300000| PB 0x000000008c300000| Complete |  0
| 118|0x000000008c400000, 0x000000008c500000, 0x000000008c500000|100%|HS|  |TAMS 0x000000008c400000| PB 0x000000008c400000| Complete |  0
| 119|0x000000008c500000, 0x000000008c600000, 0x000000008c600000|100%|HS|  |TAMS 0x000000008c500000| PB 0x000000008c500000| Complete |  0
| 120|0x000000008c600000, 0x000000008c700000, 0x000000008c700000|100%|HS|  |TAMS 0x000000008c600000| PB 0x000000008c600000| Complete |  0
| 121|0x000000008c700000, 0x000000008c800000, 0x000000008c800000|100%| O|  |TAMS 0x000000008c700000| PB 0x000000008c700000| Untracked |  0
| 122|0x000000008c800000, 0x000000008c900000, 0x000000008c900000|100%| O|  |TAMS 0x000000008c800000| PB 0x000000008c800000| Untracked |  0
| 123|0x000000008c900000, 0x000000008ca00000, 0x000000008ca00000|100%| O|  |TAMS 0x000000008c900000| PB 0x000000008c900000| Untracked |  0
| 124|0x000000008ca00000, 0x000000008cb00000, 0x000000008cb00000|100%| O|  |TAMS 0x000000008ca00000| PB 0x000000008ca00000| Untracked |  0
| 125|0x000000008cb00000, 0x000000008cc00000, 0x000000008cc00000|100%| O|  |TAMS 0x000000008cb00000| PB 0x000000008cb00000| Untracked |  0
| 126|0x000000008cc00000, 0x000000008cd00000, 0x000000008cd00000|100%| O|  |TAMS 0x000000008cc00000| PB 0x000000008cc00000| Untracked |  0
| 127|0x000000008cd00000, 0x000000008ce00000, 0x000000008ce00000|100%| O|  |TAMS 0x000000008cd00000| PB 0x000000008cd00000| Untracked |  0
| 128|0x000000008ce00000, 0x000000008cf00000, 0x000000008cf00000|100%| O|  |TAMS 0x000000008ce00000| PB 0x000000008ce00000| Untracked |  0
| 129|0x000000008cf00000, 0x000000008d000000, 0x000000008d000000|100%| O|  |TAMS 0x000000008cf00000| PB 0x000000008cf00000| Untracked |  0
| 130|0x000000008d000000, 0x000000008d100000, 0x000000008d100000|100%| O|  |TAMS 0x000000008d000000| PB 0x000000008d000000| Untracked |  0
| 131|0x000000008d100000, 0x000000008d200000, 0x000000008d200000|100%| O|  |TAMS 0x000000008d100000| PB 0x000000008d100000| Untracked |  0
| 132|0x000000008d200000, 0x000000008d300000, 0x000000008d300000|100%| O|  |TAMS 0x000000008d200000| PB 0x000000008d200000| Untracked |  0
| 133|0x000000008d300000, 0x000000008d400000, 0x000000008d400000|100%| O|  |TAMS 0x000000008d300000| PB 0x000000008d300000| Untracked |  0
| 134|0x000000008d400000, 0x000000008d500000, 0x000000008d500000|100%|HS|  |TAMS 0x000000008d400000| PB 0x000000008d400000| Complete |  0
| 135|0x000000008d500000, 0x000000008d600000, 0x000000008d600000|100%| O|  |TAMS 0x000000008d500000| PB 0x000000008d500000| Untracked |  0
| 136|0x000000008d600000, 0x000000008d700000, 0x000000008d700000|100%| O|  |TAMS 0x000000008d600000| PB 0x000000008d600000| Untracked |  0
| 137|0x000000008d700000, 0x000000008d800000, 0x000000008d800000|100%| O|  |TAMS 0x000000008d700000| PB 0x000000008d700000| Untracked |  0
| 138|0x000000008d800000, 0x000000008d900000, 0x000000008d900000|100%| O|  |TAMS 0x000000008d800000| PB 0x000000008d800000| Untracked |  0
| 139|0x000000008d900000, 0x000000008da00000, 0x000000008da00000|100%|HS|  |TAMS 0x000000008d900000| PB 0x000000008d900000| Complete |  0
| 140|0x000000008da00000, 0x000000008db00000, 0x000000008db00000|100%|HS|  |TAMS 0x000000008da00000| PB 0x000000008da00000| Complete |  0
| 141|0x000000008db00000, 0x000000008dc00000, 0x000000008dc00000|100%|HS|  |TAMS 0x000000008db00000| PB 0x000000008db00000| Complete |  0
| 142|0x000000008dc00000, 0x000000008dd00000, 0x000000008dd00000|100%|HS|  |TAMS 0x000000008dc00000| PB 0x000000008dc00000| Complete |  0
| 143|0x000000008dd00000, 0x000000008de00000, 0x000000008de00000|100%|HS|  |TAMS 0x000000008dd00000| PB 0x000000008dd00000| Complete |  0
| 144|0x000000008de00000, 0x000000008df00000, 0x000000008df00000|100%|HS|  |TAMS 0x000000008de00000| PB 0x000000008de00000| Complete |  0
| 145|0x000000008df00000, 0x000000008e000000, 0x000000008e000000|100%|HS|  |TAMS 0x000000008df00000| PB 0x000000008df00000| Complete |  0
| 146|0x000000008e000000, 0x000000008e100000, 0x000000008e100000|100%|HS|  |TAMS 0x000000008e000000| PB 0x000000008e000000| Complete |  0
| 147|0x000000008e100000, 0x000000008e200000, 0x000000008e200000|100%|HS|  |TAMS 0x000000008e100000| PB 0x000000008e100000| Complete |  0
| 148|0x000000008e200000, 0x000000008e300000, 0x000000008e300000|100%|HS|  |TAMS 0x000000008e200000| PB 0x000000008e200000| Complete |  0
| 149|0x000000008e300000, 0x000000008e400000, 0x000000008e400000|100%|HS|  |TAMS 0x000000008e300000| PB 0x000000008e300000| Complete |  0
| 150|0x000000008e400000, 0x000000008e500000, 0x000000008e500000|100%|HS|  |TAMS 0x000000008e400000| PB 0x000000008e400000| Complete |  0
| 151|0x000000008e500000, 0x000000008e600000, 0x000000008e600000|100%|HS|  |TAMS 0x000000008e500000| PB 0x000000008e500000| Complete |  0
| 152|0x000000008e600000, 0x000000008e700000, 0x000000008e700000|100%|HS|  |TAMS 0x000000008e600000| PB 0x000000008e600000| Complete |  0
| 153|0x000000008e700000, 0x000000008e800000, 0x000000008e800000|100%|HS|  |TAMS 0x000000008e700000| PB 0x000000008e700000| Complete |  0
| 154|0x000000008e800000, 0x000000008e900000, 0x000000008e900000|100%|HS|  |TAMS 0x000000008e800000| PB 0x000000008e800000| Complete |  0
| 155|0x000000008e900000, 0x000000008ea00000, 0x000000008ea00000|100%|HS|  |TAMS 0x000000008e900000| PB 0x000000008e900000| Complete |  0
| 156|0x000000008ea00000, 0x000000008eb00000, 0x000000008eb00000|100%|HS|  |TAMS 0x000000008ea00000| PB 0x000000008ea00000| Complete |  0
| 157|0x000000008eb00000, 0x000000008ec00000, 0x000000008ec00000|100%|HS|  |TAMS 0x000000008eb00000| PB 0x000000008eb00000| Complete |  0
| 158|0x000000008ec00000, 0x000000008ed00000, 0x000000008ed00000|100%|HS|  |TAMS 0x000000008ec00000| PB 0x000000008ec00000| Complete |  0
| 159|0x000000008ed00000, 0x000000008ed00000, 0x000000008ee00000|  0%| F|  |TAMS 0x000000008ed00000| PB 0x000000008ed00000| Untracked |  0
| 160|0x000000008ee00000, 0x000000008ee00000, 0x000000008ef00000|  0%| F|  |TAMS 0x000000008ee00000| PB 0x000000008ee00000| Untracked |  0
| 161|0x000000008ef00000, 0x000000008f000000, 0x000000008f000000|100%| O|  |TAMS 0x000000008ef00000| PB 0x000000008ef00000| Untracked |  0
| 162|0x000000008f000000, 0x000000008f0b84c8, 0x000000008f100000| 71%| O|  |TAMS 0x000000008f000000| PB 0x000000008f000000| Untracked |  0
| 163|0x000000008f100000, 0x000000008f200000, 0x000000008f200000|100%| O|  |TAMS 0x000000008f100000| PB 0x000000008f100000| Untracked |  0
| 164|0x000000008f200000, 0x000000008f2ffff8, 0x000000008f300000| 99%| O|  |TAMS 0x000000008f200000| PB 0x000000008f200000| Untracked |  0
| 165|0x000000008f300000, 0x000000008f400000, 0x000000008f400000|100%| O|  |TAMS 0x000000008f300000| PB 0x000000008f300000| Untracked |  0
| 166|0x000000008f400000, 0x000000008f500000, 0x000000008f500000|100%| O|  |TAMS 0x000000008f400000| PB 0x000000008f400000| Untracked |  0
| 167|0x000000008f500000, 0x000000008f600000, 0x000000008f600000|100%| O|  |TAMS 0x000000008f500000| PB 0x000000008f500000| Untracked |  0
| 168|0x000000008f600000, 0x000000008f600000, 0x000000008f700000|  0%| F|  |TAMS 0x000000008f600000| PB 0x000000008f600000| Untracked |  0
| 169|0x000000008f700000, 0x000000008f700000, 0x000000008f800000|  0%| F|  |TAMS 0x000000008f700000| PB 0x000000008f700000| Untracked |  0
| 170|0x000000008f800000, 0x000000008f800000, 0x000000008f900000|  0%| F|  |TAMS 0x000000008f800000| PB 0x000000008f800000| Untracked |  0
| 171|0x000000008f900000, 0x000000008f900000, 0x000000008fa00000|  0%| F|  |TAMS 0x000000008f900000| PB 0x000000008f900000| Untracked |  0
| 172|0x000000008fa00000, 0x000000008fa00000, 0x000000008fb00000|  0%| F|  |TAMS 0x000000008fa00000| PB 0x000000008fa00000| Untracked |  0
| 173|0x000000008fb00000, 0x000000008fb00000, 0x000000008fc00000|  0%| F|  |TAMS 0x000000008fb00000| PB 0x000000008fb00000| Untracked |  0
| 174|0x000000008fc00000, 0x000000008fc00000, 0x000000008fd00000|  0%| F|  |TAMS 0x000000008fc00000| PB 0x000000008fc00000| Untracked |  0
| 175|0x000000008fd00000, 0x000000008fd00000, 0x000000008fe00000|  0%| F|  |TAMS 0x000000008fd00000| PB 0x000000008fd00000| Untracked |  0
| 176|0x000000008fe00000, 0x000000008fe00000, 0x000000008ff00000|  0%| F|  |TAMS 0x000000008fe00000| PB 0x000000008fe00000| Untracked |  0
| 177|0x000000008ff00000, 0x000000008ff00000, 0x0000000090000000|  0%| F|  |TAMS 0x000000008ff00000| PB 0x000000008ff00000| Untracked |  0
| 178|0x0000000090000000, 0x0000000090000000, 0x0000000090100000|  0%| F|  |TAMS 0x0000000090000000| PB 0x0000000090000000| Untracked |  0
| 179|0x0000000090100000, 0x0000000090100000, 0x0000000090200000|  0%| F|  |TAMS 0x0000000090100000| PB 0x0000000090100000| Untracked |  0
| 180|0x0000000090200000, 0x0000000090200000, 0x0000000090300000|  0%| F|  |TAMS 0x0000000090200000| PB 0x0000000090200000| Untracked |  0
| 181|0x0000000090300000, 0x0000000090300000, 0x0000000090400000|  0%| F|  |TAMS 0x0000000090300000| PB 0x0000000090300000| Untracked |  0
| 182|0x0000000090400000, 0x0000000090400000, 0x0000000090500000|  0%| F|  |TAMS 0x0000000090400000| PB 0x0000000090400000| Untracked |  0
| 183|0x0000000090500000, 0x0000000090500000, 0x0000000090600000|  0%| F|  |TAMS 0x0000000090500000| PB 0x0000000090500000| Untracked |  0
| 184|0x0000000090600000, 0x0000000090600000, 0x0000000090700000|  0%| F|  |TAMS 0x0000000090600000| PB 0x0000000090600000| Untracked |  0
| 185|0x0000000090700000, 0x0000000090700000, 0x0000000090800000|  0%| F|  |TAMS 0x0000000090700000| PB 0x0000000090700000| Untracked |  0
| 186|0x0000000090800000, 0x0000000090800000, 0x0000000090900000|  0%| F|  |TAMS 0x0000000090800000| PB 0x0000000090800000| Untracked |  0
| 187|0x0000000090900000, 0x0000000090900000, 0x0000000090a00000|  0%| F|  |TAMS 0x0000000090900000| PB 0x0000000090900000| Untracked |  0
| 188|0x0000000090a00000, 0x0000000090a00000, 0x0000000090b00000|  0%| F|  |TAMS 0x0000000090a00000| PB 0x0000000090a00000| Untracked |  0
| 189|0x0000000090b00000, 0x0000000090b00000, 0x0000000090c00000|  0%| F|  |TAMS 0x0000000090b00000| PB 0x0000000090b00000| Untracked |  0
| 190|0x0000000090c00000, 0x0000000090c00000, 0x0000000090d00000|  0%| F|  |TAMS 0x0000000090c00000| PB 0x0000000090c00000| Untracked |  0
| 191|0x0000000090d00000, 0x0000000090d00000, 0x0000000090e00000|  0%| F|  |TAMS 0x0000000090d00000| PB 0x0000000090d00000| Untracked |  0
| 192|0x0000000090e00000, 0x0000000090e00000, 0x0000000090f00000|  0%| F|  |TAMS 0x0000000090e00000| PB 0x0000000090e00000| Untracked |  0
| 193|0x0000000090f00000, 0x0000000090f00000, 0x0000000091000000|  0%| F|  |TAMS 0x0000000090f00000| PB 0x0000000090f00000| Untracked |  0
| 194|0x0000000091000000, 0x0000000091000000, 0x0000000091100000|  0%| F|  |TAMS 0x0000000091000000| PB 0x0000000091000000| Untracked |  0
| 195|0x0000000091100000, 0x0000000091100000, 0x0000000091200000|  0%| F|  |TAMS 0x0000000091100000| PB 0x0000000091100000| Untracked |  0
| 196|0x0000000091200000, 0x0000000091200000, 0x0000000091300000|  0%| F|  |TAMS 0x0000000091200000| PB 0x0000000091200000| Untracked |  0
| 197|0x0000000091300000, 0x0000000091300000, 0x0000000091400000|  0%| F|  |TAMS 0x0000000091300000| PB 0x0000000091300000| Untracked |  0
| 198|0x0000000091400000, 0x0000000091400000, 0x0000000091500000|  0%| F|  |TAMS 0x0000000091400000| PB 0x0000000091400000| Untracked |  0
| 199|0x0000000091500000, 0x0000000091500000, 0x0000000091600000|  0%| F|  |TAMS 0x0000000091500000| PB 0x0000000091500000| Untracked |  0
| 200|0x0000000091600000, 0x0000000091600000, 0x0000000091700000|  0%| F|  |TAMS 0x0000000091600000| PB 0x0000000091600000| Untracked |  0
| 201|0x0000000091700000, 0x0000000091700000, 0x0000000091800000|  0%| F|  |TAMS 0x0000000091700000| PB 0x0000000091700000| Untracked |  0
| 202|0x0000000091800000, 0x0000000091800000, 0x0000000091900000|  0%| F|  |TAMS 0x0000000091800000| PB 0x0000000091800000| Untracked |  0
| 203|0x0000000091900000, 0x0000000091900000, 0x0000000091a00000|  0%| F|  |TAMS 0x0000000091900000| PB 0x0000000091900000| Untracked |  0
| 204|0x0000000091a00000, 0x0000000091a00000, 0x0000000091b00000|  0%| F|  |TAMS 0x0000000091a00000| PB 0x0000000091a00000| Untracked |  0
| 205|0x0000000091b00000, 0x0000000091b00000, 0x0000000091c00000|  0%| F|  |TAMS 0x0000000091b00000| PB 0x0000000091b00000| Untracked |  0
| 206|0x0000000091c00000, 0x0000000091c00000, 0x0000000091d00000|  0%| F|  |TAMS 0x0000000091c00000| PB 0x0000000091c00000| Untracked |  0
| 207|0x0000000091d00000, 0x0000000091d00000, 0x0000000091e00000|  0%| F|  |TAMS 0x0000000091d00000| PB 0x0000000091d00000| Untracked |  0
| 208|0x0000000091e00000, 0x0000000091e00000, 0x0000000091f00000|  0%| F|  |TAMS 0x0000000091e00000| PB 0x0000000091e00000| Untracked |  0
| 209|0x0000000091f00000, 0x0000000091f00000, 0x0000000092000000|  0%| F|  |TAMS 0x0000000091f00000| PB 0x0000000091f00000| Untracked |  0
| 210|0x0000000092000000, 0x0000000092000000, 0x0000000092100000|  0%| F|  |TAMS 0x0000000092000000| PB 0x0000000092000000| Untracked |  0
| 211|0x0000000092100000, 0x0000000092100000, 0x0000000092200000|  0%| F|  |TAMS 0x0000000092100000| PB 0x0000000092100000| Untracked |  0
| 212|0x0000000092200000, 0x0000000092200000, 0x0000000092300000|  0%| F|  |TAMS 0x0000000092200000| PB 0x0000000092200000| Untracked |  0
| 213|0x0000000092300000, 0x0000000092300000, 0x0000000092400000|  0%| F|  |TAMS 0x0000000092300000| PB 0x0000000092300000| Untracked |  0
| 214|0x0000000092400000, 0x0000000092400000, 0x0000000092500000|  0%| F|  |TAMS 0x0000000092400000| PB 0x0000000092400000| Untracked |  0
| 215|0x0000000092500000, 0x0000000092500000, 0x0000000092600000|  0%| F|  |TAMS 0x0000000092500000| PB 0x0000000092500000| Untracked |  0
| 216|0x0000000092600000, 0x0000000092600000, 0x0000000092700000|  0%| F|  |TAMS 0x0000000092600000| PB 0x0000000092600000| Untracked |  0
| 217|0x0000000092700000, 0x0000000092700000, 0x0000000092800000|  0%| F|  |TAMS 0x0000000092700000| PB 0x0000000092700000| Untracked |  0
| 218|0x0000000092800000, 0x0000000092800000, 0x0000000092900000|  0%| F|  |TAMS 0x0000000092800000| PB 0x0000000092800000| Untracked |  0
| 219|0x0000000092900000, 0x0000000092900000, 0x0000000092a00000|  0%| F|  |TAMS 0x0000000092900000| PB 0x0000000092900000| Untracked |  0
| 220|0x0000000092a00000, 0x0000000092a00000, 0x0000000092b00000|  0%| F|  |TAMS 0x0000000092a00000| PB 0x0000000092a00000| Untracked |  0
| 221|0x0000000092b00000, 0x0000000092b00000, 0x0000000092c00000|  0%| F|  |TAMS 0x0000000092b00000| PB 0x0000000092b00000| Untracked |  0
| 222|0x0000000092c00000, 0x0000000092c00000, 0x0000000092d00000|  0%| F|  |TAMS 0x0000000092c00000| PB 0x0000000092c00000| Untracked |  0
| 223|0x0000000092d00000, 0x0000000092d00000, 0x0000000092e00000|  0%| F|  |TAMS 0x0000000092d00000| PB 0x0000000092d00000| Untracked |  0
| 224|0x0000000092e00000, 0x0000000092e00000, 0x0000000092f00000|  0%| F|  |TAMS 0x0000000092e00000| PB 0x0000000092e00000| Untracked |  0
| 225|0x0000000092f00000, 0x0000000092f00000, 0x0000000093000000|  0%| F|  |TAMS 0x0000000092f00000| PB 0x0000000092f00000| Untracked |  0
| 226|0x0000000093000000, 0x0000000093000000, 0x0000000093100000|  0%| F|  |TAMS 0x0000000093000000| PB 0x0000000093000000| Untracked |  0
| 227|0x0000000093100000, 0x0000000093100000, 0x0000000093200000|  0%| F|  |TAMS 0x0000000093100000| PB 0x0000000093100000| Untracked |  0
| 228|0x0000000093200000, 0x0000000093200000, 0x0000000093300000|  0%| F|  |TAMS 0x0000000093200000| PB 0x0000000093200000| Untracked |  0
| 229|0x0000000093300000, 0x0000000093300000, 0x0000000093400000|  0%| F|  |TAMS 0x0000000093300000| PB 0x0000000093300000| Untracked |  0
| 230|0x0000000093400000, 0x0000000093400000, 0x0000000093500000|  0%| F|  |TAMS 0x0000000093400000| PB 0x0000000093400000| Untracked |  0
| 231|0x0000000093500000, 0x0000000093500000, 0x0000000093600000|  0%| F|  |TAMS 0x0000000093500000| PB 0x0000000093500000| Untracked |  0
| 232|0x0000000093600000, 0x0000000093600000, 0x0000000093700000|  0%| F|  |TAMS 0x0000000093600000| PB 0x0000000093600000| Untracked |  0
| 233|0x0000000093700000, 0x0000000093700000, 0x0000000093800000|  0%| F|  |TAMS 0x0000000093700000| PB 0x0000000093700000| Untracked |  0
| 234|0x0000000093800000, 0x0000000093800000, 0x0000000093900000|  0%| F|  |TAMS 0x0000000093800000| PB 0x0000000093800000| Untracked |  0
| 235|0x0000000093900000, 0x0000000093900000, 0x0000000093a00000|  0%| F|  |TAMS 0x0000000093900000| PB 0x0000000093900000| Untracked |  0
| 236|0x0000000093a00000, 0x0000000093a00000, 0x0000000093b00000|  0%| F|  |TAMS 0x0000000093a00000| PB 0x0000000093a00000| Untracked |  0
| 237|0x0000000093b00000, 0x0000000093b00000, 0x0000000093c00000|  0%| F|  |TAMS 0x0000000093b00000| PB 0x0000000093b00000| Untracked |  0
| 238|0x0000000093c00000, 0x0000000093c00000, 0x0000000093d00000|  0%| F|  |TAMS 0x0000000093c00000| PB 0x0000000093c00000| Untracked |  0
| 239|0x0000000093d00000, 0x0000000093d00000, 0x0000000093e00000|  0%| F|  |TAMS 0x0000000093d00000| PB 0x0000000093d00000| Untracked |  0
| 240|0x0000000093e00000, 0x0000000093e00000, 0x0000000093f00000|  0%| F|  |TAMS 0x0000000093e00000| PB 0x0000000093e00000| Untracked |  0
| 241|0x0000000093f00000, 0x0000000093f00000, 0x0000000094000000|  0%| F|  |TAMS 0x0000000093f00000| PB 0x0000000093f00000| Untracked |  0
| 242|0x0000000094000000, 0x0000000094000000, 0x0000000094100000|  0%| F|  |TAMS 0x0000000094000000| PB 0x0000000094000000| Untracked |  0
| 243|0x0000000094100000, 0x0000000094100000, 0x0000000094200000|  0%| F|  |TAMS 0x0000000094100000| PB 0x0000000094100000| Untracked |  0
| 244|0x0000000094200000, 0x0000000094200000, 0x0000000094300000|  0%| F|  |TAMS 0x0000000094200000| PB 0x0000000094200000| Untracked |  0
| 245|0x0000000094300000, 0x0000000094300000, 0x0000000094400000|  0%| F|  |TAMS 0x0000000094300000| PB 0x0000000094300000| Untracked |  0
| 246|0x0000000094400000, 0x0000000094400000, 0x0000000094500000|  0%| F|  |TAMS 0x0000000094400000| PB 0x0000000094400000| Untracked |  0
| 247|0x0000000094500000, 0x0000000094500000, 0x0000000094600000|  0%| F|  |TAMS 0x0000000094500000| PB 0x0000000094500000| Untracked |  0
| 248|0x0000000094600000, 0x0000000094600000, 0x0000000094700000|  0%| F|  |TAMS 0x0000000094600000| PB 0x0000000094600000| Untracked |  0
| 249|0x0000000094700000, 0x0000000094700000, 0x0000000094800000|  0%| F|  |TAMS 0x0000000094700000| PB 0x0000000094700000| Untracked |  0
| 250|0x0000000094800000, 0x0000000094800000, 0x0000000094900000|  0%| F|  |TAMS 0x0000000094800000| PB 0x0000000094800000| Untracked |  0
| 251|0x0000000094900000, 0x0000000094900000, 0x0000000094a00000|  0%| F|  |TAMS 0x0000000094900000| PB 0x0000000094900000| Untracked |  0
| 252|0x0000000094a00000, 0x0000000094a00000, 0x0000000094b00000|  0%| F|  |TAMS 0x0000000094a00000| PB 0x0000000094a00000| Untracked |  0
| 253|0x0000000094b00000, 0x0000000094b00000, 0x0000000094c00000|  0%| F|  |TAMS 0x0000000094b00000| PB 0x0000000094b00000| Untracked |  0
| 254|0x0000000094c00000, 0x0000000094c00000, 0x0000000094d00000|  0%| F|  |TAMS 0x0000000094c00000| PB 0x0000000094c00000| Untracked |  0
| 255|0x0000000094d00000, 0x0000000094d00000, 0x0000000094e00000|  0%| F|  |TAMS 0x0000000094d00000| PB 0x0000000094d00000| Untracked |  0
| 256|0x0000000094e00000, 0x0000000094e00000, 0x0000000094f00000|  0%| F|  |TAMS 0x0000000094e00000| PB 0x0000000094e00000| Untracked |  0
| 257|0x0000000094f00000, 0x0000000094f00000, 0x0000000095000000|  0%| F|  |TAMS 0x0000000094f00000| PB 0x0000000094f00000| Untracked |  0
| 258|0x0000000095000000, 0x0000000095000000, 0x0000000095100000|  0%| F|  |TAMS 0x0000000095000000| PB 0x0000000095000000| Untracked |  0
| 259|0x0000000095100000, 0x0000000095100000, 0x0000000095200000|  0%| F|  |TAMS 0x0000000095100000| PB 0x0000000095100000| Untracked |  0
| 260|0x0000000095200000, 0x0000000095200000, 0x0000000095300000|  0%| F|  |TAMS 0x0000000095200000| PB 0x0000000095200000| Untracked |  0
| 261|0x0000000095300000, 0x0000000095300000, 0x0000000095400000|  0%| F|  |TAMS 0x0000000095300000| PB 0x0000000095300000| Untracked |  0
| 262|0x0000000095400000, 0x0000000095400000, 0x0000000095500000|  0%| F|  |TAMS 0x0000000095400000| PB 0x0000000095400000| Untracked |  0
| 263|0x0000000095500000, 0x0000000095500000, 0x0000000095600000|  0%| F|  |TAMS 0x0000000095500000| PB 0x0000000095500000| Untracked |  0
| 264|0x0000000095600000, 0x0000000095600000, 0x0000000095700000|  0%| F|  |TAMS 0x0000000095600000| PB 0x0000000095600000| Untracked |  0
| 265|0x0000000095700000, 0x0000000095700000, 0x0000000095800000|  0%| F|  |TAMS 0x0000000095700000| PB 0x0000000095700000| Untracked |  0
| 266|0x0000000095800000, 0x0000000095800000, 0x0000000095900000|  0%| F|  |TAMS 0x0000000095800000| PB 0x0000000095800000| Untracked |  0
| 267|0x0000000095900000, 0x0000000095900000, 0x0000000095a00000|  0%| F|  |TAMS 0x0000000095900000| PB 0x0000000095900000| Untracked |  0
| 268|0x0000000095a00000, 0x0000000095a00000, 0x0000000095b00000|  0%| F|  |TAMS 0x0000000095a00000| PB 0x0000000095a00000| Untracked |  0
| 269|0x0000000095b00000, 0x0000000095b00000, 0x0000000095c00000|  0%| F|  |TAMS 0x0000000095b00000| PB 0x0000000095b00000| Untracked |  0
| 270|0x0000000095c00000, 0x0000000095c00000, 0x0000000095d00000|  0%| F|  |TAMS 0x0000000095c00000| PB 0x0000000095c00000| Untracked |  0
| 271|0x0000000095d00000, 0x0000000095d00000, 0x0000000095e00000|  0%| F|  |TAMS 0x0000000095d00000| PB 0x0000000095d00000| Untracked |  0
| 272|0x0000000095e00000, 0x0000000095e00000, 0x0000000095f00000|  0%| F|  |TAMS 0x0000000095e00000| PB 0x0000000095e00000| Untracked |  0
| 273|0x0000000095f00000, 0x0000000095f00000, 0x0000000096000000|  0%| F|  |TAMS 0x0000000095f00000| PB 0x0000000095f00000| Untracked |  0
| 274|0x0000000096000000, 0x0000000096000000, 0x0000000096100000|  0%| F|  |TAMS 0x0000000096000000| PB 0x0000000096000000| Untracked |  0
| 275|0x0000000096100000, 0x0000000096100000, 0x0000000096200000|  0%| F|  |TAMS 0x0000000096100000| PB 0x0000000096100000| Untracked |  0
| 276|0x0000000096200000, 0x0000000096200000, 0x0000000096300000|  0%| F|  |TAMS 0x0000000096200000| PB 0x0000000096200000| Untracked |  0
| 277|0x0000000096300000, 0x0000000096300000, 0x0000000096400000|  0%| F|  |TAMS 0x0000000096300000| PB 0x0000000096300000| Untracked |  0
| 278|0x0000000096400000, 0x0000000096400000, 0x0000000096500000|  0%| F|  |TAMS 0x0000000096400000| PB 0x0000000096400000| Untracked |  0
| 279|0x0000000096500000, 0x0000000096500000, 0x0000000096600000|  0%| F|  |TAMS 0x0000000096500000| PB 0x0000000096500000| Untracked |  0
| 280|0x0000000096600000, 0x0000000096600000, 0x0000000096700000|  0%| F|  |TAMS 0x0000000096600000| PB 0x0000000096600000| Untracked |  0
| 281|0x0000000096700000, 0x0000000096700000, 0x0000000096800000|  0%| F|  |TAMS 0x0000000096700000| PB 0x0000000096700000| Untracked |  0
| 282|0x0000000096800000, 0x0000000096800000, 0x0000000096900000|  0%| F|  |TAMS 0x0000000096800000| PB 0x0000000096800000| Untracked |  0
| 283|0x0000000096900000, 0x0000000096900000, 0x0000000096a00000|  0%| F|  |TAMS 0x0000000096900000| PB 0x0000000096900000| Untracked |  0
| 284|0x0000000096a00000, 0x0000000096a00000, 0x0000000096b00000|  0%| F|  |TAMS 0x0000000096a00000| PB 0x0000000096a00000| Untracked |  0
| 285|0x0000000096b00000, 0x0000000096b00000, 0x0000000096c00000|  0%| F|  |TAMS 0x0000000096b00000| PB 0x0000000096b00000| Untracked |  0
| 286|0x0000000096c00000, 0x0000000096c00000, 0x0000000096d00000|  0%| F|  |TAMS 0x0000000096c00000| PB 0x0000000096c00000| Untracked |  0
| 287|0x0000000096d00000, 0x0000000096d00000, 0x0000000096e00000|  0%| F|  |TAMS 0x0000000096d00000| PB 0x0000000096d00000| Untracked |  0
| 288|0x0000000096e00000, 0x0000000096e00000, 0x0000000096f00000|  0%| F|  |TAMS 0x0000000096e00000| PB 0x0000000096e00000| Untracked |  0
| 289|0x0000000096f00000, 0x0000000096f00000, 0x0000000097000000|  0%| F|  |TAMS 0x0000000096f00000| PB 0x0000000096f00000| Untracked |  0
| 290|0x0000000097000000, 0x0000000097000000, 0x0000000097100000|  0%| F|  |TAMS 0x0000000097000000| PB 0x0000000097000000| Untracked |  0
| 291|0x0000000097100000, 0x0000000097100000, 0x0000000097200000|  0%| F|  |TAMS 0x0000000097100000| PB 0x0000000097100000| Untracked |  0
| 292|0x0000000097200000, 0x0000000097200000, 0x0000000097300000|  0%| F|  |TAMS 0x0000000097200000| PB 0x0000000097200000| Untracked |  0
| 293|0x0000000097300000, 0x0000000097300000, 0x0000000097400000|  0%| F|  |TAMS 0x0000000097300000| PB 0x0000000097300000| Untracked |  0
| 294|0x0000000097400000, 0x0000000097400000, 0x0000000097500000|  0%| F|  |TAMS 0x0000000097400000| PB 0x0000000097400000| Untracked |  0
| 295|0x0000000097500000, 0x0000000097500000, 0x0000000097600000|  0%| F|  |TAMS 0x0000000097500000| PB 0x0000000097500000| Untracked |  0
| 296|0x0000000097600000, 0x0000000097600000, 0x0000000097700000|  0%| F|  |TAMS 0x0000000097600000| PB 0x0000000097600000| Untracked |  0
| 297|0x0000000097700000, 0x0000000097700000, 0x0000000097800000|  0%| F|  |TAMS 0x0000000097700000| PB 0x0000000097700000| Untracked |  0
| 298|0x0000000097800000, 0x0000000097800000, 0x0000000097900000|  0%| F|  |TAMS 0x0000000097800000| PB 0x0000000097800000| Untracked |  0
| 299|0x0000000097900000, 0x0000000097900000, 0x0000000097a00000|  0%| F|  |TAMS 0x0000000097900000| PB 0x0000000097900000| Untracked |  0
| 300|0x0000000097a00000, 0x0000000097a00000, 0x0000000097b00000|  0%| F|  |TAMS 0x0000000097a00000| PB 0x0000000097a00000| Untracked |  0
| 301|0x0000000097b00000, 0x0000000097b00000, 0x0000000097c00000|  0%| F|  |TAMS 0x0000000097b00000| PB 0x0000000097b00000| Untracked |  0
| 302|0x0000000097c00000, 0x0000000097c00000, 0x0000000097d00000|  0%| F|  |TAMS 0x0000000097c00000| PB 0x0000000097c00000| Untracked |  0
| 303|0x0000000097d00000, 0x0000000097d00000, 0x0000000097e00000|  0%| F|  |TAMS 0x0000000097d00000| PB 0x0000000097d00000| Untracked |  0
| 304|0x0000000097e00000, 0x0000000097e00000, 0x0000000097f00000|  0%| F|  |TAMS 0x0000000097e00000| PB 0x0000000097e00000| Untracked |  0
| 305|0x0000000097f00000, 0x0000000097f00000, 0x0000000098000000|  0%| F|  |TAMS 0x0000000097f00000| PB 0x0000000097f00000| Untracked |  0
| 306|0x0000000098000000, 0x0000000098000000, 0x0000000098100000|  0%| F|  |TAMS 0x0000000098000000| PB 0x0000000098000000| Untracked |  0
| 307|0x0000000098100000, 0x0000000098100000, 0x0000000098200000|  0%| F|  |TAMS 0x0000000098100000| PB 0x0000000098100000| Untracked |  0
| 308|0x0000000098200000, 0x0000000098200000, 0x0000000098300000|  0%| F|  |TAMS 0x0000000098200000| PB 0x0000000098200000| Untracked |  0
| 309|0x0000000098300000, 0x0000000098300000, 0x0000000098400000|  0%| F|  |TAMS 0x0000000098300000| PB 0x0000000098300000| Untracked |  0
| 310|0x0000000098400000, 0x0000000098400000, 0x0000000098500000|  0%| F|  |TAMS 0x0000000098400000| PB 0x0000000098400000| Untracked |  0
| 311|0x0000000098500000, 0x0000000098500000, 0x0000000098600000|  0%| F|  |TAMS 0x0000000098500000| PB 0x0000000098500000| Untracked |  0
| 312|0x0000000098600000, 0x0000000098600000, 0x0000000098700000|  0%| F|  |TAMS 0x0000000098600000| PB 0x0000000098600000| Untracked |  0
| 313|0x0000000098700000, 0x0000000098700000, 0x0000000098800000|  0%| F|  |TAMS 0x0000000098700000| PB 0x0000000098700000| Untracked |  0
| 314|0x0000000098800000, 0x0000000098800000, 0x0000000098900000|  0%| F|  |TAMS 0x0000000098800000| PB 0x0000000098800000| Untracked |  0
| 315|0x0000000098900000, 0x0000000098900000, 0x0000000098a00000|  0%| F|  |TAMS 0x0000000098900000| PB 0x0000000098900000| Untracked |  0
| 316|0x0000000098a00000, 0x0000000098a00000, 0x0000000098b00000|  0%| F|  |TAMS 0x0000000098a00000| PB 0x0000000098a00000| Untracked |  0
| 317|0x0000000098b00000, 0x0000000098b00000, 0x0000000098c00000|  0%| F|  |TAMS 0x0000000098b00000| PB 0x0000000098b00000| Untracked |  0
| 318|0x0000000098c00000, 0x0000000098c00000, 0x0000000098d00000|  0%| F|  |TAMS 0x0000000098c00000| PB 0x0000000098c00000| Untracked |  0
| 319|0x0000000098d00000, 0x0000000098d00000, 0x0000000098e00000|  0%| F|  |TAMS 0x0000000098d00000| PB 0x0000000098d00000| Untracked |  0
| 320|0x0000000098e00000, 0x0000000098e00000, 0x0000000098f00000|  0%| F|  |TAMS 0x0000000098e00000| PB 0x0000000098e00000| Untracked |  0
| 321|0x0000000098f00000, 0x0000000098f00000, 0x0000000099000000|  0%| F|  |TAMS 0x0000000098f00000| PB 0x0000000098f00000| Untracked |  0
| 322|0x0000000099000000, 0x0000000099000000, 0x0000000099100000|  0%| F|  |TAMS 0x0000000099000000| PB 0x0000000099000000| Untracked |  0
| 323|0x0000000099100000, 0x0000000099100000, 0x0000000099200000|  0%| F|  |TAMS 0x0000000099100000| PB 0x0000000099100000| Untracked |  0
| 324|0x0000000099200000, 0x0000000099200000, 0x0000000099300000|  0%| F|  |TAMS 0x0000000099200000| PB 0x0000000099200000| Untracked |  0
| 325|0x0000000099300000, 0x0000000099300000, 0x0000000099400000|  0%| F|  |TAMS 0x0000000099300000| PB 0x0000000099300000| Untracked |  0
| 326|0x0000000099400000, 0x0000000099400000, 0x0000000099500000|  0%| F|  |TAMS 0x0000000099400000| PB 0x0000000099400000| Untracked |  0
| 327|0x0000000099500000, 0x0000000099500000, 0x0000000099600000|  0%| F|  |TAMS 0x0000000099500000| PB 0x0000000099500000| Untracked |  0
| 328|0x0000000099600000, 0x0000000099600000, 0x0000000099700000|  0%| F|  |TAMS 0x0000000099600000| PB 0x0000000099600000| Untracked |  0
| 329|0x0000000099700000, 0x0000000099700000, 0x0000000099800000|  0%| F|  |TAMS 0x0000000099700000| PB 0x0000000099700000| Untracked |  0
| 330|0x0000000099800000, 0x0000000099800000, 0x0000000099900000|  0%| F|  |TAMS 0x0000000099800000| PB 0x0000000099800000| Untracked |  0
| 331|0x0000000099900000, 0x0000000099900000, 0x0000000099a00000|  0%| F|  |TAMS 0x0000000099900000| PB 0x0000000099900000| Untracked |  0
| 332|0x0000000099a00000, 0x0000000099a00000, 0x0000000099b00000|  0%| F|  |TAMS 0x0000000099a00000| PB 0x0000000099a00000| Untracked |  0
| 333|0x0000000099b00000, 0x0000000099b00000, 0x0000000099c00000|  0%| F|  |TAMS 0x0000000099b00000| PB 0x0000000099b00000| Untracked |  0
| 334|0x0000000099c00000, 0x0000000099c00000, 0x0000000099d00000|  0%| F|  |TAMS 0x0000000099c00000| PB 0x0000000099c00000| Untracked |  0
| 335|0x0000000099d00000, 0x0000000099d00000, 0x0000000099e00000|  0%| F|  |TAMS 0x0000000099d00000| PB 0x0000000099d00000| Untracked |  0
| 336|0x0000000099e00000, 0x0000000099e00000, 0x0000000099f00000|  0%| F|  |TAMS 0x0000000099e00000| PB 0x0000000099e00000| Untracked |  0
| 337|0x0000000099f00000, 0x0000000099f00000, 0x000000009a000000|  0%| F|  |TAMS 0x0000000099f00000| PB 0x0000000099f00000| Untracked |  0
| 338|0x000000009a000000, 0x000000009a000000, 0x000000009a100000|  0%| F|  |TAMS 0x000000009a000000| PB 0x000000009a000000| Untracked |  0
| 339|0x000000009a100000, 0x000000009a100000, 0x000000009a200000|  0%| F|  |TAMS 0x000000009a100000| PB 0x000000009a100000| Untracked |  0
| 340|0x000000009a200000, 0x000000009a200000, 0x000000009a300000|  0%| F|  |TAMS 0x000000009a200000| PB 0x000000009a200000| Untracked |  0
| 341|0x000000009a300000, 0x000000009a300000, 0x000000009a400000|  0%| F|  |TAMS 0x000000009a300000| PB 0x000000009a300000| Untracked |  0
| 342|0x000000009a400000, 0x000000009a400000, 0x000000009a500000|  0%| F|  |TAMS 0x000000009a400000| PB 0x000000009a400000| Untracked |  0
| 343|0x000000009a500000, 0x000000009a500000, 0x000000009a600000|  0%| F|  |TAMS 0x000000009a500000| PB 0x000000009a500000| Untracked |  0
| 344|0x000000009a600000, 0x000000009a600000, 0x000000009a700000|  0%| F|  |TAMS 0x000000009a600000| PB 0x000000009a600000| Untracked |  0
| 345|0x000000009a700000, 0x000000009a700000, 0x000000009a800000|  0%| F|  |TAMS 0x000000009a700000| PB 0x000000009a700000| Untracked |  0
| 346|0x000000009a800000, 0x000000009a800000, 0x000000009a900000|  0%| F|  |TAMS 0x000000009a800000| PB 0x000000009a800000| Untracked |  0
| 347|0x000000009a900000, 0x000000009a900000, 0x000000009aa00000|  0%| F|  |TAMS 0x000000009a900000| PB 0x000000009a900000| Untracked |  0
| 348|0x000000009aa00000, 0x000000009aa00000, 0x000000009ab00000|  0%| F|  |TAMS 0x000000009aa00000| PB 0x000000009aa00000| Untracked |  0
| 349|0x000000009ab00000, 0x000000009ab00000, 0x000000009ac00000|  0%| F|  |TAMS 0x000000009ab00000| PB 0x000000009ab00000| Untracked |  0
| 350|0x000000009ac00000, 0x000000009ac00000, 0x000000009ad00000|  0%| F|  |TAMS 0x000000009ac00000| PB 0x000000009ac00000| Untracked |  0
| 351|0x000000009ad00000, 0x000000009ad00000, 0x000000009ae00000|  0%| F|  |TAMS 0x000000009ad00000| PB 0x000000009ad00000| Untracked |  0
| 352|0x000000009ae00000, 0x000000009ae00000, 0x000000009af00000|  0%| F|  |TAMS 0x000000009ae00000| PB 0x000000009ae00000| Untracked |  0
| 353|0x000000009af00000, 0x000000009af00000, 0x000000009b000000|  0%| F|  |TAMS 0x000000009af00000| PB 0x000000009af00000| Untracked |  0
| 354|0x000000009b000000, 0x000000009b000000, 0x000000009b100000|  0%| F|  |TAMS 0x000000009b000000| PB 0x000000009b000000| Untracked |  0
| 355|0x000000009b100000, 0x000000009b100000, 0x000000009b200000|  0%| F|  |TAMS 0x000000009b100000| PB 0x000000009b100000| Untracked |  0
| 356|0x000000009b200000, 0x000000009b200000, 0x000000009b300000|  0%| F|  |TAMS 0x000000009b200000| PB 0x000000009b200000| Untracked |  0
| 357|0x000000009b300000, 0x000000009b300000, 0x000000009b400000|  0%| F|  |TAMS 0x000000009b300000| PB 0x000000009b300000| Untracked |  0
| 358|0x000000009b400000, 0x000000009b400000, 0x000000009b500000|  0%| F|  |TAMS 0x000000009b400000| PB 0x000000009b400000| Untracked |  0
| 359|0x000000009b500000, 0x000000009b500000, 0x000000009b600000|  0%| F|  |TAMS 0x000000009b500000| PB 0x000000009b500000| Untracked |  0
| 360|0x000000009b600000, 0x000000009b600000, 0x000000009b700000|  0%| F|  |TAMS 0x000000009b600000| PB 0x000000009b600000| Untracked |  0
| 361|0x000000009b700000, 0x000000009b700000, 0x000000009b800000|  0%| F|  |TAMS 0x000000009b700000| PB 0x000000009b700000| Untracked |  0
| 362|0x000000009b800000, 0x000000009b800000, 0x000000009b900000|  0%| F|  |TAMS 0x000000009b800000| PB 0x000000009b800000| Untracked |  0
| 363|0x000000009b900000, 0x000000009b900000, 0x000000009ba00000|  0%| F|  |TAMS 0x000000009b900000| PB 0x000000009b900000| Untracked |  0
| 364|0x000000009ba00000, 0x000000009ba00000, 0x000000009bb00000|  0%| F|  |TAMS 0x000000009ba00000| PB 0x000000009ba00000| Untracked |  0
| 365|0x000000009bb00000, 0x000000009bb00000, 0x000000009bc00000|  0%| F|  |TAMS 0x000000009bb00000| PB 0x000000009bb00000| Untracked |  0
| 366|0x000000009bc00000, 0x000000009bc00000, 0x000000009bd00000|  0%| F|  |TAMS 0x000000009bc00000| PB 0x000000009bc00000| Untracked |  0
| 367|0x000000009bd00000, 0x000000009bd00000, 0x000000009be00000|  0%| F|  |TAMS 0x000000009bd00000| PB 0x000000009bd00000| Untracked |  0
| 368|0x000000009be00000, 0x000000009be00000, 0x000000009bf00000|  0%| F|  |TAMS 0x000000009be00000| PB 0x000000009be00000| Untracked |  0
| 369|0x000000009bf00000, 0x000000009bf00000, 0x000000009c000000|  0%| F|  |TAMS 0x000000009bf00000| PB 0x000000009bf00000| Untracked |  0
| 370|0x000000009c000000, 0x000000009c000000, 0x000000009c100000|  0%| F|  |TAMS 0x000000009c000000| PB 0x000000009c000000| Untracked |  0
| 371|0x000000009c100000, 0x000000009c100000, 0x000000009c200000|  0%| F|  |TAMS 0x000000009c100000| PB 0x000000009c100000| Untracked |  0
| 372|0x000000009c200000, 0x000000009c280000, 0x000000009c300000| 50%| E|  |TAMS 0x000000009c200000| PB 0x000000009c200000| Complete |  0
| 373|0x000000009c300000, 0x000000009c400000, 0x000000009c400000|100%| E|CS|TAMS 0x000000009c300000| PB 0x000000009c300000| Complete |  0
| 374|0x000000009c400000, 0x000000009c500000, 0x000000009c500000|100%| E|CS|TAMS 0x000000009c400000| PB 0x000000009c400000| Complete |  0
| 375|0x000000009c500000, 0x000000009c600000, 0x000000009c600000|100%| E|  |TAMS 0x000000009c500000| PB 0x000000009c500000| Complete |  0
| 376|0x000000009c600000, 0x000000009c604080, 0x000000009c700000|  1%| S|CS|TAMS 0x000000009c600000| PB 0x000000009c600000| Complete |  0
| 377|0x000000009c700000, 0x000000009c800000, 0x000000009c800000|100%| E|CS|TAMS 0x000000009c700000| PB 0x000000009c700000| Complete |  0
|1962|0x00000000ff800000, 0x00000000ff900000, 0x00000000ff900000|100%| O|  |TAMS 0x00000000ff800000| PB 0x00000000ff800000| Untracked |  0
|1963|0x00000000ff900000, 0x00000000ffa00000, 0x00000000ffa00000|100%| O|  |TAMS 0x00000000ff900000| PB 0x00000000ff900000| Untracked |  0
|1964|0x00000000ffa00000, 0x00000000ffb00000, 0x00000000ffb00000|100%| O|  |TAMS 0x00000000ffa00000| PB 0x00000000ffa00000| Untracked |  0
|1965|0x00000000ffb00000, 0x00000000ffc00000, 0x00000000ffc00000|100%| O|  |TAMS 0x00000000ffb00000| PB 0x00000000ffb00000| Untracked |  0
|1966|0x00000000ffc00000, 0x00000000ffd00000, 0x00000000ffd00000|100%| O|  |TAMS 0x00000000ffc00000| PB 0x00000000ffc00000| Untracked |  0
|1967|0x00000000ffd00000, 0x00000000ffe00000, 0x00000000ffe00000|100%| O|  |TAMS 0x00000000ffd00000| PB 0x00000000ffd00000| Untracked |  0
|1968|0x00000000ffe00000, 0x00000000fff00000, 0x00000000fff00000|100%| O|  |TAMS 0x00000000ffe00000| PB 0x00000000ffe00000| Untracked |  0
|1969|0x00000000fff00000, 0x0000000100000000, 0x0000000100000000|100%| E|CS|TAMS 0x00000000fff00000| PB 0x00000000fff00000| Complete |  0

Card table byte_map: [0x000002babb220000,0x000002babb600000] _byte_map_base: 0x000002babadf9000

Marking Bits: (CMBitMap*) 0x000002baa2d96c20
 Bits: [0x000002babb600000, 0x000002babd4c8000)

Polling page: 0x000002baa0af0000

Metaspace:

Usage:
  Non-class:     45.72 MB used.
      Class:      5.14 MB used.
       Both:     50.86 MB used.

Virtual space:
  Non-class space:       64.00 MB reserved,      45.88 MB ( 72%) committed,  1 nodes.
      Class space:        1.00 GB reserved,       5.31 MB ( <1%) committed,  1 nodes.
             Both:        1.06 GB reserved,      51.19 MB (  5%) committed. 

Chunk freelists:
   Non-Class:  1.76 MB
       Class:  10.54 MB
        Both:  12.30 MB

MaxMetaspaceSize: unlimited
CompressedClassSpaceSize: 1.00 GB
Initial GC threshold: 21.00 MB
Current GC threshold: 58.69 MB
CDS: on
 - commit_granule_bytes: 65536.
 - commit_granule_words: 8192.
 - virtual_space_node_default_size: 8388608.
 - enlarge_chunks_in_place: 1.
UseCompressedClassPointers 1, UseCompactObjectHeaders 0
Narrow klass pointer bits 32, Max shift 3
Narrow klass base: 0x000002bac1000000, Narrow klass shift: 0
Encoding Range: [0x000002bac1000000 - 0x000002bbc1000000), (4294967296 bytes)
Klass Range:    [0x000002bac1000000 - 0x000002bb02000000), (1090519040 bytes)
Klass ID Range:  [8 - 1090519033) (1090519025)


Internal statistics:

num_allocs_failed_limit: 6.
num_arena_births: 346.
num_arena_deaths: 0.
num_vsnodes_births: 2.
num_vsnodes_deaths: 0.
num_space_committed: 817.
num_space_uncommitted: 0.
num_chunks_returned_to_freelist: 6.
num_chunks_taken_from_freelist: 1874.
num_chunk_merges: 3.
num_chunk_splits: 1416.
num_chunks_enlarged: 1205.
num_inconsistent_stats: 0.

CodeHeap 'non-profiled nmethods': size=119232Kb used=12451Kb max_used=12451Kb free=106780Kb
 bounds [0x000002bab3150000, 0x000002bab3d80000, 0x000002baba5c0000]
CodeHeap 'profiled nmethods': size=119104Kb used=28717Kb max_used=28717Kb free=90386Kb
 bounds [0x000002baab5c0000, 0x000002baad1d0000, 0x000002bab2a10000]
CodeHeap 'non-nmethods': size=7424Kb used=2508Kb max_used=4417Kb free=4916Kb
 bounds [0x000002bab2a10000, 0x000002bab2e80000, 0x000002bab3150000]
CodeCache: size=245760Kb, used=43676Kb, max_used=45585Kb, free=202082Kb
 total_blobs=17740, nmethods=16146, adapters=1494, full_count=0
Compilation: enabled, stopped_count=0, restarted_count=0

Compilation events (20 events):
Event: 1895.094 Thread 0x000002babfe3bec0 nmethod 16807 0x000002baad1c8f88 code [0x000002baad1c90c0, 0x000002baad1c92c0]
Event: 1895.094 Thread 0x000002babfe3bec0 16808       3       java.util.concurrent.ScheduledThreadPoolExecutor::reExecutePeriodic (49 bytes)
Event: 1895.096 Thread 0x000002babfe3bec0 nmethod 16808 0x000002baad1c9308 code [0x000002baad1c94a0, 0x000002baad1c9b88]
Event: 1899.858 Thread 0x000002babfe3bec0 16809       3       java.util.Collections::swap (25 bytes)
Event: 1899.861 Thread 0x000002babfe3bec0 nmethod 16809 0x000002baad1c9c08 code [0x000002baad1c9d40, 0x000002baad1ca0a8]
Event: 1904.656 Thread 0x000002bac04b3110 16810       4       java.lang.String::getBytes (25 bytes)
Event: 1904.670 Thread 0x000002bac04b3110 nmethod 16810 0x000002bab3d6ca08 code [0x000002bab3d6cb60, 0x000002bab3d6cf30]
Event: 1914.815 Thread 0x000002bac04b3110 16811       4       java.util.HashMap$KeySet::iterator (12 bytes)
Event: 1914.822 Thread 0x000002bac04b3110 nmethod 16811 0x000002bab3d6cf88 code [0x000002bab3d6d0a0, 0x000002bab3d6d450]
Event: 1924.819 Thread 0x000002bac04b3110 16812       4       javax.crypto.Cipher$Transform::supports (32 bytes)
Event: 1924.820 Thread 0x000002bac04b3110 nmethod 16812 0x000002bab3d6d488 code [0x000002bab3d6d580, 0x000002bab3d6d610]
Event: 1934.933 Thread 0x000002bac04b3110 16813   !   4       sun.security.ssl.SSLCipher$T13GcmReadCipherGenerator$GcmReadCipher::decrypt (622 bytes)
Event: 1935.272 Thread 0x000002bac04b3110 nmethod 16813 0x000002bab3d6d788 code [0x000002bab3d6dfa0, 0x000002bab3d77018]
Event: 1935.274 Thread 0x000002bac04b3110 16814       4       org.apache.http.util.CharArrayBuffer::indexOf (71 bytes)
Event: 1935.277 Thread 0x000002bac04b3110 nmethod 16814 0x000002bab3d77588 code [0x000002bab3d776a0, 0x000002bab3d77908]
Event: 1954.609 Thread 0x000002babfe3bec0 16815       3       com.sun.imageio.plugins.jpeg.JFIFMarkerSegment::writeWithThumbs (150 bytes)
Event: 1954.622 Thread 0x000002babfe3bec0 nmethod 16815 0x000002baad1ca108 code [0x000002baad1ca360, 0x000002baad1cb3f8]
Event: 1954.821 Thread 0x000002bac04b3110 16816       4       javax.crypto.Cipher$Transform::<init> (49 bytes)
Event: 1954.847 Thread 0x000002bac04b3110 nmethod 16816 0x000002bab3d77988 code [0x000002bab3d77b20, 0x000002bab3d78d48]
Event: 1959.652 Thread 0x000002bac04b3110 16817       4       java.util.ArrayList$ArrayListSpliterator::forEachRemaining (127 bytes)

GC Heap History (20 events):
Event: 1950.607 GC heap before
{Heap before GC invocations=2702 (full 0):
 garbage-first heap   total reserved 2017280K, committed 395264K, used 177261K [0x0000000084e00000, 0x0000000100000000)
  region size 1024K, 3 young (3072K), 1 survivors (1024K)
 Metaspace       used 52080K, committed 52416K, reserved 1114112K
  class space    used 5267K, committed 5440K, reserved 1048576K
}
Event: 1950.611 GC heap after
{Heap after GC invocations=2703 (full 0):
 garbage-first heap   total reserved 2017280K, committed 395264K, used 118755K [0x0000000084e00000, 0x0000000100000000)
  region size 1024K, 1 young (1024K), 1 survivors (1024K)
 Metaspace       used 52080K, committed 52416K, reserved 1114112K
  class space    used 5267K, committed 5440K, reserved 1048576K
}
Event: 1951.534 GC heap before
{Heap before GC invocations=2703 (full 0):
 garbage-first heap   total reserved 2017280K, committed 395264K, used 176099K [0x0000000084e00000, 0x0000000100000000)
  region size 1024K, 2 young (2048K), 1 survivors (1024K)
 Metaspace       used 52080K, committed 52416K, reserved 1114112K
  class space    used 5267K, committed 5440K, reserved 1048576K
}
Event: 1951.537 GC heap after
{Heap after GC invocations=2704 (full 0):
 garbage-first heap   total reserved 2017280K, committed 395264K, used 118721K [0x0000000084e00000, 0x0000000100000000)
  region size 1024K, 1 young (1024K), 1 survivors (1024K)
 Metaspace       used 52080K, committed 52416K, reserved 1114112K
  class space    used 5267K, committed 5440K, reserved 1048576K
}
Event: 1952.467 GC heap before
{Heap before GC invocations=2704 (full 0):
 garbage-first heap   total reserved 2017280K, committed 395264K, used 176065K [0x0000000084e00000, 0x0000000100000000)
  region size 1024K, 2 young (2048K), 1 survivors (1024K)
 Metaspace       used 52080K, committed 52416K, reserved 1114112K
  class space    used 5267K, committed 5440K, reserved 1048576K
}
Event: 1952.469 GC heap after
{Heap after GC invocations=2705 (full 0):
 garbage-first heap   total reserved 2017280K, committed 395264K, used 118725K [0x0000000084e00000, 0x0000000100000000)
  region size 1024K, 1 young (1024K), 1 survivors (1024K)
 Metaspace       used 52080K, committed 52416K, reserved 1114112K
  class space    used 5267K, committed 5440K, reserved 1048576K
}
Event: 1953.411 GC heap before
{Heap before GC invocations=2705 (full 0):
 garbage-first heap   total reserved 2017280K, committed 395264K, used 176069K [0x0000000084e00000, 0x0000000100000000)
  region size 1024K, 2 young (2048K), 1 survivors (1024K)
 Metaspace       used 52080K, committed 52416K, reserved 1114112K
  class space    used 5267K, committed 5440K, reserved 1048576K
}
Event: 1953.413 GC heap after
{Heap after GC invocations=2706 (full 0):
 garbage-first heap   total reserved 2017280K, committed 395264K, used 118723K [0x0000000084e00000, 0x0000000100000000)
  region size 1024K, 1 young (1024K), 1 survivors (1024K)
 Metaspace       used 52080K, committed 52416K, reserved 1114112K
  class space    used 5267K, committed 5440K, reserved 1048576K
}
Event: 1954.331 GC heap before
{Heap before GC invocations=2706 (full 0):
 garbage-first heap   total reserved 2017280K, committed 395264K, used 176067K [0x0000000084e00000, 0x0000000100000000)
  region size 1024K, 2 young (2048K), 1 survivors (1024K)
 Metaspace       used 52080K, committed 52416K, reserved 1114112K
  class space    used 5267K, committed 5440K, reserved 1048576K
}
Event: 1954.332 GC heap after
{Heap after GC invocations=2707 (full 0):
 garbage-first heap   total reserved 2017280K, committed 395264K, used 118725K [0x0000000084e00000, 0x0000000100000000)
  region size 1024K, 1 young (1024K), 1 survivors (1024K)
 Metaspace       used 52080K, committed 52416K, reserved 1114112K
  class space    used 5267K, committed 5440K, reserved 1048576K
}
Event: 1955.260 GC heap before
{Heap before GC invocations=2707 (full 0):
 garbage-first heap   total reserved 2017280K, committed 395264K, used 180165K [0x0000000084e00000, 0x0000000100000000)
  region size 1024K, 7 young (7168K), 1 survivors (1024K)
 Metaspace       used 52082K, committed 52416K, reserved 1114112K
  class space    used 5267K, committed 5440K, reserved 1048576K
}
Event: 1955.261 GC heap after
{Heap after GC invocations=2708 (full 0):
 garbage-first heap   total reserved 2017280K, committed 395264K, used 118768K [0x0000000084e00000, 0x0000000100000000)
  region size 1024K, 1 young (1024K), 1 survivors (1024K)
 Metaspace       used 52082K, committed 52416K, reserved 1114112K
  class space    used 5267K, committed 5440K, reserved 1048576K
}
Event: 1956.219 GC heap before
{Heap before GC invocations=2708 (full 0):
 garbage-first heap   total reserved 2017280K, committed 395264K, used 176112K [0x0000000084e00000, 0x0000000100000000)
  region size 1024K, 2 young (2048K), 1 survivors (1024K)
 Metaspace       used 52082K, committed 52416K, reserved 1114112K
  class space    used 5267K, committed 5440K, reserved 1048576K
}
Event: 1956.221 GC heap after
{Heap after GC invocations=2709 (full 0):
 garbage-first heap   total reserved 2017280K, committed 395264K, used 118723K [0x0000000084e00000, 0x0000000100000000)
  region size 1024K, 1 young (1024K), 1 survivors (1024K)
 Metaspace       used 52082K, committed 52416K, reserved 1114112K
  class space    used 5267K, committed 5440K, reserved 1048576K
}
Event: 1957.149 GC heap before
{Heap before GC invocations=2709 (full 0):
 garbage-first heap   total reserved 2017280K, committed 395264K, used 176067K [0x0000000084e00000, 0x0000000100000000)
  region size 1024K, 2 young (2048K), 1 survivors (1024K)
 Metaspace       used 52082K, committed 52416K, reserved 1114112K
  class space    used 5267K, committed 5440K, reserved 1048576K
}
Event: 1957.152 GC heap after
{Heap after GC invocations=2710 (full 0):
 garbage-first heap   total reserved 2017280K, committed 395264K, used 118725K [0x0000000084e00000, 0x0000000100000000)
  region size 1024K, 1 young (1024K), 1 survivors (1024K)
 Metaspace       used 52082K, committed 52416K, reserved 1114112K
  class space    used 5267K, committed 5440K, reserved 1048576K
}
Event: 1958.063 GC heap before
{Heap before GC invocations=2710 (full 0):
 garbage-first heap   total reserved 2017280K, committed 395264K, used 176069K [0x0000000084e00000, 0x0000000100000000)
  region size 1024K, 2 young (2048K), 1 survivors (1024K)
 Metaspace       used 52082K, committed 52416K, reserved 1114112K
  class space    used 5267K, committed 5440K, reserved 1048576K
}
Event: 1958.065 GC heap after
{Heap after GC invocations=2711 (full 0):
 garbage-first heap   total reserved 2017280K, committed 395264K, used 118723K [0x0000000084e00000, 0x0000000100000000)
  region size 1024K, 1 young (1024K), 1 survivors (1024K)
 Metaspace       used 52082K, committed 52416K, reserved 1114112K
  class space    used 5267K, committed 5440K, reserved 1048576K
}
Event: 1959.022 GC heap before
{Heap before GC invocations=2711 (full 0):
 garbage-first heap   total reserved 2017280K, committed 395264K, used 176067K [0x0000000084e00000, 0x0000000100000000)
  region size 1024K, 2 young (2048K), 1 survivors (1024K)
 Metaspace       used 52082K, committed 52416K, reserved 1114112K
  class space    used 5267K, committed 5440K, reserved 1048576K
}
Event: 1959.025 GC heap after
{Heap after GC invocations=2712 (full 0):
 garbage-first heap   total reserved 2017280K, committed 395264K, used 118731K [0x0000000084e00000, 0x0000000100000000)
  region size 1024K, 1 young (1024K), 1 survivors (1024K)
 Metaspace       used 52082K, committed 52416K, reserved 1114112K
  class space    used 5267K, committed 5440K, reserved 1048576K
}

Dll operation events (20 events):
Event: 62.407 Loaded shared library C:\Windows\System32\msvcp140_1.dll
Event: 62.415 Loaded shared library C:\Windows\System32\concrt140.dll
Event: 62.422 Loaded shared library C:\Windows\System32\vcomp140.dll
Event: 62.436 Loaded shared library C:\Users\priya\.javacpp\cache\openblas-0.3.26-1.5.10-windows-x86_64.jar\org\bytedeco\openblas\windows-x86_64\libopenblas_nolapack.dll
Event: 62.728 Loaded shared library C:\Users\priya\.javacpp\cache\openblas-0.3.26-1.5.10-windows-x86_64.jar\org\bytedeco\openblas\windows-x86_64\jniopenblas_nolapack.dll
Event: 62.834 Loaded shared library C:\Users\priya\.javacpp\cache\javacpp-1.5.10-windows-x86_64.jar\org\bytedeco\javacpp\windows-x86_64\jnijavacpp.dll
Event: 62.875 Loaded shared library C:\Users\priya\.javacpp\cache\openblas-0.3.26-1.5.10-windows-x86_64.jar\org\bytedeco\openblas\windows-x86_64\libopenblas.dll
Event: 75.072 Loaded shared library C:\Users\priya\.javacpp\cache\openblas-0.3.26-1.5.10-windows-x86_64.jar\org\bytedeco\openblas\windows-x86_64\jniopenblas.dll
Event: 75.491 Loaded shared library C:\Users\priya\.javacpp\cache\opencv-4.9.0-1.5.10-windows-x86_64.jar\org\bytedeco\opencv\windows-x86_64\opencv_core490.dll
Event: 75.505 Loaded shared library C:\Users\priya\.javacpp\cache\opencv-4.9.0-1.5.10-windows-x86_64.jar\org\bytedeco\opencv\windows-x86_64\opencv_imgproc490.dll
Event: 75.516 Loaded shared library C:\Users\priya\.javacpp\cache\opencv-4.9.0-1.5.10-windows-x86_64.jar\org\bytedeco\opencv\windows-x86_64\jniopencv_core.dll
Event: 75.706 Loaded shared library C:\Users\priya\.javacpp\cache\opencv-4.9.0-1.5.10-windows-x86_64.jar\org\bytedeco\opencv\windows-x86_64\jniopencv_imgproc.dll
Event: 75.745 Loaded shared library C:\Users\priya\.javacpp\cache\opencv-4.9.0-1.5.10-windows-x86_64.jar\org\bytedeco\opencv\windows-x86_64\opencv_imgcodecs490.dll
Event: 75.752 Loaded shared library C:\Users\priya\.javacpp\cache\opencv-4.9.0-1.5.10-windows-x86_64.jar\org\bytedeco\opencv\windows-x86_64\jniopencv_imgcodecs.dll
Event: 75.786 Loaded shared library C:\Users\priya\.javacpp\cache\opencv-4.9.0-1.5.10-windows-x86_64.jar\org\bytedeco\opencv\windows-x86_64\opencv_videoio490.dll
Event: 75.790 Loaded shared library C:\Users\priya\.javacpp\cache\opencv-4.9.0-1.5.10-windows-x86_64.jar\org\bytedeco\opencv\windows-x86_64\jniopencv_videoio.dll
Event: 79.248 Loaded shared library C:\Program Files\Java\jdk-24\bin\awt.dll
Event: 84.171 Loaded shared library C:\Program Files\Java\jdk-24\bin\javajpeg.dll
Event: 85.081 Loaded shared library C:\Program Files\Java\jdk-24\bin\sunmscapi.dll
Event: 299.157 Loaded shared library C:\Users\priya\.openjfx\cache\21.0.5+1\amd64\javafx_iio.dll

Deoptimization events (20 events):
Event: 1854.831 Thread 0x000002bb066d8820 DEOPT PACKING pc=0x000002bab3b4d410 sp=0x000000c33bdfebb0
Event: 1854.831 Thread 0x000002bb066d8820 DEOPT UNPACKING pc=0x000002bab2c41582 sp=0x000000c33bdfea90 mode 2
Event: 1854.842 Thread 0x000002bb066d8820 Uncommon trap: trap_request=0xffffffde fr.pc=0x000002bab3d0ec50 relative=0x0000000000000bd0
Event: 1854.842 Thread 0x000002bb066d8820 Uncommon trap: reason=class_check action=maybe_recompile pc=0x000002bab3d0ec50 method=com.mysql.cj.protocol.a.TextResultsetReader.read(IZLcom/mysql/cj/protocol/a/NativePacketPayload;Lcom/mysql/cj/protocol/ColumnDefinition;Lcom/mysql/cj/protocol/ProtocolEn
Event: 1854.842 Thread 0x000002bb066d8820 DEOPT PACKING pc=0x000002bab3d0ec50 sp=0x000000c33bdfea80
Event: 1854.842 Thread 0x000002bb066d8820 DEOPT UNPACKING pc=0x000002bab2c41582 sp=0x000000c33bdfe9f0 mode 2
Event: 1854.842 Thread 0x000002bb066d8820 Uncommon trap: trap_request=0xffffff4d fr.pc=0x000002bab3b4ed34 relative=0x0000000000001494
Event: 1854.843 Thread 0x000002bb066d8820 Uncommon trap: reason=unstable_if action=reinterpret pc=0x000002bab3b4ed34 method=com.mysql.cj.protocol.a.NativePacketPayload.readBytes(Lcom/mysql/cj/protocol/a/NativeConstants$StringSelfDataType;)[B @ 116 c2
Event: 1854.843 Thread 0x000002bb066d8820 DEOPT PACKING pc=0x000002bab3b4ed34 sp=0x000000c33bdfe9a0
Event: 1854.843 Thread 0x000002bb066d8820 DEOPT UNPACKING pc=0x000002bab2c41582 sp=0x000000c33bdfe730 mode 2
Event: 1854.847 Thread 0x000002bb066d8820 Uncommon trap: trap_request=0xffffff4d fr.pc=0x000002bab3aeeb88 relative=0x0000000000001148
Event: 1854.848 Thread 0x000002bb066d8820 Uncommon trap: reason=unstable_if action=reinterpret pc=0x000002bab3aeeb88 method=com.mysql.cj.result.Field.isUnsigned()Z @ 7 c2
Event: 1854.849 Thread 0x000002bb066d8820 DEOPT PACKING pc=0x000002bab3aeeb88 sp=0x000000c33bdfec20
Event: 1854.849 Thread 0x000002bb066d8820 DEOPT UNPACKING pc=0x000002bab2c41582 sp=0x000000c33bdfeba8 mode 2
Event: 1854.859 Thread 0x000002bb066d8820 Uncommon trap: trap_request=0xffffffde fr.pc=0x000002bab3d0ec50 relative=0x0000000000000bd0
Event: 1854.859 Thread 0x000002bb066d8820 Uncommon trap: reason=class_check action=maybe_recompile pc=0x000002bab3d0ec50 method=com.mysql.cj.protocol.a.TextResultsetReader.read(IZLcom/mysql/cj/protocol/a/NativePacketPayload;Lcom/mysql/cj/protocol/ColumnDefinition;Lcom/mysql/cj/protocol/ProtocolEn
Event: 1854.859 Thread 0x000002bb066d8820 DEOPT PACKING pc=0x000002bab3d0ec50 sp=0x000000c33bdfecc0
Event: 1854.859 Thread 0x000002bb066d8820 DEOPT UNPACKING pc=0x000002bab2c41582 sp=0x000000c33bdfec30 mode 2
Event: 1869.851 Thread 0x000002bb06225f40 DEOPT PACKING pc=0x000002baacdccd6e sp=0x000000c3408fc9f0
Event: 1869.851 Thread 0x000002bb06225f40 DEOPT UNPACKING pc=0x000002bab2a65722 sp=0x000000c3408fbf08 mode 0

Classes loaded (20 events):
Event: 897.486 Loading class sun/util/locale/provider/FallbackLocaleProviderAdapter
Event: 897.489 Loading class sun/util/locale/provider/FallbackLocaleProviderAdapter done
Event: 897.500 Loading class sun/util/locale/provider/BreakIteratorProviderImpl
Event: 897.508 Loading class sun/util/locale/provider/BreakIteratorProviderImpl done
Event: 897.508 Loading class sun/util/locale/provider/BaseLocaleDataMetaInfo
Event: 897.511 Loading class sun/util/locale/provider/BaseLocaleDataMetaInfo done
Event: 897.532 Loading class sun/util/locale/provider/BreakIteratorProviderImpl$GraphemeBreakIterator
Event: 897.535 Loading class sun/util/locale/provider/BreakIteratorProviderImpl$GraphemeBreakIterator done
Event: 897.535 Loading class java/text/StringCharacterIterator
Event: 897.537 Loading class java/text/StringCharacterIterator done
Event: 897.537 Loading class sun/util/locale/provider/BreakIteratorProviderImpl$CharacterIteratorCharSequence
Event: 897.537 Loading class sun/util/locale/provider/BreakIteratorProviderImpl$CharacterIteratorCharSequence done
Event: 897.537 Loading class java/text/BreakIterator$BreakIteratorCache
Event: 897.538 Loading class java/text/BreakIterator$BreakIteratorCache done
Event: 897.538 Loading class jdk/internal/util/regex/Grapheme
Event: 897.546 Loading class jdk/internal/util/regex/Grapheme done
Event: 897.547 Loading class jdk/internal/util/regex/IndicConjunctBreak
Event: 897.548 Loading class jdk/internal/util/regex/IndicConjunctBreak done
Event: 965.139 Loading class java/text/NumberFormat$Style
Event: 965.147 Loading class java/text/NumberFormat$Style done

Classes unloaded (0 events):
No events

Classes redefined (0 events):
No events

Internal exceptions (20 events):
Event: 1865.301 Thread 0x000002bb066d6ae0 Exception <a 'java/lang/InterruptedException'{0x000000009c700040}: sleep interrupted> (0x000000009c700040) 
thrown [s\open\src\hotspot\share\prims\jvm.cpp, line 2955]
Event: 1870.174 Thread 0x000002bb066d8820 Exception <a 'java/lang/InterruptedException'{0x000000009c380068}: sleep interrupted> (0x000000009c380068) 
thrown [s\open\src\hotspot\share\prims\jvm.cpp, line 2955]
Event: 1875.174 Thread 0x000002bb066d8820 Exception <a 'java/lang/InterruptedException'{0x000000009c700040}: sleep interrupted> (0x000000009c700040) 
thrown [s\open\src\hotspot\share\prims\jvm.cpp, line 2955]
Event: 1880.105 Thread 0x000002bb066d8820 Exception <a 'java/lang/InterruptedException'{0x000000009c700040}: sleep interrupted> (0x000000009c700040) 
thrown [s\open\src\hotspot\share\prims\jvm.cpp, line 2955]
Event: 1885.134 Thread 0x000002bb066d6390 Exception <a 'java/lang/InterruptedException'{0x000000009c380068}: sleep interrupted> (0x000000009c380068) 
thrown [s\open\src\hotspot\share\prims\jvm.cpp, line 2955]
Event: 1890.222 Thread 0x000002bb066d7980 Exception <a 'java/lang/InterruptedException'{0x000000009c700040}: sleep interrupted> (0x000000009c700040) 
thrown [s\open\src\hotspot\share\prims\jvm.cpp, line 2955]
Event: 1895.093 Thread 0x000002bb066d6ae0 Exception <a 'java/lang/InterruptedException'{0x000000009c380068}: sleep interrupted> (0x000000009c380068) 
thrown [s\open\src\hotspot\share\prims\jvm.cpp, line 2955]
Event: 1900.132 Thread 0x000002bb066d8820 Exception <a 'java/lang/InterruptedException'{0x000000009c380068}: sleep interrupted> (0x000000009c380068) 
thrown [s\open\src\hotspot\share\prims\jvm.cpp, line 2955]
Event: 1905.174 Thread 0x000002bb066d7980 Exception <a 'java/lang/InterruptedException'{0x000000009c700040}: sleep interrupted> (0x000000009c700040) 
thrown [s\open\src\hotspot\share\prims\jvm.cpp, line 2955]
Event: 1910.175 Thread 0x000002bb066d8820 Exception <a 'java/lang/InterruptedException'{0x000000009c380068}: sleep interrupted> (0x000000009c380068) 
thrown [s\open\src\hotspot\share\prims\jvm.cpp, line 2955]
Event: 1915.134 Thread 0x000002bb066d7980 Exception <a 'java/lang/InterruptedException'{0x000000009c380068}: sleep interrupted> (0x000000009c380068) 
thrown [s\open\src\hotspot\share\prims\jvm.cpp, line 2955]
Event: 1920.174 Thread 0x000002bb066d5c40 Exception <a 'java/lang/InterruptedException'{0x000000009c700040}: sleep interrupted> (0x000000009c700040) 
thrown [s\open\src\hotspot\share\prims\jvm.cpp, line 2955]
Event: 1925.097 Thread 0x000002bb066d8820 Exception <a 'java/lang/InterruptedException'{0x000000009c380068}: sleep interrupted> (0x000000009c380068) 
thrown [s\open\src\hotspot\share\prims\jvm.cpp, line 2955]
Event: 1930.086 Thread 0x000002bb066d7230 Exception <a 'java/lang/InterruptedException'{0x000000009c700040}: sleep interrupted> (0x000000009c700040) 
thrown [s\open\src\hotspot\share\prims\jvm.cpp, line 2955]
Event: 1935.220 Thread 0x000002bb066d7230 Exception <a 'java/lang/InterruptedException'{0x000000009c700040}: sleep interrupted> (0x000000009c700040) 
thrown [s\open\src\hotspot\share\prims\jvm.cpp, line 2955]
Event: 1940.134 Thread 0x000002bb066d8f70 Exception <a 'java/lang/InterruptedException'{0x000000009c380068}: sleep interrupted> (0x000000009c380068) 
thrown [s\open\src\hotspot\share\prims\jvm.cpp, line 2955]
Event: 1945.171 Thread 0x000002bb066d6390 Exception <a 'java/lang/InterruptedException'{0x000000009c700040}: sleep interrupted> (0x000000009c700040) 
thrown [s\open\src\hotspot\share\prims\jvm.cpp, line 2955]
Event: 1950.092 Thread 0x000002bb066d8820 Exception <a 'java/lang/InterruptedException'{0x000000009c700040}: sleep interrupted> (0x000000009c700040) 
thrown [s\open\src\hotspot\share\prims\jvm.cpp, line 2955]
Event: 1955.116 Thread 0x000002bb066d7230 Exception <a 'java/lang/InterruptedException'{0x000000009c380068}: sleep interrupted> (0x000000009c380068) 
thrown [s\open\src\hotspot\share\prims\jvm.cpp, line 2955]
Event: 1960.680 Thread 0x000002bb066d8f70 Exception <a 'java/lang/InterruptedException'{0x000000009c380068}: sleep interrupted> (0x000000009c380068) 
thrown [s\open\src\hotspot\share\prims\jvm.cpp, line 2955]

VM Operations (20 events):
Event: 1950.607 Executing VM operation: G1TryInitiateConcMark (G1 Humongous Allocation)
Event: 1950.611 Executing VM operation: G1TryInitiateConcMark (G1 Humongous Allocation) done
Event: 1951.534 Executing VM operation: G1TryInitiateConcMark (G1 Humongous Allocation)
Event: 1951.537 Executing VM operation: G1TryInitiateConcMark (G1 Humongous Allocation) done
Event: 1952.466 Executing VM operation: G1TryInitiateConcMark (G1 Humongous Allocation)
Event: 1952.469 Executing VM operation: G1TryInitiateConcMark (G1 Humongous Allocation) done
Event: 1953.411 Executing VM operation: G1TryInitiateConcMark (G1 Humongous Allocation)
Event: 1953.413 Executing VM operation: G1TryInitiateConcMark (G1 Humongous Allocation) done
Event: 1954.331 Executing VM operation: G1TryInitiateConcMark (G1 Humongous Allocation)
Event: 1954.332 Executing VM operation: G1TryInitiateConcMark (G1 Humongous Allocation) done
Event: 1955.260 Executing VM operation: G1TryInitiateConcMark (G1 Humongous Allocation)
Event: 1955.261 Executing VM operation: G1TryInitiateConcMark (G1 Humongous Allocation) done
Event: 1956.219 Executing VM operation: G1TryInitiateConcMark (G1 Humongous Allocation)
Event: 1956.221 Executing VM operation: G1TryInitiateConcMark (G1 Humongous Allocation) done
Event: 1957.149 Executing VM operation: G1TryInitiateConcMark (G1 Humongous Allocation)
Event: 1957.152 Executing VM operation: G1TryInitiateConcMark (G1 Humongous Allocation) done
Event: 1958.063 Executing VM operation: G1TryInitiateConcMark (G1 Humongous Allocation)
Event: 1958.065 Executing VM operation: G1TryInitiateConcMark (G1 Humongous Allocation) done
Event: 1959.022 Executing VM operation: G1TryInitiateConcMark (G1 Humongous Allocation)
Event: 1959.025 Executing VM operation: G1TryInitiateConcMark (G1 Humongous Allocation) done

Memory protections (0 events):
No events

Nmethod flushes (20 events):
Event: 84.546 Thread 0x000002babfe2b920 flushing  nmethod 0x000002baab9e5608
Event: 84.546 Thread 0x000002babfe2b920 flushing  nmethod 0x000002baab9e5988
Event: 84.546 Thread 0x000002babfe2b920 flushing  nmethod 0x000002baab9e7308
Event: 84.546 Thread 0x000002babfe2b920 flushing  nmethod 0x000002baab9e7a08
Event: 84.546 Thread 0x000002babfe2b920 flushing  nmethod 0x000002baab9e9388
Event: 84.546 Thread 0x000002babfe2b920 flushing  nmethod 0x000002baab9eae08
Event: 84.546 Thread 0x000002babfe2b920 flushing  nmethod 0x000002baab9eb408
Event: 84.546 Thread 0x000002babfe2b920 flushing  nmethod 0x000002baaba1c388
Event: 84.546 Thread 0x000002babfe2b920 flushing  nmethod 0x000002baaba1f908
Event: 84.546 Thread 0x000002babfe2b920 flushing  nmethod 0x000002baaba20e08
Event: 84.546 Thread 0x000002babfe2b920 flushing  nmethod 0x000002baaba22e88
Event: 84.546 Thread 0x000002babfe2b920 flushing  nmethod 0x000002baabac9288
Event: 84.546 Thread 0x000002babfe2b920 flushing  nmethod 0x000002baabacbb08
Event: 84.546 Thread 0x000002babfe2b920 flushing  nmethod 0x000002baabacd208
Event: 84.546 Thread 0x000002babfe2b920 flushing  nmethod 0x000002baabbbed88
Event: 84.546 Thread 0x000002babfe2b920 flushing  nmethod 0x000002baabc59f08
Event: 84.546 Thread 0x000002babfe2b920 flushing  nmethod 0x000002baabca8a88
Event: 84.546 Thread 0x000002babfe2b920 flushing  nmethod 0x000002baabcb0308
Event: 84.546 Thread 0x000002babfe2b920 flushing  nmethod 0x000002baabcb1f08
Event: 84.546 Thread 0x000002babfe2b920 flushing  nmethod 0x000002baabde2108

Events (20 events):
Event: 1914.649 Thread 0x000002bb06225f40 Thread added: 0x000002bb066d7980
Event: 1915.134 Thread 0x000002bb066d7980 Thread exited: 0x000002bb066d7980
Event: 1919.651 Thread 0x000002bb06225f40 Thread added: 0x000002bb066d5c40
Event: 1920.174 Thread 0x000002bb066d5c40 Thread exited: 0x000002bb066d5c40
Event: 1924.649 Thread 0x000002bb06225f40 Thread added: 0x000002bb066d8820
Event: 1925.098 Thread 0x000002bb066d8820 Thread exited: 0x000002bb066d8820
Event: 1929.631 Thread 0x000002bb06225f40 Thread added: 0x000002bb066d7230
Event: 1930.086 Thread 0x000002bb066d7230 Thread exited: 0x000002bb066d7230
Event: 1934.629 Thread 0x000002bb06225f40 Thread added: 0x000002bb066d7230
Event: 1935.220 Thread 0x000002bb066d7230 Thread exited: 0x000002bb066d7230
Event: 1939.653 Thread 0x000002bb06225f40 Thread added: 0x000002bb066d8f70
Event: 1940.134 Thread 0x000002bb066d8f70 Thread exited: 0x000002bb066d8f70
Event: 1944.644 Thread 0x000002bb06225f40 Thread added: 0x000002bb066d6390
Event: 1945.171 Thread 0x000002bb066d6390 Thread exited: 0x000002bb066d6390
Event: 1949.649 Thread 0x000002bb06225f40 Thread added: 0x000002bb066d8820
Event: 1950.092 Thread 0x000002bb066d8820 Thread exited: 0x000002bb066d8820
Event: 1954.633 Thread 0x000002bb06225f40 Thread added: 0x000002bb066d7230
Event: 1955.116 Thread 0x000002bb066d7230 Thread exited: 0x000002bb066d7230
Event: 1959.651 Thread 0x000002bb06225f40 Thread added: 0x000002bb066d8f70
Event: 1960.680 Thread 0x000002bb066d8f70 Thread exited: 0x000002bb066d8f70


Dynamic libraries:
0x00007ff616490000 - 0x00007ff6164a0000 	C:\Program Files\Java\jdk-24\bin\java.exe
0x00007fff8ac40000 - 0x00007fff8aea8000 	C:\WINDOWS\SYSTEM32\ntdll.dll
0x00007fff89e80000 - 0x00007fff89f49000 	C:\WINDOWS\System32\KERNEL32.DLL
0x00007fff883b0000 - 0x00007fff887a8000 	C:\WINDOWS\System32\KERNELBASE.dll
0x00007fff88260000 - 0x00007fff883ab000 	C:\WINDOWS\System32\ucrtbase.dll
0x00007fff55b70000 - 0x00007fff55b86000 	C:\Program Files\Java\jdk-24\bin\jli.dll
0x00007fff51560000 - 0x00007fff5157b000 	C:\Program Files\Java\jdk-24\bin\VCRUNTIME140.dll
0x00007fff8a430000 - 0x00007fff8a5f7000 	C:\WINDOWS\System32\USER32.dll
0x00007fff88870000 - 0x00007fff88897000 	C:\WINDOWS\System32\win32u.dll
0x00007fff70d60000 - 0x00007fff70ff4000 	C:\WINDOWS\WinSxS\amd64_microsoft.windows.common-controls_6595b64144ccf1df_6.0.26100.7019_none_3e06ffa0e335b8a8\COMCTL32.dll
0x00007fff8a970000 - 0x00007fff8a99b000 	C:\WINDOWS\System32\GDI32.dll
0x00007fff88d70000 - 0x00007fff88e19000 	C:\WINDOWS\System32\msvcrt.dll
0x00007fff88130000 - 0x00007fff8825c000 	C:\WINDOWS\System32\gdi32full.dll
0x00007fff88080000 - 0x00007fff88123000 	C:\WINDOWS\System32\msvcp_win.dll
0x00007fff89020000 - 0x00007fff89051000 	C:\WINDOWS\System32\IMM32.DLL
0x00007fff76720000 - 0x00007fff7672c000 	C:\Program Files\Java\jdk-24\bin\vcruntime140_1.dll
0x00007fff40870000 - 0x00007fff408fe000 	C:\Program Files\Java\jdk-24\bin\msvcp140.dll
0x00007ffee2cd0000 - 0x00007ffee3a71000 	C:\Program Files\Java\jdk-24\bin\server\jvm.dll
0x00007fff8ab40000 - 0x00007fff8abf4000 	C:\WINDOWS\System32\ADVAPI32.dll
0x00007fff89dd0000 - 0x00007fff89e76000 	C:\WINDOWS\System32\sechost.dll
0x00007fff8a600000 - 0x00007fff8a718000 	C:\WINDOWS\System32\RPCRT4.dll
0x00007fff8a8f0000 - 0x00007fff8a964000 	C:\WINDOWS\System32\WS2_32.dll
0x00007fff869b0000 - 0x00007fff86a0e000 	C:\WINDOWS\SYSTEM32\POWRPROF.dll
0x00007fff7edb0000 - 0x00007fff7edbb000 	C:\WINDOWS\SYSTEM32\VERSION.dll
0x00007fff80580000 - 0x00007fff805b5000 	C:\WINDOWS\SYSTEM32\WINMM.dll
0x00007fff86990000 - 0x00007fff869a4000 	C:\WINDOWS\SYSTEM32\UMPDC.dll
0x00007fff86c70000 - 0x00007fff86c8b000 	C:\WINDOWS\SYSTEM32\kernel.appcore.dll
0x00007fff766c0000 - 0x00007fff766ca000 	C:\Program Files\Java\jdk-24\bin\jimage.dll
0x00007fff85400000 - 0x00007fff85642000 	C:\WINDOWS\SYSTEM32\DBGHELP.DLL
0x00007fff889e0000 - 0x00007fff88d6b000 	C:\WINDOWS\System32\combase.dll
0x00007fff894f0000 - 0x00007fff895c7000 	C:\WINDOWS\System32\OLEAUT32.dll
0x00007fff6ef50000 - 0x00007fff6ef8c000 	C:\WINDOWS\SYSTEM32\dbgcore.DLL
0x00007fff888a0000 - 0x00007fff88945000 	C:\WINDOWS\System32\bcryptPrimitives.dll
0x00007fff51540000 - 0x00007fff5155e000 	C:\Program Files\Java\jdk-24\bin\java.dll
0x00007fff8a9a0000 - 0x00007fff8ab37000 	C:\WINDOWS\System32\ole32.dll
0x00007fff895d0000 - 0x00007fff89d21000 	C:\WINDOWS\System32\SHELL32.dll
0x00007fff87d90000 - 0x00007fff87efb000 	C:\WINDOWS\System32\wintypes.dll
0x00007fff859a0000 - 0x00007fff861fd000 	C:\WINDOWS\SYSTEM32\windows.storage.dll
0x00007fff88ec0000 - 0x00007fff88fb2000 	C:\WINDOWS\System32\SHCORE.dll
0x00007fff8a1c0000 - 0x00007fff8a227000 	C:\WINDOWS\System32\shlwapi.dll
0x00007fff87cb0000 - 0x00007fff87cd9000 	C:\WINDOWS\SYSTEM32\profapi.dll
0x00007fff2db40000 - 0x00007fff2dc17000 	C:\Program Files\Java\jdk-24\bin\jsvml.dll
0x00007fff607f0000 - 0x00007fff60800000 	C:\Program Files\Java\jdk-24\bin\net.dll
0x00007fff871e0000 - 0x00007fff8724b000 	C:\WINDOWS\system32\mswsock.dll
0x00007fff51520000 - 0x00007fff51536000 	C:\Program Files\Java\jdk-24\bin\nio.dll
0x00007fff4fb40000 - 0x00007fff4fb57000 	C:\Program Files\Java\jdk-24\bin\zip.dll
0x000002baa0b30000 - 0x000002baa0b33000 	C:\Users\priya\.openjfx\cache\21.0.5+1\amd64\api-ms-win-core-console-l1-1-0.dll
0x000002baa0b40000 - 0x000002baa0b43000 	C:\Users\priya\.openjfx\cache\21.0.5+1\amd64\api-ms-win-core-console-l1-2-0.dll
0x000002baa0b50000 - 0x000002baa0b53000 	C:\Users\priya\.openjfx\cache\21.0.5+1\amd64\api-ms-win-core-datetime-l1-1-0.dll
0x000002baa0b60000 - 0x000002baa0b63000 	C:\Users\priya\.openjfx\cache\21.0.5+1\amd64\api-ms-win-core-debug-l1-1-0.dll
0x000002baa0b70000 - 0x000002baa0b73000 	C:\Users\priya\.openjfx\cache\21.0.5+1\amd64\api-ms-win-core-errorhandling-l1-1-0.dll
0x000002baa0b80000 - 0x000002baa0b84000 	C:\Users\priya\.openjfx\cache\21.0.5+1\amd64\api-ms-win-core-file-l1-1-0.dll
0x000002baa0b90000 - 0x000002baa0b93000 	C:\Users\priya\.openjfx\cache\21.0.5+1\amd64\api-ms-win-core-file-l1-2-0.dll
0x000002baa0ba0000 - 0x000002baa0ba3000 	C:\Users\priya\.openjfx\cache\21.0.5+1\amd64\api-ms-win-core-file-l2-1-0.dll
0x000002baa0f50000 - 0x000002baa0f53000 	C:\Users\priya\.openjfx\cache\21.0.5+1\amd64\api-ms-win-core-handle-l1-1-0.dll
0x000002baa0f60000 - 0x000002baa0f63000 	C:\Users\priya\.openjfx\cache\21.0.5+1\amd64\api-ms-win-core-heap-l1-1-0.dll
0x000002baa0f70000 - 0x000002baa0f73000 	C:\Users\priya\.openjfx\cache\21.0.5+1\amd64\api-ms-win-core-interlocked-l1-1-0.dll
0x000002baa0f80000 - 0x000002baa0f83000 	C:\Users\priya\.openjfx\cache\21.0.5+1\amd64\api-ms-win-core-libraryloader-l1-1-0.dll
0x000002baa0f90000 - 0x000002baa0f93000 	C:\Users\priya\.openjfx\cache\21.0.5+1\amd64\api-ms-win-core-localization-l1-2-0.dll
0x000002baa0fa0000 - 0x000002baa0fa3000 	C:\Users\priya\.openjfx\cache\21.0.5+1\amd64\api-ms-win-core-memory-l1-1-0.dll
0x000002baa2cd0000 - 0x000002baa2cd3000 	C:\Users\priya\.openjfx\cache\21.0.5+1\amd64\api-ms-win-core-namedpipe-l1-1-0.dll
0x000002bac0a00000 - 0x000002bac0a03000 	C:\Users\priya\.openjfx\cache\21.0.5+1\amd64\api-ms-win-core-processenvironment-l1-1-0.dll
0x000002bac0a10000 - 0x000002bac0a13000 	C:\Users\priya\.openjfx\cache\21.0.5+1\amd64\api-ms-win-core-processthreads-l1-1-0.dll
0x000002bac0a20000 - 0x000002bac0a23000 	C:\Users\priya\.openjfx\cache\21.0.5+1\amd64\api-ms-win-core-processthreads-l1-1-1.dll
0x000002bac0a30000 - 0x000002bac0a33000 	C:\Users\priya\.openjfx\cache\21.0.5+1\amd64\api-ms-win-core-profile-l1-1-0.dll
0x000002bac0a40000 - 0x000002bac0a43000 	C:\Users\priya\.openjfx\cache\21.0.5+1\amd64\api-ms-win-core-rtlsupport-l1-1-0.dll
0x000002bac0a50000 - 0x000002bac0a53000 	C:\Users\priya\.openjfx\cache\21.0.5+1\amd64\api-ms-win-core-string-l1-1-0.dll
0x000002bac0a60000 - 0x000002bac0a63000 	C:\Users\priya\.openjfx\cache\21.0.5+1\amd64\api-ms-win-core-synch-l1-1-0.dll
0x000002bac0a70000 - 0x000002bac0a73000 	C:\Users\priya\.openjfx\cache\21.0.5+1\amd64\api-ms-win-core-synch-l1-2-0.dll
0x000002bac0a80000 - 0x000002bac0a83000 	C:\Users\priya\.openjfx\cache\21.0.5+1\amd64\api-ms-win-core-sysinfo-l1-1-0.dll
0x000002bac0a90000 - 0x000002bac0a93000 	C:\Users\priya\.openjfx\cache\21.0.5+1\amd64\api-ms-win-core-timezone-l1-1-0.dll
0x000002bac0aa0000 - 0x000002bac0aa3000 	C:\Users\priya\.openjfx\cache\21.0.5+1\amd64\api-ms-win-core-util-l1-1-0.dll
0x000002bac0ab0000 - 0x000002bac0ab3000 	C:\Users\priya\.openjfx\cache\21.0.5+1\amd64\api-ms-win-crt-conio-l1-1-0.dll
0x000002bac0ac0000 - 0x000002bac0ac4000 	C:\Users\priya\.openjfx\cache\21.0.5+1\amd64\api-ms-win-crt-convert-l1-1-0.dll
0x000002bac0ad0000 - 0x000002bac0ad3000 	C:\Users\priya\.openjfx\cache\21.0.5+1\amd64\api-ms-win-crt-environment-l1-1-0.dll
0x000002bac0ae0000 - 0x000002bac0ae3000 	C:\Users\priya\.openjfx\cache\21.0.5+1\amd64\api-ms-win-crt-filesystem-l1-1-0.dll
0x000002bac0af0000 - 0x000002bac0af3000 	C:\Users\priya\.openjfx\cache\21.0.5+1\amd64\api-ms-win-crt-heap-l1-1-0.dll
0x000002bac0b00000 - 0x000002bac0b03000 	C:\Users\priya\.openjfx\cache\21.0.5+1\amd64\api-ms-win-crt-locale-l1-1-0.dll
0x000002bac0b10000 - 0x000002bac0b15000 	C:\Users\priya\.openjfx\cache\21.0.5+1\amd64\api-ms-win-crt-math-l1-1-0.dll
0x000002bac0b20000 - 0x000002bac0b25000 	C:\Users\priya\.openjfx\cache\21.0.5+1\amd64\api-ms-win-crt-multibyte-l1-1-0.dll
0x000002bac0b30000 - 0x000002bac0b40000 	C:\Users\priya\.openjfx\cache\21.0.5+1\amd64\api-ms-win-crt-private-l1-1-0.dll
0x000002bac0b40000 - 0x000002bac0b43000 	C:\Users\priya\.openjfx\cache\21.0.5+1\amd64\api-ms-win-crt-process-l1-1-0.dll
0x000002bac0b50000 - 0x000002bac0b54000 	C:\Users\priya\.openjfx\cache\21.0.5+1\amd64\api-ms-win-crt-runtime-l1-1-0.dll
0x000002bac0b60000 - 0x000002bac0b64000 	C:\Users\priya\.openjfx\cache\21.0.5+1\amd64\api-ms-win-crt-stdio-l1-1-0.dll
0x000002bac0b70000 - 0x000002bac0b74000 	C:\Users\priya\.openjfx\cache\21.0.5+1\amd64\api-ms-win-crt-string-l1-1-0.dll
0x000002bac0b80000 - 0x000002bac0b83000 	C:\Users\priya\.openjfx\cache\21.0.5+1\amd64\api-ms-win-crt-time-l1-1-0.dll
0x000002bac0b90000 - 0x000002bac0b93000 	C:\Users\priya\.openjfx\cache\21.0.5+1\amd64\api-ms-win-crt-utility-l1-1-0.dll
0x00007fff1cf60000 - 0x00007fff1d05c000 	C:\Users\priya\.openjfx\cache\21.0.5+1\amd64\ucrtbase.dll
0x00007fff4bc90000 - 0x00007fff4bcab000 	C:\Users\priya\.openjfx\cache\21.0.5+1\amd64\vcruntime140.dll
0x00007fff51510000 - 0x00007fff5151c000 	C:\Users\priya\.openjfx\cache\21.0.5+1\amd64\vcruntime140_1.dll
0x00007fff1ced0000 - 0x00007fff1cf5e000 	C:\Users\priya\.openjfx\cache\21.0.5+1\amd64\msvcp140.dll
0x00007fff50010000 - 0x00007fff50019000 	C:\Users\priya\.openjfx\cache\21.0.5+1\amd64\msvcp140_1.dll
0x00007fff441a0000 - 0x00007fff441e1000 	C:\Users\priya\.openjfx\cache\21.0.5+1\amd64\msvcp140_2.dll
0x00007fff4b230000 - 0x00007fff4b260000 	C:\Users\priya\.openjfx\cache\21.0.5+1\amd64\prism_d3d.dll
0x00007fff41b20000 - 0x00007fff41cd0000 	C:\WINDOWS\system32\d3d9.dll
0x00007fff84d30000 - 0x00007fff84d60000 	C:\WINDOWS\SYSTEM32\dwmapi.dll
0x00007fff84da0000 - 0x00007fff84de3000 	C:\WINDOWS\SYSTEM32\dxcore.dll
0x00007fff84870000 - 0x00007fff8491a000 	C:\WINDOWS\system32\uxtheme.dll
0x00007fff84ba0000 - 0x00007fff84cd9000 	C:\WINDOWS\system32\dxgi.dll
0x00007fff7bd40000 - 0x00007fff7c2ea000 	C:\WINDOWS\System32\DriverStore\FileRepository\iigd_dch.inf_amd64_7138826cfb63f3f9\igdgmm64.dll
0x00007fff76ac0000 - 0x00007fff7bd34000 	C:\WINDOWS\System32\DriverStore\FileRepository\iigd_dch.inf_amd64_7138826cfb63f3f9\igc64.dll
0x00007fff87a00000 - 0x00007fff87a57000 	C:\WINDOWS\SYSTEM32\CFGMGR32.dll
0x00007fff7fa60000 - 0x00007fff7fac3000 	C:\WINDOWS\SYSTEM32\directxdatabasehelper.dll
0x00007fff89060000 - 0x00007fff894ea000 	C:\WINDOWS\System32\SETUPAPI.dll
0x00007fff63670000 - 0x00007fff656f0000 	C:\WINDOWS\System32\DriverStore\FileRepository\iigd_dch.inf_amd64_7138826cfb63f3f9\media_bin_64.dll
0x00007fff406d0000 - 0x00007fff40712000 	C:\Users\priya\.openjfx\cache\21.0.5+1\amd64\glass.dll
0x00007fff89f50000 - 0x00007fff8a041000 	C:\WINDOWS\System32\COMDLG32.dll
0x00007fff8a050000 - 0x00007fff8a1ae000 	C:\WINDOWS\System32\MSCTF.dll
0x00007fff63640000 - 0x00007fff63668000 	C:\WINDOWS\System32\DriverStore\FileRepository\iigd_dch.inf_amd64_7138826cfb63f3f9\igdinfo64.dll
0x00007fff40ec0000 - 0x00007fff40ed5000 	C:\Users\priya\.openjfx\cache\21.0.5+1\amd64\javafx_font.dll
0x00007fff82230000 - 0x00007fff82497000 	C:\WINDOWS\SYSTEM32\dwrite.dll
0x00007fff8a800000 - 0x00007fff8a8b0000 	C:\WINDOWS\System32\clbcatq.dll
0x00007fff81ff0000 - 0x00007fff82220000 	C:\WINDOWS\SYSTEM32\WindowsCodecs.dll
0x00007fff41a80000 - 0x00007fff41ada000 	C:\WINDOWS\system32\dataexchange.dll
0x00007fff75620000 - 0x00007fff75864000 	C:\WINDOWS\system32\twinapi.appcore.dll
0x00007fff51350000 - 0x00007fff51497000 	C:\WINDOWS\SYSTEM32\textinputframework.dll
0x00007fff83cb0000 - 0x00007fff83dd7000 	C:\WINDOWS\SYSTEM32\CoreMessaging.dll
0x00007fff7da70000 - 0x00007fff7dd52000 	C:\WINDOWS\SYSTEM32\CoreUIComponents.dll
0x00007fff874c0000 - 0x00007fff874cc000 	C:\WINDOWS\SYSTEM32\CRYPTBASE.DLL
0x00007fff52f80000 - 0x00007fff52f90000 	C:\Program Files\Java\jdk-24\bin\verify.dll
0x00007fff86760000 - 0x00007fff8688c000 	C:\WINDOWS\SYSTEM32\DNSAPI.dll
0x00007fff86720000 - 0x00007fff86754000 	C:\WINDOWS\SYSTEM32\IPHLPAPI.DLL
0x00007fff88eb0000 - 0x00007fff88eba000 	C:\WINDOWS\System32\NSI.dll
0x00007fff80520000 - 0x00007fff8052b000 	C:\Windows\System32\rasadhlp.dll
0x00007fff81a70000 - 0x00007fff81af6000 	C:\WINDOWS\System32\fwpuclnt.dll
0x00007fff4fc70000 - 0x00007fff4fc79000 	C:\Program Files\Java\jdk-24\bin\extnet.dll
0x00007fff82c60000 - 0x00007fff8329c000 	C:\WINDOWS\SYSTEM32\d2d1.dll
0x00007fff829f0000 - 0x00007fff82c52000 	C:\WINDOWS\SYSTEM32\d3d11.dll

JVMTI agents: none

dbghelp: loaded successfully - version: 4.0.5 - missing functions: none
symbol engine: initialized successfully - sym options: 0x614 - pdb path: .;C:\Program Files\Java\jdk-24\bin;C:\WINDOWS\SYSTEM32;C:\WINDOWS\WinSxS\amd64_microsoft.windows.common-controls_6595b64144ccf1df_6.0.26100.7019_none_3e06ffa0e335b8a8;C:\Program Files\Java\jdk-24\bin\server;C:\Users\priya\.openjfx\cache\21.0.5+1\amd64;C:\WINDOWS\System32\DriverStore\FileRepository\iigd_dch.inf_amd64_7138826cfb63f3f9;C:\Program Files\Common Files\Microsoft Shared\Ink;C:\Program Files (x86)\Windows Kits\10\Redist\ucrt\DLLs\x64;C:\Users\priya\.javacpp\cache\openblas-0.3.26-1.5.10-windows-x86_64.jar\org\bytedeco\openblas\windows-x86_64;C:\Users\priya\.javacpp\cache\javacpp-1.5.10-windows-x86_64.jar\org\bytedeco\javacpp\windows-x86_64;C:\Users\priya\.javacpp\cache\opencv-4.9.0-1.5.10-windows-x86_64.jar\org\bytedeco\opencv\windows-x86_64;C:\WINDOWS\System32\DriverStore\FileRepository\nvdm.inf_amd64_ab62246c65b5d607;C:\WINDOWS\WinSxS\amd64_microsoft.windows.gdiplus_6595b64144ccf1df_1.1.26100.7019_none_6ef1f2863dc83276;C:\Users\priya\AppData\Local\Microsoft\OneDrive\25.199.1012.0002_1

VM Arguments:
jvm_args: --add-modules=javafx.controls,javafx.fxml --enable-native-access=ALL-UNNAMED --module-path=C:\Users\priya\.m2\repository\org\openjfx\javafx-base\21.0.5\javafx-base-21.0.5-win.jar;C:\Users\priya\.m2\repository\org\openjfx\javafx-base\21.0.5\javafx-base-21.0.5.jar;C:\Users\priya\.m2\repository\org\openjfx\javafx-controls\21.0.5\javafx-controls-21.0.5-win.jar;C:\Users\priya\.m2\repository\org\openjfx\javafx-controls\21.0.5\javafx-controls-21.0.5.jar;C:\Users\priya\.m2\repository\org\openjfx\javafx-fxml\21.0.5\javafx-fxml-21.0.5-win.jar;C:\Users\priya\.m2\repository\org\openjfx\javafx-fxml\21.0.5\javafx-fxml-21.0.5.jar;C:\Users\priya\.m2\repository\org\openjfx\javafx-graphics\21.0.5\javafx-graphics-21.0.5-win.jar;C:\Users\priya\.m2\repository\org\openjfx\javafx-graphics\21.0.5\javafx-graphics-21.0.5.jar --add-modules=javafx.base,javafx.controls,javafx.fxml,javafx.graphics 
java_command: com.priya.neurosyncdemo.App
java_class_path (initial): C:\Java IntelliJ Programming\NeurosyncDemo\target\classes;C:\Users\priya\.m2\repository\com\google\protobuf\protobuf-java\3.25.1\protobuf-java-3.25.1.jar;C:\Users\priya\.m2\repository\com\mysql\mysql-connector-j\8.3.0\mysql-connector-j-8.3.0.jar;C:\Users\priya\.m2\repository\com\zaxxer\HikariCP\5.1.0\HikariCP-5.1.0.jar;C:\Users\priya\.m2\repository\commons-codec\commons-codec\1.15\commons-codec-1.15.jar;C:\Users\priya\.m2\repository\commons-logging\commons-logging\1.2\commons-logging-1.2.jar;C:\Users\priya\.m2\repository\io\netty\netty-buffer\4.1.108.Final\netty-buffer-4.1.108.Final.jar;C:\Users\priya\.m2\repository\io\netty\netty-codec\4.1.108.Final\netty-codec-4.1.108.Final.jar;C:\Users\priya\.m2\repository\io\netty\netty-codec-http\4.1.108.Final\netty-codec-http-4.1.108.Final.jar;C:\Users\priya\.m2\repository\io\netty\netty-codec-http2\4.1.108.Final\netty-codec-http2-4.1.108.Final.jar;C:\Users\priya\.m2\repository\io\netty\netty-common\4.1.108.Final\netty-common-4.1.108.Final.jar;C:\Users\priya\.m2\repository\io\netty\netty-handler\4.1.108.Final\netty-handler-4.1.108.Final.jar;C:\Users\priya\.m2\repository\io\netty\netty-resolver\4.1.108.Final\netty-resolver-4.1.108.Final.jar;C:\Users\priya\.m2\repository\io\netty\netty-transport\4.1.108.Final\netty-transport-4.1.108.Final.jar;C:\Users\priya\.m2\repository\io\netty\netty-transport-classes-epoll\4.1.108.Final\netty-transport-classes-epoll-4.1.108.Final.jar;C:\Users\priya\.m2\repository\io\netty\netty-transport-native-unix-common\4.1.108.Final\netty-transport-native-unix-common-4.1.108.Final.jar;C:\Users\priya\.m2\repository\org\apache\httpcomponents\httpclient\4.5.13\httpclient-4.5.13.jar;C:\Users\priya\.m2\repository\org\apache\httpcomponents\httpcore\4.4.13\httpcore-4.4.13.jar;C:\Users\priya\.m2\repository\org\bytedeco\artoolkitplus\2.3.1-1.5.9\artoolkitplus-2.3.1-1.5.9-android-arm.jar;C:\Users\priya\.m2\repository\org\bytedeco\artoolkitplus\2.3.1-1.5.9\artoolkitplus-2.3.1-1.5.9-android-arm64.jar;C:\Users\priya\.m2\repository\org\bytedeco\artoolkitplus\2.3.1-1.5.9\artoolkitplus-2.3.1-1.5.9-android-x86.jar;C:\Users\priya\.m2\repository\org\bytedeco\artoolkitplus\2.3.1-1.5.9\artoolkitplus-2.3.1-1.5.9-android-x86_64.jar;C:\Users\priya\.m2\repository\org\bytedeco\artoolkitplus\2.3.1-1.5.9\artoolkitplus-2.3.1-1.5.9-linux-arm64.jar;C:\Users\priya\.m2\repository\org\bytedeco\artoolkitplus\2.3.1-1.5.9\artoolkitplus-2.3.1-1.5.9-linux-armhf.jar;C:\Users\priya\.m2\repository\org\bytedeco\artoolkitplus\2.3.1-1.5.9\artoolkitplus-2.3.1-1.5.9-linux-ppc64le.jar;C:\Users\priya\.m2\repository\org\bytedeco\artoolkitplus\2.3.1-1.5.9\artoolkitplus-2.3.1-1.5.9-linux-x86.jar;C:\Users\priya\.m2\repository\org\bytedeco\artoolkitplus\2.3.1-1.5.9\artoolkitplus-2.3.1-1.5.9-linux-x86_64.jar;C:\Users\priya\.m2\repository\org\bytedeco\artoolkitplus\2.3.1-1.5.9\artoolkitplus-2.3.1-1.5.9-macosx-x86_64.jar;C:\Users\priya\.m2\repository\org\bytedeco\artoolkitplus\2.3.1-1.5.9\artoolkitplus-2.3.1-1.5.9-windows-x86.jar;C:\Users\priya\.m2\repository\org\bytedeco\artoolkitplus\2.3.1-1.5.9\artoolkitplus-2.3.1-1.5.9-windows-x86_64.jar;C:\Users\priya\.m2\repository\org\bytedeco\artoolkitplus\2.3.1-1.5.9\artoolkitplus-2.3.1-1.5.9.jar;C:\Users\priya\.m2\repository\org\bytedeco\artoolkitplus-platform\2.3.1-1.5.9\artoolkitplus-platform-2.3.1-1.5.9.jar;C:\Users\priya\.m2\repository\org\bytedeco\ffmpeg\6.1.1-1.5.10\ffmpeg-6.1.1-1.5.10-android-arm64.jar;C:\Users\priya\.m2\repository\org\bytedeco\ffmpeg\6.1.1-1.5.10\ffmpeg-6.1.1-1.5.10-android-x86_64.jar;C:\Users\priya\.m2\repository\org\bytedeco\ffmpeg\6.1.1-1.5.10\ffmpeg-6.1.1-1.5.10-linux-arm64.jar;C:\Users\priya\.m2\repository\org\bytedeco\ffmpeg\6.1.1-1.5.10\ffmpeg-6.1.1-1.5.10-linux-ppc64le.jar;C:\Users\priya\.m2\repository\org\bytedeco\ffmpeg\6.1.1-1.5.10\ffmpeg-6.1.1-1.5.10-linux-x86_64.jar;C:\Users\priya\.m2\repository\org\bytedeco\ffmpeg\6.1.1-1.5.10\ffmpeg-6.1.1-1.5.10-macosx-arm64.jar;C:\Users\priya\.m2\repository\org\bytedeco\ffmpeg\6.1.1-1.5.10\ffmpeg-6.1.1-1.5.10-macosx-x86_64.jar;C:\Users\priya\.m2\repository\org\bytedeco\ffmpeg\6.1.1-1.5.10\ffmpeg-6.1.1-1.5.10-windows-x86_64.jar;C:\Users\priya\.m2\repository\org\bytedeco\ffmpeg\6.1.1-1.5.10\ffmpeg-6.1.1-1.5.10.jar;C:\Users\priya\.m2\repository\org\bytedeco\ffmpeg-platform\6.1.1-1.5.10\ffmpeg-platform-6.1.1-1.5.10.jar;C:\Users\priya\.m2\repository\org\bytedeco\flycapture\2.13.3.31-1.5.9\flycapture-2.13.3.31-1.5.9-linux-arm64.jar;C:\Users\priya\.m2\repository\org\bytedeco\flycapture\2.13.3.31-1.5.9\flycapture-2.13.3.31-1.5.9-linux-armhf.jar;C:\Users\priya\.m2\repository\org\bytedeco\flycapture\2.13.3.31-1.5.9\flycapture-2.13.3.31-1.5.9-linux-x86.jar;C:\Users\priya\.m2\repository\org\bytedeco\flycapture\2.13.3.31-1.5.9\flycapture-2.13.3.31-1.5.9-linux-x86_64.jar;C:\Users\priya\.m2\repository\org\bytedeco\flycapture\2.13.3.31-1.5.9\flycapture-2.13.3.31-1.5.9-windows-x86.jar;C:\Users\priya\.m2\repository\org\bytedeco\flycapture\2.13.3.31-1.5.9\flycapture-2.13.3.31-1.5.9-windows-x86_64.jar;C:\Users\priya\.m2\repository\org\bytedeco\flycapture\2.13.3.31-1.5.9\flycapture-2.13.3.31-1.5.9.jar;C:\Users\priya\.m2\repository\org\bytedeco\flycapture-platform\2.13.3.31-1.5.9\flycapture-platform-2.13.3.31-1.5.9.jar;C:\Users\priya\.m2\repository\org\bytedeco\javacpp\1.5.10\javacpp-1.5.10-android-arm64.jar;C:\Users\priya\.m2\repository\org\bytedeco\javacpp\1.5.10\javacpp-1.5.10-android-x86_64.jar;C:\Users\priya\.m2\repository\org\bytedeco\javacpp\1.5.10\javacpp-1.5.10-ios-arm64.jar;C:\Users\priya\.m2\repository\org\bytedeco\javacpp\1.5.10\javacpp-1.5.10-ios-x86_64.jar;C:\Users\priya\.m2\repository\org\bytedeco\javacpp\1.5.10\javacpp-1.5.10-linux-arm64.jar;C:\Users\priya\.m2\repository\org\bytedeco\javacpp\1.5.10\javacpp-1.5.10-linux-ppc64le.jar;C:\Users\priya\.m2\repository\org\bytedeco\javacpp\1.5.10\javacpp-1.5.10-linux-x86_64.jar;C:\Users\priya\.m2\repository\org\bytedeco\javacpp\1.5.10\javacpp-1.5.10-macosx-arm64.jar;C:\Users\priya\.m2\repository\org\bytedeco\javacpp\1.5.10\javacpp-1.5.10-macosx-x86_64.jar;C:\Users\priya\.m2\repository\org\bytedeco\javacpp\1.5.10\javacpp-1.5.10-windows-x86_64.jar;C:\Users\priya\.m2\repository\org\bytedeco\javacpp\1.5.10\javacpp-1.5.10.jar;C:\Users\priya\.m2\repository\org\bytedeco\javacpp-platform\1.5.10\javacpp-platform-1.5.10.jar;C:\Users\priya\.m2\repository\org\bytedeco\javacv\1.5.10\javacv-1.5.10.jar;C:\Users\priya\.m2\repository\org\bytedeco\javacv-platform\1.5.10\javacv-platform-1.5.10.jar;C:\Users\priya\.m2\repository\org\bytedeco\leptonica\1.84.1-1.5.10\leptonica-1.84.1-1.5.10-android-arm64.jar;C:\Users\priya\.m2\repository\org\bytedeco\leptonica\1.84.1-1.5.10\leptonica-1.84.1-1.5.10-android-x86_64.jar;C:\Users\priya\.m2\repository\org\bytedeco\leptonica\1.84.1-1.5.10\leptonica-1.84.1-1.5.10-linux-arm64.jar;C:\Users\priya\.m2\repository\org\bytedeco\leptonica\1.84.1-1.5.10\leptonica-1.84.1-1.5.10-linux-ppc64le.jar;C:\Users\priya\.m2\repository\org\bytedeco\leptonica\1.84.1-1.5.10\leptonica-1.84.1-1.5.10-linux-x86_64.jar;C:\Users\priya\.m2\repository\org\bytedeco\leptonica\1.84.1-1.5.10\leptonica-1.84.1-1.5.10-macosx-arm64.jar;C:\Users\priya\.m2\repository\org\bytedeco\leptonica\1.84.1-1.5.10\leptonica-1.84.1-1.5.10-macosx-x86_64.jar;C:\Users\priya\.m2\repository\org\bytedeco\leptonica\1.84.1-1.5.10\leptonica-1.84.1-1.5.10-windows-x86_64.jar;C:\Users\priya\.m2\repository\org\bytedeco\leptonica\1.84.1-1.5.10\leptonica-1.84.1-1.5.10.jar;C:\Users\priya\.m2\repository\org\bytedeco\leptonica-platform\1.84.1-1.5.10\leptonica-platform-1.84.1-1.5.10.jar;C:\Users\priya\.m2\repository\org\bytedeco\libdc1394\2.2.6-1.5.9\libdc1394-2.2.6-1.5.9-linux-arm64.jar;C:\Users\priya\.m2\repository\org\bytedeco\libdc1394\2.2.6-1.5.9\libdc1394-2.2.6-1.5.9-linux-armhf.jar;C:\Users\priya\.m2\repository\org\bytedeco\libdc1394\2.2.6-1.5.9\libdc1394-2.2.6-1.5.9-linux-ppc64le.jar;C:\Users\priya\.m2\repository\org\bytedeco\libdc1394\2.2.6-1.5.9\libdc1394-2.2.6-1.5.9-linux-x86.jar;C:\Users\priya\.m2\repository\org\bytedeco\libdc1394\2.2.6-1.5.9\libdc1394-2.2.6-1.5.9-linux-x86_64.jar;C:\Users\priya\.m2\repository\org\bytedeco\libdc1394\2.2.6-1.5.9\libdc1394-2.2.6-1.5.9-macosx-x86_64.jar;C:\Users\priya\.m2\repository\org\bytedeco\libdc1394\2.2.6-1.5.9\libdc1394-2.2.6-1.5.9-windows-x86.jar;C:\Users\priya\.m2\repository\org\bytedeco\libdc1394\2.2.6-1.5.9\libdc1394-2.2.6-1.5.9-windows-x86_64.jar;C:\Users\priya\.m2\repository\org\bytedeco\libdc1394\2.2.6-1.5.9\libdc1394-2.2.6-1.5.9.jar;C:\Users\priya\.m2\repository\org\bytedeco\libdc1394-platform\2.2.6-1.5.9\libdc1394-platform-2.2.6-1.5.9.jar;C:\Users\priya\.m2\repository\org\bytedeco\libfreenect\0.5.7-1.5.9\libfreenect-0.5.7-1.5.9-linux-arm64.jar;C:\Users\priya\.m2\repository\org\bytedeco\libfreenect\0.5.7-1.5.9\libfreenect-0.5.7-1.5.9-linux-armhf.jar;C:\Users\priya\.m2\repository\org\bytedeco\libfreenect\0.5.7-1.5.9\libfreenect-0.5.7-1.5.9-linux-ppc64le.jar;C:\Users\priya\.m2\repository\org\bytedeco\libfreenect\0.5.7-1.5.9\libfreenect-0.5.7-1.5.9-linux-x86.jar;C:\Users\priya\.m2\repository\org\bytedeco\libfreenect\0.5.7-1.5.9\libfreenect-0.5.7-1.5.9-linux-x86_64.jar;C:\Users\priya\.m2\repository\org\bytedeco\libfreenect\0.5.7-1.5.9\libfreenect-0.5.7-1.5.9-macosx-x86_64.jar;C:\Users\priya\.m2\repository\org\bytedeco\libfreenect\0.5.7-1.5.9\libfreenect-0.5.7-1.5.9-windows-x86.jar;C:\Users\priya\.m2\repository\org\bytedeco\libfreenect\0.5.7-1.5.9\libfreenect-0.5.7-1.5.9-windows-x86_64.jar;C:\Users\priya\.m2\repository\org\bytedeco\libfreenect\0.5.7-1.5.9\libfreenect-0.5.7-1.5.9.jar;C:\Users\priya\.m2\repository\org\bytedeco\libfreenect-platform\0.5.7-1.5.9\libfreenect-platform-0.5.7-1.5.9.jar;C:\Users\priya\.m2\repository\org\bytedeco\libfreenect2\0.2.0-1.5.9\libfreenect2-0.2.0-1.5.9-linux-x86.jar;C:\Users\priya\.m2\repository\org\bytedeco\libfreenect2\0.2.0-1.5.9\libfreenect2-0.2.0-1.5.9-linux-x86_64.jar;C:\Users\priya\.m2\repository\org\bytedeco\libfreenect2\0.2.0-1.5.9\libfreenect2-0.2.0-1.5.9-macosx-x86_64.jar;C:\Users\priya\.m2\repository\org\bytedeco\libfreenect2\0.2.0-1.5.9\libfreenect2-0.2.0-1.5.9-windows-x86_64.jar;C:\Users\priya\.m2\repository\org\bytedeco\libfreenect2\0.2.0-1.5.9\libfreenect2-0.2.0-1.5.9.jar;C:\Users\priya\.m2\repository\org\bytedeco\libfreenect2-platform\0.2.0-1.5.9\libfreenect2-platform-0.2.0-1.5.9.jar;C:\Users\priya\.m2\repository\org\bytedeco\librealsense\1.12.4-1.5.9\librealsense-1.12.4-1.5.9-linux-arm64.jar;C:\Users\priya\.m2\repository\org\bytedeco\librealsense\1.12.4-1.5.9\librealsense-1.12.4-1.5.9-linux-armhf.jar;C:\Users\priya\.m2\repository\org\bytedeco\librealsense\1.12.4-1.5.9\librealsense-1.12.4-1.5.9-linux-x86.jar;C:\Users\priya\.m2\repository\org\bytedeco\librealsense\1.12.4-1.5.9\librealsense-1.12.4-1.5.9-linux-x86_64.jar;C:\Users\priya\.m2\repository\org\bytedeco\librealsense\1.12.4-1.5.9\librealsense-1.12.4-1.5.9-macosx-x86_64.jar;C:\Users\priya\.m2\repository\org\bytedeco\librealsense\1.12.4-1.5.9\librealsense-1.12.4-1.5.9-windows-x86.jar;C:\Users\priya\.m2\repository\org\bytedeco\librealsense\1.12.4-1.5.9\librealsense-1.12.4-1.5.9-windows-x86_64.jar;C:\Users\priya\.m2\repository\org\bytedeco\librealsense\1.12.4-1.5.9\librealsense-1.12.4-1.5.9.jar;C:\Users\priya\.m2\repository\org\bytedeco\librealsense-platform\1.12.4-1.5.9\librealsense-platform-1.12.4-1.5.9.jar;C:\Users\priya\.m2\repository\org\bytedeco\librealsense2\2.53.1-1.5.9\librealsense2-2.53.1-1.5.9-linux-arm64.jar;C:\Users\priya\.m2\repository\org\bytedeco\librealsense2\2.53.1-1.5.9\librealsense2-2.53.1-1.5.9-linux-armhf.jar;C:\Users\priya\.m2\repository\org\bytedeco\librealsense2\2.53.1-1.5.9\librealsense2-2.53.1-1.5.9-linux-x86.jar;C:\Users\priya\.m2\repository\org\bytedeco\librealsense2\2.53.1-1.5.9\librealsense2-2.53.1-1.5.9-linux-x86_64.jar;C:\Users\priya\.m2\repository\org\bytedeco\librealsense2\2.53.1-1.5.9\librealsense2-2.53.1-1.5.9-macosx-x86_64.jar;C:\Users\priya\.m2\repository\org\bytedeco\librealsense2\2.53.1-1.5.9\librealsense2-2.53.1-1.5.9-windows-x86.jar;C:\Users\priya\.m2\repository\org\bytedeco\librealsense2\2.53.1-1.5.9\librealsense2-2.53.1-1.5.9-windows-x86_64.jar;C:\Users\priya\.m2\repository\org\bytedeco\librealsense2\2.53.1-1.5.9\librealsense2-2.53.1-1.5.9.jar;C:\Users\priya\.m2\repository\org\bytedeco\librealsense2-platform\2.53.1-1.5.9\librealsense2-platform-2.53.1-1.5.9.jar;C:\Users\priya\.m2\repository\org\bytedeco\openblas\0.3.26-1.5.10\openblas-0.3.26-1.5.10-android-arm64.jar;C:\Users\priya\.m2\repository\org\bytedeco\openblas\0.3.26-1.5.10\openblas-0.3.26-1.5.10-android-x86_64.jar;C:\Users\priya\.m2\repository\org\bytedeco\openblas\0.3.26-1.5.10\openblas-0.3.26-1.5.10-ios-arm64.jar;C:\Users\priya\.m2\repository\org\bytedeco\openblas\0.3.26-1.5.10\openblas-0.3.26-1.5.10-ios-x86_64.jar;C:\Users\priya\.m2\repository\org\bytedeco\openblas\0.3.26-1.5.10\openblas-0.3.26-1.5.10-linux-arm64.jar;C:\Users\priya\.m2\repository\org\bytedeco\openblas\0.3.26-1.5.10\openblas-0.3.26-1.5.10-linux-ppc64le.jar;C:\Users\priya\.m2\repository\org\bytedeco\openblas\0.3.26-1.5.10\openblas-0.3.26-1.5.10-linux-x86_64.jar;C:\Users\priya\.m2\repository\org\bytedeco\openblas\0.3.26-1.5.10\openblas-0.3.26-1.5.10-macosx-arm64.jar;C:\Users\priya\.m2\repository\org\bytedeco\openblas\0.3.26-1.5.10\openblas-0.3.26-1.5.10-macosx-x86_64.jar;C:\Users\priya\.m2\repository\org\bytedeco\openblas\0.3.26-1.5.10\openblas-0.3.26-1.5.10-windows-x86_64.jar;C:\Users\priya\.m2\repository\org\bytedeco\openblas\0.3.26-1.5.10\openblas-0.3.26-1.5.10.jar;C:\Users\priya\.m2\repository\org\bytedeco\openblas-platform\0.3.26-1.5.10\openblas-platform-0.3.26-1.5.10.jar;C:\Users\priya\.m2\repository\org\bytedeco\opencv\4.9.0-1.5.10\opencv-4.9.0-1.5.10-android-arm64.jar;C:\Users\priya\.m2\repository\org\bytedeco\opencv\4.9.0-1.5.10\opencv-4.9.0-1.5.10-android-x86_64.jar;C:\Users\priya\.m2\repository\org\bytedeco\opencv\4.9.0-1.5.10\opencv-4.9.0-1.5.10-ios-arm64.jar;C:\Users\priya\.m2\repository\org\bytedeco\opencv\4.9.0-1.5.10\opencv-4.9.0-1.5.10-ios-x86_64.jar;C:\Users\priya\.m2\repository\org\bytedeco\opencv\4.9.0-1.5.10\opencv-4.9.0-1.5.10-linux-arm64.jar;C:\Users\priya\.m2\repository\org\bytedeco\opencv\4.9.0-1.5.10\opencv-4.9.0-1.5.10-linux-ppc64le.jar;C:\Users\priya\.m2\repository\org\bytedeco\opencv\4.9.0-1.5.10\opencv-4.9.0-1.5.10-linux-x86_64.jar;C:\Users\priya\.m2\repository\org\bytedeco\opencv\4.9.0-1.5.10\opencv-4.9.0-1.5.10-macosx-arm64.jar;C:\Users\priya\.m2\repository\org\bytedeco\opencv\4.9.0-1.5.10\opencv-4.9.0-1.5.10-macosx-x86_64.jar;C:\Users\priya\.m2\repository\org\bytedeco\opencv\4.9.0-1.5.10\opencv-4.9.0-1.5.10-windows-x86_64.jar;C:\Users\priya\.m2\repository\org\bytedeco\opencv\4.9.0-1.5.10\opencv-4.9.0-1.5.10.jar;C:\Users\priya\.m2\repository\org\bytedeco\opencv-platform\4.9.0-1.5.10\opencv-platform-4.9.0-1.5.10.jar;C:\Users\priya\.m2\repository\org\bytedeco\tesseract\5.3.4-1.5.10\tesseract-5.3.4-1.5.10-android-arm64.jar;C:\Users\priya\.m2\repository\org\bytedeco\tesseract\5.3.4-1.5.10\tesseract-5.3.4-1.5.10-android-x86_64.jar;C:\Users\priya\.m2\repository\org\bytedeco\tesseract\5.3.4-1.5.10\tesseract-5.3.4-1.5.10-linux-arm64.jar;C:\Users\priya\.m2\repository\org\bytedeco\tesseract\5.3.4-1.5.10\tesseract-5.3.4-1.5.10-linux-ppc64le.jar;C:\Users\priya\.m2\repository\org\bytedeco\tesseract\5.3.4-1.5.10\tesseract-5.3.4-1.5.10-linux-x86_64.jar;C:\Users\priya\.m2\repository\org\bytedeco\tesseract\5.3.4-1.5.10\tesseract-5.3.4-1.5.10-macosx-arm64.jar;C:\Users\priya\.m2\repository\org\bytedeco\tesseract\5.3.4-1.5.10\tesseract-5.3.4-1.5.10-macosx-x86_64.jar;C:\Users\priya\.m2\repository\org\bytedeco\tesseract\5.3.4-1.5.10\tesseract-5.3.4-1.5.10-windows-x86_64.jar;C:\Users\priya\.m2\repository\org\bytedeco\tesseract\5.3.4-1.5.10\tesseract-5.3.4-1.5.10.jar;C:\Users\priya\.m2\repository\org\bytedeco\tesseract-platform\5.3.4-1.5.10\tesseract-platform-5.3.4-1.5.10.jar;C:\Users\priya\.m2\repository\org\bytedeco\videoinput\0.200-1.5.9\videoinput-0.200-1.5.9-windows-x86.jar;C:\Users\priya\.m2\repository\org\bytedeco\videoinput\0.200-1.5.9\videoinput-0.200-1.5.9-windows-x86_64.jar;C:\Users\priya\.m2\repository\org\bytedeco\videoinput\0.200-1.5.9\videoinput-0.200-1.5.9.jar;C:\Users\priya\.m2\repository\org\bytedeco\videoinput-platform\0.200-1.5.9\videoinput-platform-0.200-1.5.9.jar;C:\Users\priya\.m2\repository\org\mindrot\jbcrypt\0.4\jbcrypt-0.4.jar;C:\Users\priya\.m2\repository\org\reactivestreams\reactive-streams\1.0.4\reactive-streams-1.0.4.jar;C:\Users\priya\.m2\repository\org\slf4j\slf4j-api\1.7.36\slf4j-api-1.7.36.jar;C:\Users\priya\.m2\repository\org\slf4j\slf4j-simple\2.0.9\slf4j-simple-2.0.9.jar;C:\Users\priya\.m2\repository\software\amazon\awssdk\annotations\2.25.61\annotations-2.25.61.jar;C:\Users\priya\.m2\repository\software\amazon\awssdk\apache-client\2.25.61\apache-client-2.25.61.jar;C:\Users\priya\.m2\repository\software\amazon\awssdk\auth\2.25.61\auth-2.25.61.jar;C:\Users\priya\.m2\repository\software\amazon\awssdk\aws-core\2.25.61\aws-core-2.25.61.jar;C:\Users\priya\.m2\repository\software\amazon\awssdk\aws-json-protocol\2.25.61\aws-json-protocol-2.25.61.jar;C:\Users\priya\.m2\repository\software\amazon\awssdk\checksums\2.25.61\checksums-2.25.61.jar;C:\Users\priya\.m2\repository\software\amazon\awssdk\checksums-spi\2.25.61\checksums-spi-2.25.61.jar;C:\Users\priya\.m2\repository\software\amazon\awssdk\endpoints-spi\2.25.61\endpoints-spi-2.25.61.jar;C:\Users\priya\.m2\repository\software\amazon\awssdk\http-auth\2.25.61\http-auth-2.25.61.jar;C:\Users\priya\.m2\repository\software\amazon\awssdk\http-auth-aws\2.25.61\http-auth-aws-2.25.61.jar;C:\Users\priya\.m2\repository\software\amazon\awssdk\http-auth-spi\2.25.61\http-auth-spi-2.25.61.jar;C:\Users\priya\.m2\repository\software\amazon\awssdk\http-client-spi\2.25.61\http-client-spi-2.25.61.jar;C:\Users\priya\.m2\repository\software\amazon\awssdk\identity-spi\2.25.61\identity-spi-2.25.61.jar;C:\Users\priya\.m2\repository\software\amazon\awssdk\json-utils\2.25.61\json-utils-2.25.61.jar;C:\Users\priya\.m2\repository\software\amazon\awssdk\metrics-spi\2.25.61\metrics-spi-2.25.61.jar;C:\Users\priya\.m2\repository\software\amazon\awssdk\netty-nio-client\2.25.61\netty-nio-client-2.25.61.jar;C:\Users\priya\.m2\repository\software\amazon\awssdk\profiles\2.25.61\profiles-2.25.61.jar;C:\Users\priya\.m2\repository\software\amazon\awssdk\protocol-core\2.25.61\protocol-core-2.25.61.jar;C:\Users\priya\.m2\repository\software\amazon\awssdk\regions\2.25.61\regions-2.25.61.jar;C:\Users\priya\.m2\repository\software\amazon\awssdk\rekognition\2.25.61\rekognition-2.25.61.jar;C:\Users\priya\.m2\repository\software\amazon\awssdk\sdk-core\2.25.61\sdk-core-2.25.61.jar;C:\Users\priya\.m2\repository\software\amazon\awssdk\third-party-jackson-core\2.25.61\third-party-jackson-core-2.25.61.jar;C:\Users\priya\.m2\repository\software\amazon\awssdk\utils\2.25.61\utils-2.25.61.jar;C:\Users\priya\.m2\repository\software\amazon\eventstream\eventstream\1.0.1\eventstream-1.0.1.jar
Launcher Type: SUN_STANDARD

[Global flags]
     intx CICompilerCount                          = 12                                        {product} {ergonomic}
     uint ConcGCThreads                            = 3                                         {product} {ergonomic}
     uint G1ConcRefinementThreads                  = 13                                        {product} {ergonomic}
   size_t G1HeapRegionSize                         = 1048576                                   {product} {ergonomic}
   size_t InitialHeapSize                          = 130023424                                 {product} {ergonomic}
   size_t MarkStackSize                            = 4194304                                   {product} {ergonomic}
   size_t MarkStackSizeMax                         = 536870912                                 {product} {ergonomic}
   size_t MaxHeapSize                              = 2065694720                                {product} {ergonomic}
   size_t MaxNewSize                               = 1239416832                                {product} {ergonomic}
   size_t MinHeapDeltaBytes                        = 1048576                                   {product} {ergonomic}
   size_t MinHeapSize                              = 8388608                                   {product} {ergonomic}
    uintx NonNMethodCodeHeapSize                   = 7602176                                {pd product} {ergonomic}
    uintx NonProfiledCodeHeapSize                  = 122093568                              {pd product} {ergonomic}
    uintx ProfiledCodeHeapSize                     = 121962496                              {pd product} {ergonomic}
    uintx ReservedCodeCacheSize                    = 251658240                              {pd product} {ergonomic}
     bool SegmentedCodeCache                       = true                                      {product} {ergonomic}
   size_t SoftMaxHeapSize                          = 2065694720                             {manageable} {ergonomic}
     bool UseCompressedOops                        = true                           {product lp64_product} {ergonomic}
     bool UseG1GC                                  = true                                      {product} {ergonomic}
     bool UseLargePagesIndividualAllocation        = false                                  {pd product} {ergonomic}

Logging:
Log output configuration:
 #0: stdout all=warning uptime,level,tags foldmultilines=false
 #1: stderr all=off uptime,level,tags foldmultilines=false

Environment Variables:
PATH=C:\Program Files\Common Files\Oracle\Java\javapath;C:\WINDOWS\system32;C:\WINDOWS;C:\WINDOWS\System32\Wbem;C:\WINDOWS\System32\WindowsPowerShell\v1.0\;C:\WINDOWS\System32\OpenSSH\;C:\Program Files\dotnet\;C:\Program Files (x86)\NVIDIA Corporation\PhysX\Common;C:\Program Files\NVIDIA Corporation\NVIDIA NvDLISR;C:\Program Files\Java\jdk-24\bin;C:\mingw-w64\mingw64\bin;C:\Program Files\nodejs\;C:\ProgramData\chocolatey\bin;C:\Program Files\apache-maven-3.9.11\bin;C:\Program Files\Amazon\AWSCLIV2\;C:\Program Files\Git\cmd;C:\Users\priya\AppData\Local\Programs\Python\Python313\Scripts\;C:\Users\priya\AppData\Local\Programs\Python\Python313\;C:\Users\priya\AppData\Local\Programs\Python\Launcher\;C:\Users\priya\AppData\Local\Microsoft\WindowsApps;C:\Users\priya\AppData\Local\GitHubDesktop\bin;C:\MinGW\bin;C:\Program Files\JetBrains\IntelliJ IDEA Community Edition 2025.2\bin;C:\Users\priya\AppData\Local\Programs\Microsoft VS Code Insiders\bin;C:\Users\priya\AppData\Roaming\npm
USERNAME=priya
OS=Windows_NT
PROCESSOR_IDENTIFIER=Intel64 Family 6 Model 183 Stepping 1, GenuineIntel
TMP=C:\Users\priya\AppData\Local\Temp
TEMP=C:\Users\priya\AppData\Local\Temp




Periodic native trim disabled

---------------  S Y S T E M  ---------------

OS:
 Windows 11 , 64 bit Build 26100 (10.0.26100.7019)
OS uptime: 7 days 21:40 hours
Hyper-V role detected

CPU: total 16 (initial active 16) (8 cores per cpu, 2 threads per core) family 6 model 183 stepping 1 microcode 0x12f, cx8, cmov, fxsr, ht, mmx, 3dnowpref, sse, sse2, sse3, ssse3, sse4.1, sse4.2, popcnt, lzcnt, tsc, tscinvbit, avx, avx2, aes, erms, clmul, bmi1, bmi2, adx, sha, fma, vzeroupper, clflush, clflushopt, clwb, hv, serialize, rdtscp, rdpid, fsrm, gfni, f16c, cet_ibt, cet_ss
Processor Information for processor 0
  Max Mhz: 2400, Current Mhz: 2400, Mhz Limit: 2400
Processor Information for processor 1
  Max Mhz: 2400, Current Mhz: 2400, Mhz Limit: 2400
Processor Information for processor 2
  Max Mhz: 2400, Current Mhz: 2400, Mhz Limit: 2400
Processor Information for processor 3
  Max Mhz: 2400, Current Mhz: 2400, Mhz Limit: 2400
Processor Information for processor 4
  Max Mhz: 2400, Current Mhz: 2400, Mhz Limit: 2400
Processor Information for processor 5
  Max Mhz: 2400, Current Mhz: 2400, Mhz Limit: 2400
Processor Information for processor 6
  Max Mhz: 2400, Current Mhz: 2400, Mhz Limit: 2400
Processor Information for processor 7
  Max Mhz: 2400, Current Mhz: 2400, Mhz Limit: 2400
Processor Information for processor 8
  Max Mhz: 2400, Current Mhz: 2400, Mhz Limit: 2400
Processor Information for processor 9
  Max Mhz: 2400, Current Mhz: 2400, Mhz Limit: 2400
Processor Information for processor 10
  Max Mhz: 2400, Current Mhz: 2400, Mhz Limit: 2400
Processor Information for processor 11
  Max Mhz: 2400, Current Mhz: 2400, Mhz Limit: 2400
Processor Information for processor 12
  Max Mhz: 2400, Current Mhz: 2400, Mhz Limit: 2400
Processor Information for processor 13
  Max Mhz: 2400, Current Mhz: 1466, Mhz Limit: 2400
Processor Information for processor 14
  Max Mhz: 2400, Current Mhz: 1466, Mhz Limit: 2400
Processor Information for processor 15
  Max Mhz: 2400, Current Mhz: 1466, Mhz Limit: 2400

Memory: 4k page, system-wide physical 7876M (503M free)
TotalPageFile size 32452M (AvailPageFile size 0M)
current process WorkingSet (physical memory assigned to process): 166M, peak: 515M
current process commit charge ("private bytes"): 4651M, peak: 5007M

vm_info: Java HotSpot(TM) 64-Bit Server VM (24.0.2+12-54) for windows-amd64 JRE (24.0.2+12-54), built on 2025-07-08T12:10:27Z with MS VC++ 17.6 (VS2022)

END.
