version 2
JvmtiExport can_access_local_variables 0
JvmtiExport can_hotswap_or_post_breakpoint 1
JvmtiExport can_post_on_exceptions 0
# 284 ciObject found
instanceKlass sun/security/rsa/RSAPSSSignature
ciInstanceKlass java/lang/Cloneable 1 0 7 100 1 100 1 1 1
instanceKlass org/apache/commons/logging/impl/WeakHashtable$1
instanceKlass software/amazon/awssdk/protocols/core/ExceptionMetadata$1
instanceKlass software/amazon/awssdk/utils/AttributeMap$1
instanceKlass software/amazon/awssdk/services/rekognition/model/Landmark$1
# instanceKlass java/lang/invoke/LambdaForm$DMH+0x00000160c9551800
# instanceKlass java/lang/invoke/LambdaForm$DMH+0x00000160c9551400
# instanceKlass java/lang/invoke/LambdaForm$DMH+0x00000160c9551000
# instanceKlass java/lang/invoke/LambdaForm$DMH+0x00000160c9550c00
# instanceKlass java/lang/invoke/LambdaForm$DMH+0x00000160c9550800
# instanceKlass java/lang/invoke/LambdaForm$DMH+0x00000160c9550400
# instanceKlass java/lang/invoke/LambdaForm$MH+0x00000160c9550000
instanceKlass  @bci com/mysql/cj/jdbc/ConnectionImpl realClose (ZZZLjava/lang/Throwable;)V 241 <appendix> argL0 ; # com/mysql/cj/jdbc/ConnectionImpl$$Lambda+0x00000160c954d900
instanceKlass  @bci com/mysql/cj/protocol/ExportControlled <clinit> ()V 169 <appendix> argL0 ; # com/mysql/cj/protocol/ExportControlled$$Lambda+0x00000160c954d6c0
instanceKlass  @bci com/mysql/cj/protocol/ExportControlled <clinit> ()V 145 <appendix> argL0 ; # com/mysql/cj/protocol/ExportControlled$$Lambda+0x00000160c954d480
instanceKlass  @bci com/mysql/cj/protocol/ExportControlled <clinit> ()V 121 <appendix> argL0 ; # com/mysql/cj/protocol/ExportControlled$$Lambda+0x00000160c954d240
instanceKlass  @bci com/mysql/cj/protocol/ExportControlled <clinit> ()V 97 <appendix> argL0 ; # com/mysql/cj/protocol/ExportControlled$$Lambda+0x00000160c954d000
instanceKlass com/mysql/cj/protocol/ExportControlled
instanceKlass  @bci com/zaxxer/hikari/pool/HikariPool closeConnection (Lcom/zaxxer/hikari/pool/PoolEntry;Ljava/lang/String;)V 23 <appendix> member <vmtarget> ; # com/zaxxer/hikari/pool/HikariPool$$Lambda+0x00000160c954cbb0
instanceKlass  @bci com/sun/javafx/tk/quantum/QuantumToolkit dispose ()V 27 <appendix> member <vmtarget> ; # com/sun/javafx/tk/quantum/QuantumToolkit$$Lambda+0x00000160c954c770
instanceKlass  @bci com/sun/javafx/tk/quantum/QuantumRenderer stopRenderer ()V 1 <appendix> member <vmtarget> ; # com/sun/javafx/tk/quantum/QuantumRenderer$$Lambda+0x00000160c954c538
instanceKlass  @bci com/sun/javafx/tk/quantum/QuantumToolkit exit ()V 21 <appendix> argL0 ; # com/sun/javafx/tk/quantum/QuantumToolkit$$Lambda+0x00000160c954c308
instanceKlass  @bci com/sun/javafx/application/PlatformImpl tkExit ()V 59 <appendix> argL0 ; # com/sun/javafx/application/PlatformImpl$$Lambda+0x00000160c954c0d8
instanceKlass  @bci com/sun/javafx/application/PlatformImpl checkIdle ()V 16 <appendix> argL0 ; # com/sun/javafx/application/PlatformImpl$$Lambda+0x00000160c954bea8
instanceKlass  @bci com/sun/javafx/application/LauncherImpl launchApplication1 (Ljava/lang/Class;Ljava/lang/Class;[Ljava/lang/String;)V 444 <appendix> member <vmtarget> ; # com/sun/javafx/application/LauncherImpl$$Lambda+0x00000160c954bc70
instanceKlass  @bci com/sun/javafx/application/PlatformImpl checkIdle ()V 127 <appendix> argL0 ; # com/sun/javafx/application/PlatformImpl$$Lambda+0x00000160c954ba40
instanceKlass  @bci com/sun/javafx/tk/quantum/WindowStage close ()V 5 <appendix> member <vmtarget> ; # com/sun/javafx/tk/quantum/WindowStage$$Lambda+0x00000160c954b808
instanceKlass javafx/scene/chart/PieChart$7
instanceKlass  @bci javafx/scene/chart/XYChart createSeriesRemoveTimeLine (Ljavafx/scene/chart/XYChart$Series;J)[Ljavafx/animation/KeyFrame; 219 <appendix> member <vmtarget> ; # javafx/scene/chart/XYChart$$Lambda+0x00000160c9546d28
instanceKlass javafx/animation/SequentialTransition$1
instanceKlass  @bci javafx/animation/SequentialTransition <init> (Ljavafx/scene/Node;)V 28 <appendix> member <vmtarget> ; # javafx/animation/SequentialTransition$$Lambda+0x00000160c95457b8
instanceKlass  @bci javafx/scene/chart/PieChart createDataRemoveTimeline (Ljavafx/scene/chart/PieChart$Data;)Ljavafx/animation/Timeline; 95 <appendix> member <vmtarget> ; # javafx/scene/chart/PieChart$$Lambda+0x00000160c9545048
instanceKlass javafx/scene/shape/Arc$9
instanceKlass com/sun/javafx/geom/ArcIterator
instanceKlass java/lang/FdLibm$Acos
instanceKlass  @bci javafx/scene/chart/AreaChart makePaths (Ljavafx/scene/chart/XYChart;Ljavafx/scene/chart/XYChart$Series;Ljava/util/List;Ljavafx/scene/shape/Path;Ljavafx/scene/shape/Path;DLjavafx/scene/chart/LineChart$SortingPolicy;)V 544 <appendix> argL0 ; # javafx/scene/chart/AreaChart$$Lambda+0x00000160c9544918
instanceKlass  @bci javafx/scene/chart/Axis layoutChildren ()V 220 <appendix> member <vmtarget> ; # javafx/scene/chart/Axis$$Lambda+0x00000160c95437f8
instanceKlass javafx/scene/shape/ArcTo$1
instanceKlass com/sun/javafx/scene/shape/ArcToHelper$ArcToAccessor
instanceKlass javafx/scene/shape/Arc$1
instanceKlass com/sun/javafx/scene/shape/ArcHelper$ArcAccessor
instanceKlass javafx/scene/chart/PieChart$LabelLayoutInfo
instanceKlass  @bci javafx/animation/AnimationTimer$AnimationTimerReceiver handle (J)V 22 <appendix> member <vmtarget> ; # javafx/animation/AnimationTimer$AnimationTimerReceiver$$Lambda+0x00000160c9539238
instanceKlass java/text/DigitList$1
instanceKlass  @bci com/sun/javafx/binding/FlatMappedBinding observeSources ()Ljavafx/util/Subscription; 18 <appendix> member <vmtarget> ; # com/sun/javafx/binding/FlatMappedBinding$$Lambda+0x00000160c9538ff0
instanceKlass  @bci com/sun/javafx/binding/FlatMappedBinding observeSources ()Ljavafx/util/Subscription; 5 <appendix> member <vmtarget> ; # com/sun/javafx/binding/FlatMappedBinding$$Lambda+0x00000160c9538db8
instanceKlass  @bci javafx/beans/Observable subscribe (Ljava/lang/Runnable;)Ljavafx/util/Subscription; 23 <appendix> member <vmtarget> ; # javafx/beans/Observable$$Lambda+0x00000160c9538b70
instanceKlass  @cpi javafx/beans/Observable 57 form vmentry <vmtarget> ; # java/lang/invoke/LambdaForm$DMH+0x00000160c9531400
instanceKlass  @bci com/sun/javafx/binding/FlatMappedBinding computeValue ()Ljava/lang/Object; 69 <appendix> member <vmtarget> ; # com/sun/javafx/binding/FlatMappedBinding$$Lambda+0x00000160c9538938
instanceKlass  @bci javafx/beans/Observable subscribe (Ljava/lang/Runnable;)Ljavafx/util/Subscription; 8 <appendix> member <vmtarget> ; # javafx/beans/Observable$$Lambda+0x00000160c9538700
instanceKlass  @bci com/sun/javafx/binding/OrElseBinding observeSources ()Ljavafx/util/Subscription; 5 <appendix> member <vmtarget> ; # com/sun/javafx/binding/OrElseBinding$$Lambda+0x00000160c95384c8
instanceKlass  @bci javafx/scene/chart/XYChart$Data$4 invalidated ()V 113 <appendix> argL0 ; # javafx/scene/chart/XYChart$Data$4$$Lambda+0x00000160c9531ca0
instanceKlass  @bci javafx/scene/chart/XYChart$Data$4 invalidated ()V 103 <appendix> argL0 ; # javafx/scene/chart/XYChart$Data$4$$Lambda+0x00000160c9531a50
instanceKlass  @bci javafx/scene/chart/XYChart$Data$4 invalidated ()V 95 <appendix> argL0 ; # javafx/scene/chart/XYChart$Data$4$$Lambda+0x00000160c9531800
instanceKlass  @bci javafx/scene/chart/XYChart$Data$4 invalidated ()V 67 <appendix> argL0 ; # javafx/scene/chart/XYChart$Data$4$$Lambda+0x00000160c9533d78
instanceKlass  @bci javafx/scene/chart/XYChart$Data$4 invalidated ()V 57 <appendix> argL0 ; # javafx/scene/chart/XYChart$Data$4$$Lambda+0x00000160c9533b28
instanceKlass  @bci javafx/scene/chart/XYChart$Data$4 invalidated ()V 49 <appendix> argL0 ; # javafx/scene/chart/XYChart$Data$4$$Lambda+0x00000160c95338d8
instanceKlass  @bci javafx/util/Subscription <clinit> ()V 0 <appendix> argL0 ; # javafx/util/Subscription$$Lambda+0x00000160c9533270
instanceKlass javafx/util/Subscription
instanceKlass  @bci javafx/scene/chart/XYChart$Data$4 invalidated ()V 26 <appendix> argL0 ; # javafx/scene/chart/XYChart$Data$4$$Lambda+0x00000160c9532bf8
instanceKlass javafx/scene/chart/XYChart$Data
instanceKlass java/time/zone/Ser
instanceKlass java/io/Externalizable
instanceKlass java/time/zone/ZoneRulesProvider
instanceKlass javafx/scene/chart/XYChart$Series$1
instanceKlass javafx/scene/chart/XYChart$Series
instanceKlass  @bci com/sun/javafx/charts/Legend lambda$new$1 (Ljavafx/collections/ListChangeListener$Change;)V 9 <appendix> argL0 ; # com/sun/javafx/charts/Legend$$Lambda+0x00000160c95353a8
instanceKlass com/sun/scenario/animation/shared/InterpolationInterval$1
instanceKlass  @bci javafx/scene/chart/PieChart dataItemAdded (Ljavafx/scene/chart/PieChart$Data;I)V 187 <appendix> member <vmtarget> ; # javafx/scene/chart/PieChart$$Lambda+0x00000160c952ac80
instanceKlass com/sun/javafx/animation/KeyValueHelper
instanceKlass javafx/animation/KeyValue$1
instanceKlass com/sun/javafx/animation/KeyValueHelper$KeyValueAccessor
instanceKlass javafx/scene/chart/PieChart$Data
instanceKlass java/util/stream/ReduceOps$5ReducingSink
instanceKlass  @bci java/util/stream/IntPipeline sum ()I 2 <appendix> argL0 ; # java/util/stream/IntPipeline$$Lambda+0x00000160c94a23b0
instanceKlass  @bci com/priya/neurosyncdemo/ui/Dashboard refreshAnalytics ()V 38 <appendix> argL0 ; # com/priya/neurosyncdemo/ui/Dashboard$$Lambda+0x00000160c9528a78
# instanceKlass java/lang/invoke/LambdaForm$MH+0x00000160c9531000
# instanceKlass java/lang/invoke/LambdaForm$DMH+0x00000160c9530c00
# instanceKlass java/lang/invoke/LambdaForm$DMH+0x00000160c9530800
# instanceKlass java/lang/invoke/LambdaForm$DMH+0x00000160c9530400
# instanceKlass java/lang/invoke/LambdaForm$DMH+0x00000160c9530000
instanceKlass sun/security/util/MemoryCache$QueueCacheEntry
instanceKlass com/mysql/cj/exceptions/DeadlockTimeoutRollbackMarker
instanceKlass com/mysql/cj/jdbc/exceptions/SQLError
instanceKlass com/mysql/cj/exceptions/StreamingNotifiable
instanceKlass com/mysql/cj/jdbc/exceptions/SQLExceptionsMapping
instanceKlass com/mysql/cj/exceptions/ExceptionFactory
instanceKlass com/mysql/cj/exceptions/MysqlErrorNumbers
instanceKlass com/priya/neurosyncdemo/util/LoggerUtil
instanceKlass  @bci com/priya/neurosyncdemo/ui/Dashboard handleResult (Lcom/priya/neurosyncdemo/api/EmotionResult;Ljava/lang/String;)V 145 <adapter> ; # java/lang/invoke/LambdaForm$MH+0x00000160c9525800
instanceKlass  @bci com/priya/neurosyncdemo/ui/Dashboard handleResult (Lcom/priya/neurosyncdemo/api/EmotionResult;Ljava/lang/String;)V 145 <appendix> form vmentry <vmtarget> ; # java/lang/invoke/LambdaForm$MH+0x00000160c9525400
# instanceKlass java/lang/invoke/LambdaForm$BMH+0x00000160c9525000
instanceKlass  @bci com/priya/neurosyncdemo/ui/Dashboard handleResult (Lcom/priya/neurosyncdemo/api/EmotionResult;Ljava/lang/String;)V 145 <appendix> form names 8 function resolvedHandle form vmentry <vmtarget> ; # java/lang/invoke/LambdaForm$DMH+0x00000160c9524c00
instanceKlass  @bci com/priya/neurosyncdemo/ui/Dashboard handleResult (Lcom/priya/neurosyncdemo/api/EmotionResult;Ljava/lang/String;)V 145 <appendix> argL0 form vmentry <vmtarget> ; # java/lang/invoke/LambdaForm$DMH+0x00000160c9524800
instanceKlass jdk/internal/math/FormattedFPDecimal
instanceKlass java/util/Formatter$FormatSpecifierParser
instanceKlass com/priya/neurosyncdemo/core/DecisionEngine
instanceKlass com/priya/neurosyncdemo/core/EmotionMapper
instanceKlass  @bci com/priya/neurosyncdemo/ui/Dashboard lambda$onStartMonitoring$0 ()V 83 <appendix> member <vmtarget> ; # com/priya/neurosyncdemo/ui/Dashboard$$Lambda+0x00000160c9526240
instanceKlass  @bci software/amazon/awssdk/auth/credentials/AwsCredentialsProviderChain close ()V 4 <appendix> argL0 ; # software/amazon/awssdk/auth/credentials/AwsCredentialsProviderChain$$Lambda+0x00000160c9526000
instanceKlass  @bci software/amazon/awssdk/http/apache/internal/net/SdkSslSocket close ()V 4 <appendix> member <vmtarget> ; # software/amazon/awssdk/http/apache/internal/net/SdkSslSocket$$Lambda+0x00000160c9523ce8
instanceKlass  @bci software/amazon/awssdk/http/apache/internal/net/SdkSslSocket shutdownInput ()V 4 <appendix> member <vmtarget> ; # software/amazon/awssdk/http/apache/internal/net/SdkSslSocket$$Lambda+0x00000160c9523ab0
instanceKlass sun/security/ssl/Alert$AlertConsumer
instanceKlass  @bci software/amazon/awssdk/http/apache/internal/net/SdkSslSocket shutdownOutput ()V 4 <appendix> member <vmtarget> ; # software/amazon/awssdk/http/apache/internal/net/SdkSslSocket$$Lambda+0x00000160c9523878
instanceKlass org/apache/http/impl/conn/PoolingHttpClientConnectionManager$2
instanceKlass  @bci software/amazon/awssdk/utils/AttributeMap close ()V 9 <appendix> argL0 ; # software/amazon/awssdk/utils/AttributeMap$$Lambda+0x00000160c95233f8
instanceKlass  @cpi software/amazon/awssdk/utils/AttributeMap 185 form vmentry <vmtarget> ; # java/lang/invoke/LambdaForm$DMH+0x00000160c9524000
instanceKlass java/util/stream/ReduceOps$2ReducingSink
instanceKlass  @bci java/util/function/BinaryOperator maxBy (Ljava/util/Comparator;)Ljava/util/function/BinaryOperator; 6 <appendix> member <vmtarget> ; # java/util/function/BinaryOperator$$Lambda+0x00000160c94a0488
instanceKlass  @bci com/priya/neurosyncdemo/api/EmotionAPI detectAllEmotions ([B)Lcom/priya/neurosyncdemo/api/EmotionResult; 311 <appendix> argL0 ; # com/priya/neurosyncdemo/api/EmotionAPI$$Lambda+0x00000160c9522f88
instanceKlass  @bci software/amazon/awssdk/services/rekognition/DefaultRekognitionClient detectFaces (Lsoftware/amazon/awssdk/services/rekognition/model/DetectFacesRequest;)Lsoftware/amazon/awssdk/services/rekognition/model/DetectFacesResponse; 189 <appendix> member <vmtarget> ; # software/amazon/awssdk/services/rekognition/DefaultRekognitionClient$$Lambda+0x00000160c9522d40
instanceKlass software/amazon/awssdk/metrics/MetricPublisher
instanceKlass  @bci software/amazon/awssdk/core/interceptor/ExecutionInterceptorChain afterExecution (Lsoftware/amazon/awssdk/core/interceptor/Context$AfterExecution;Lsoftware/amazon/awssdk/core/interceptor/ExecutionAttributes;)V 3 <appendix> member <vmtarget> ; # software/amazon/awssdk/core/interceptor/ExecutionInterceptorChain$$Lambda+0x00000160c9522af8
instanceKlass  @bci software/amazon/awssdk/core/internal/http/StreamManagingStage$ClosingStreamProvider closeCurrentStream ()V 16 <appendix> member <vmtarget> ; # software/amazon/awssdk/core/internal/http/StreamManagingStage$ClosingStreamProvider$$Lambda+0x00000160c95228c0
instanceKlass  @bci software/amazon/awssdk/core/retry/conditions/OrRetryCondition requestSucceeded (Lsoftware/amazon/awssdk/core/retry/RetryPolicyContext;)V 5 <appendix> member <vmtarget> ; # software/amazon/awssdk/core/retry/conditions/OrRetryCondition$$Lambda+0x00000160c9522678
instanceKlass  @bci software/amazon/awssdk/core/retry/conditions/AndRetryCondition requestSucceeded (Lsoftware/amazon/awssdk/core/retry/RetryPolicyContext;)V 5 <appendix> member <vmtarget> ; # software/amazon/awssdk/core/retry/conditions/AndRetryCondition$$Lambda+0x00000160c9522430
instanceKlass software/amazon/awssdk/core/retry/RetryPolicyContext$Builder
instanceKlass software/amazon/awssdk/core/retry/RetryPolicyContext
instanceKlass java/util/OptionalLong
instanceKlass  @bci software/amazon/awssdk/core/internal/http/CombinedResponseHandler closeInputStreamIfNeeded (Lsoftware/amazon/awssdk/http/SdkHttpFullResponse;Z)V 28 <appendix> argL0 ; # software/amazon/awssdk/core/internal/http/CombinedResponseHandler$$Lambda+0x00000160c9521d20
instanceKlass  @bci software/amazon/awssdk/core/internal/http/CombinedResponseHandler closeInputStreamIfNeeded (Lsoftware/amazon/awssdk/http/SdkHttpFullResponse;Z)V 20 <appendix> argL0 ; # software/amazon/awssdk/core/internal/http/CombinedResponseHandler$$Lambda+0x00000160c9521ad0
instanceKlass software/amazon/awssdk/core/Response$Builder
instanceKlass software/amazon/awssdk/core/Response
instanceKlass  @bci software/amazon/awssdk/core/interceptor/ExecutionInterceptorChain afterUnmarshalling (Lsoftware/amazon/awssdk/core/interceptor/Context$AfterUnmarshalling;Lsoftware/amazon/awssdk/core/interceptor/ExecutionAttributes;)V 3 <appendix> member <vmtarget> ; # software/amazon/awssdk/core/interceptor/ExecutionInterceptorChain$$Lambda+0x00000160c9521448
instanceKlass  @bci software/amazon/awssdk/core/internal/handler/BaseClientHandler lambda$runAfterUnmarshallingInterceptors$5 (Lsoftware/amazon/awssdk/core/http/ExecutionContext;Lsoftware/amazon/awssdk/core/SdkResponse;Lsoftware/amazon/awssdk/http/SdkHttpFullResponse;)Lsoftware/amazon/awssdk/core/SdkResponse; 5 <appendix> member <vmtarget> ; # software/amazon/awssdk/core/internal/handler/BaseClientHandler$$Lambda+0x00000160c9521200
instanceKlass  @bci software/amazon/awssdk/core/http/MetricCollectingHttpResponseHandler handle (Lsoftware/amazon/awssdk/http/SdkHttpFullResponse;Lsoftware/amazon/awssdk/core/interceptor/ExecutionAttributes;)Ljava/lang/Object; 19 <appendix> member <vmtarget> ; # software/amazon/awssdk/core/http/MetricCollectingHttpResponseHandler$$Lambda+0x00000160c9520fb8
instanceKlass  @bci software/amazon/awssdk/http/DefaultSdkHttpFullResponse forEachHeader (Ljava/util/function/BiConsumer;)V 8 <appendix> member <vmtarget> ; # software/amazon/awssdk/http/DefaultSdkHttpFullResponse$$Lambda+0x00000160c9520d70
instanceKlass  @bci software/amazon/awssdk/protocols/json/internal/unmarshall/AwsJsonResponseHandler generateResponseMetadata (Lsoftware/amazon/awssdk/http/SdkHttpResponse;)Lsoftware/amazon/awssdk/awscore/AwsResponseMetadata; 35 <appendix> member <vmtarget> ; # software/amazon/awssdk/protocols/json/internal/unmarshall/AwsJsonResponseHandler$$Lambda+0x00000160c9520b28
instanceKlass  @bci software/amazon/awssdk/utils/FunctionalUtils safeRunnable (Lsoftware/amazon/awssdk/utils/FunctionalUtils$UnsafeRunnable;)Ljava/lang/Runnable; 1 <appendix> member <vmtarget> ; # software/amazon/awssdk/utils/FunctionalUtils$$Lambda+0x00000160c95208f0
instanceKlass  @bci software/amazon/awssdk/protocols/json/internal/unmarshall/JsonResponseHandler lambda$handle$2 (Lsoftware/amazon/awssdk/http/AbortableInputStream;)V 6 <appendix> member <vmtarget> ; # software/amazon/awssdk/protocols/json/internal/unmarshall/JsonResponseHandler$$Lambda+0x00000160c95206b8
instanceKlass software/amazon/awssdk/utils/FunctionalUtils$UnsafeRunnable
instanceKlass  @bci software/amazon/awssdk/protocols/json/internal/unmarshall/JsonResponseHandler handle (Lsoftware/amazon/awssdk/http/SdkHttpFullResponse;Lsoftware/amazon/awssdk/core/interceptor/ExecutionAttributes;)Lsoftware/amazon/awssdk/core/SdkPojo; 94 <appendix> argL0 ; # software/amazon/awssdk/protocols/json/internal/unmarshall/JsonResponseHandler$$Lambda+0x00000160c9520478
instanceKlass  @bci software/amazon/awssdk/protocols/json/internal/unmarshall/JsonResponseHandler handle (Lsoftware/amazon/awssdk/http/SdkHttpFullResponse;Lsoftware/amazon/awssdk/core/interceptor/ExecutionAttributes;)Lsoftware/amazon/awssdk/core/SdkPojo; 70 <appendix> argL0 ; # software/amazon/awssdk/protocols/json/internal/unmarshall/JsonResponseHandler$$Lambda+0x00000160c9520248
instanceKlass  @bci software/amazon/awssdk/services/rekognition/model/FaceDetailListCopier copy (Ljava/util/Collection;)Ljava/util/List; 28 <appendix> member <vmtarget> ; # software/amazon/awssdk/services/rekognition/model/FaceDetailListCopier$$Lambda+0x00000160c9520000
instanceKlass software/amazon/awssdk/services/rekognition/model/FaceDetailListCopier
instanceKlass software/amazon/awssdk/services/rekognition/model/EyeDirection$BuilderImpl
instanceKlass  @bci software/amazon/awssdk/services/rekognition/model/EyeDirection <clinit> ()V 154 <appendix> argL0 ; # software/amazon/awssdk/services/rekognition/model/EyeDirection$$Lambda+0x00000160c951f810
instanceKlass  @bci software/amazon/awssdk/services/rekognition/model/EyeDirection <clinit> ()V 143 <appendix> argL0 ; # software/amazon/awssdk/services/rekognition/model/EyeDirection$$Lambda+0x00000160c951f5c0
instanceKlass  @bci software/amazon/awssdk/services/rekognition/model/EyeDirection <clinit> ()V 88 <appendix> argL0 ; # software/amazon/awssdk/services/rekognition/model/EyeDirection$$Lambda+0x00000160c951f380
instanceKlass  @bci software/amazon/awssdk/services/rekognition/model/EyeDirection <clinit> ()V 77 <appendix> argL0 ; # software/amazon/awssdk/services/rekognition/model/EyeDirection$$Lambda+0x00000160c951f130
instanceKlass  @bci software/amazon/awssdk/services/rekognition/model/EyeDirection setter (Ljava/util/function/BiConsumer;)Ljava/util/function/BiConsumer; 1 <appendix> member <vmtarget> ; # software/amazon/awssdk/services/rekognition/model/EyeDirection$$Lambda+0x00000160c951eee8
instanceKlass  @bci software/amazon/awssdk/services/rekognition/model/EyeDirection <clinit> ()V 22 <appendix> argL0 ; # software/amazon/awssdk/services/rekognition/model/EyeDirection$$Lambda+0x00000160c951eca8
instanceKlass  @bci software/amazon/awssdk/services/rekognition/model/EyeDirection getter (Ljava/util/function/Function;)Ljava/util/function/Function; 1 <appendix> member <vmtarget> ; # software/amazon/awssdk/services/rekognition/model/EyeDirection$$Lambda+0x00000160c951ea50
instanceKlass  @bci software/amazon/awssdk/services/rekognition/model/EyeDirection <clinit> ()V 11 <appendix> argL0 ; # software/amazon/awssdk/services/rekognition/model/EyeDirection$$Lambda+0x00000160c951e800
instanceKlass software/amazon/awssdk/services/rekognition/model/FaceOccluded$BuilderImpl
instanceKlass  @bci software/amazon/awssdk/services/rekognition/model/FaceOccluded <clinit> ()V 88 <appendix> argL0 ; # software/amazon/awssdk/services/rekognition/model/FaceOccluded$$Lambda+0x00000160c951e2e0
instanceKlass  @bci software/amazon/awssdk/services/rekognition/model/FaceOccluded <clinit> ()V 77 <appendix> argL0 ; # software/amazon/awssdk/services/rekognition/model/FaceOccluded$$Lambda+0x00000160c951e090
instanceKlass  @bci software/amazon/awssdk/services/rekognition/model/FaceOccluded setter (Ljava/util/function/BiConsumer;)Ljava/util/function/BiConsumer; 1 <appendix> member <vmtarget> ; # software/amazon/awssdk/services/rekognition/model/FaceOccluded$$Lambda+0x00000160c951de48
instanceKlass  @bci software/amazon/awssdk/services/rekognition/model/FaceOccluded <clinit> ()V 22 <appendix> argL0 ; # software/amazon/awssdk/services/rekognition/model/FaceOccluded$$Lambda+0x00000160c951dc08
instanceKlass  @bci software/amazon/awssdk/services/rekognition/model/FaceOccluded getter (Ljava/util/function/Function;)Ljava/util/function/Function; 1 <appendix> member <vmtarget> ; # software/amazon/awssdk/services/rekognition/model/FaceOccluded$$Lambda+0x00000160c951d9b0
instanceKlass  @bci software/amazon/awssdk/services/rekognition/model/FaceOccluded <clinit> ()V 11 <appendix> argL0 ; # software/amazon/awssdk/services/rekognition/model/FaceOccluded$$Lambda+0x00000160c951d760
instanceKlass software/amazon/awssdk/services/rekognition/model/ImageQuality$BuilderImpl
instanceKlass  @bci software/amazon/awssdk/services/rekognition/model/ImageQuality <clinit> ()V 88 <appendix> argL0 ; # software/amazon/awssdk/services/rekognition/model/ImageQuality$$Lambda+0x00000160c951d240
instanceKlass  @bci software/amazon/awssdk/services/rekognition/model/ImageQuality <clinit> ()V 77 <appendix> argL0 ; # software/amazon/awssdk/services/rekognition/model/ImageQuality$$Lambda+0x00000160c951cff0
instanceKlass  @bci software/amazon/awssdk/services/rekognition/model/ImageQuality setter (Ljava/util/function/BiConsumer;)Ljava/util/function/BiConsumer; 1 <appendix> member <vmtarget> ; # software/amazon/awssdk/services/rekognition/model/ImageQuality$$Lambda+0x00000160c951cda8
instanceKlass  @bci software/amazon/awssdk/services/rekognition/model/ImageQuality <clinit> ()V 22 <appendix> argL0 ; # software/amazon/awssdk/services/rekognition/model/ImageQuality$$Lambda+0x00000160c951cb68
instanceKlass  @bci software/amazon/awssdk/services/rekognition/model/ImageQuality getter (Ljava/util/function/Function;)Ljava/util/function/Function; 1 <appendix> member <vmtarget> ; # software/amazon/awssdk/services/rekognition/model/ImageQuality$$Lambda+0x00000160c951c910
instanceKlass  @bci software/amazon/awssdk/services/rekognition/model/ImageQuality <clinit> ()V 11 <appendix> argL0 ; # software/amazon/awssdk/services/rekognition/model/ImageQuality$$Lambda+0x00000160c951c6c0
instanceKlass software/amazon/awssdk/services/rekognition/model/Pose$BuilderImpl
instanceKlass  @bci software/amazon/awssdk/services/rekognition/model/Pose <clinit> ()V 154 <appendix> argL0 ; # software/amazon/awssdk/services/rekognition/model/Pose$$Lambda+0x00000160c951c198
instanceKlass  @bci software/amazon/awssdk/services/rekognition/model/Pose <clinit> ()V 143 <appendix> argL0 ; # software/amazon/awssdk/services/rekognition/model/Pose$$Lambda+0x00000160c951bf48
instanceKlass  @bci software/amazon/awssdk/services/rekognition/model/Pose <clinit> ()V 88 <appendix> argL0 ; # software/amazon/awssdk/services/rekognition/model/Pose$$Lambda+0x00000160c951bd08
instanceKlass  @bci software/amazon/awssdk/services/rekognition/model/Pose <clinit> ()V 77 <appendix> argL0 ; # software/amazon/awssdk/services/rekognition/model/Pose$$Lambda+0x00000160c951bab8
instanceKlass  @bci software/amazon/awssdk/services/rekognition/model/Pose setter (Ljava/util/function/BiConsumer;)Ljava/util/function/BiConsumer; 1 <appendix> member <vmtarget> ; # software/amazon/awssdk/services/rekognition/model/Pose$$Lambda+0x00000160c951b870
instanceKlass  @bci software/amazon/awssdk/services/rekognition/model/Pose <clinit> ()V 22 <appendix> argL0 ; # software/amazon/awssdk/services/rekognition/model/Pose$$Lambda+0x00000160c951b630
instanceKlass  @bci software/amazon/awssdk/services/rekognition/model/Pose getter (Ljava/util/function/Function;)Ljava/util/function/Function; 1 <appendix> member <vmtarget> ; # software/amazon/awssdk/services/rekognition/model/Pose$$Lambda+0x00000160c951b3d8
instanceKlass  @bci software/amazon/awssdk/services/rekognition/model/Pose <clinit> ()V 11 <appendix> argL0 ; # software/amazon/awssdk/services/rekognition/model/Pose$$Lambda+0x00000160c951b188
instanceKlass  @bci software/amazon/awssdk/services/rekognition/model/LandmarksCopier copy (Ljava/util/Collection;)Ljava/util/List; 28 <appendix> member <vmtarget> ; # software/amazon/awssdk/services/rekognition/model/LandmarksCopier$$Lambda+0x00000160c951af40
instanceKlass software/amazon/awssdk/services/rekognition/model/LandmarksCopier
instanceKlass software/amazon/awssdk/services/rekognition/model/Landmark$BuilderImpl
instanceKlass  @bci software/amazon/awssdk/services/rekognition/model/Landmark <clinit> ()V 154 <appendix> argL0 ; # software/amazon/awssdk/services/rekognition/model/Landmark$$Lambda+0x00000160c951a7f8
instanceKlass  @bci software/amazon/awssdk/services/rekognition/model/Landmark <clinit> ()V 143 <appendix> argL0 ; # software/amazon/awssdk/services/rekognition/model/Landmark$$Lambda+0x00000160c951a5a8
instanceKlass  @bci software/amazon/awssdk/services/rekognition/model/Landmark <clinit> ()V 88 <appendix> argL0 ; # software/amazon/awssdk/services/rekognition/model/Landmark$$Lambda+0x00000160c951a368
instanceKlass  @bci software/amazon/awssdk/services/rekognition/model/Landmark <clinit> ()V 77 <appendix> argL0 ; # software/amazon/awssdk/services/rekognition/model/Landmark$$Lambda+0x00000160c951a118
instanceKlass  @bci software/amazon/awssdk/services/rekognition/model/Landmark setter (Ljava/util/function/BiConsumer;)Ljava/util/function/BiConsumer; 1 <appendix> member <vmtarget> ; # software/amazon/awssdk/services/rekognition/model/Landmark$$Lambda+0x00000160c9519ed0
instanceKlass  @bci software/amazon/awssdk/services/rekognition/model/Landmark <clinit> ()V 22 <appendix> argL0 ; # software/amazon/awssdk/services/rekognition/model/Landmark$$Lambda+0x00000160c9519c90
instanceKlass  @bci software/amazon/awssdk/services/rekognition/model/Landmark getter (Ljava/util/function/Function;)Ljava/util/function/Function; 1 <appendix> member <vmtarget> ; # software/amazon/awssdk/services/rekognition/model/Landmark$$Lambda+0x00000160c9519a38
instanceKlass  @bci software/amazon/awssdk/services/rekognition/model/Landmark <clinit> ()V 11 <appendix> argL0 ; # software/amazon/awssdk/services/rekognition/model/Landmark$$Lambda+0x00000160c95197e8
instanceKlass  @bci software/amazon/awssdk/services/rekognition/model/EmotionsCopier copy (Ljava/util/Collection;)Ljava/util/List; 28 <appendix> member <vmtarget> ; # software/amazon/awssdk/services/rekognition/model/EmotionsCopier$$Lambda+0x00000160c95195a0
instanceKlass software/amazon/awssdk/services/rekognition/model/EmotionsCopier
instanceKlass software/amazon/awssdk/services/rekognition/model/Emotion$BuilderImpl
instanceKlass  @bci software/amazon/awssdk/services/rekognition/model/Emotion <clinit> ()V 88 <appendix> argL0 ; # software/amazon/awssdk/services/rekognition/model/Emotion$$Lambda+0x00000160c9518e60
instanceKlass  @bci software/amazon/awssdk/services/rekognition/model/Emotion <clinit> ()V 77 <appendix> argL0 ; # software/amazon/awssdk/services/rekognition/model/Emotion$$Lambda+0x00000160c9518c10
instanceKlass  @bci software/amazon/awssdk/services/rekognition/model/Emotion setter (Ljava/util/function/BiConsumer;)Ljava/util/function/BiConsumer; 1 <appendix> member <vmtarget> ; # software/amazon/awssdk/services/rekognition/model/Emotion$$Lambda+0x00000160c95189c8
instanceKlass  @bci software/amazon/awssdk/services/rekognition/model/Emotion <clinit> ()V 22 <appendix> argL0 ; # software/amazon/awssdk/services/rekognition/model/Emotion$$Lambda+0x00000160c9518788
instanceKlass  @bci software/amazon/awssdk/services/rekognition/model/Emotion getter (Ljava/util/function/Function;)Ljava/util/function/Function; 1 <appendix> member <vmtarget> ; # software/amazon/awssdk/services/rekognition/model/Emotion$$Lambda+0x00000160c9518530
instanceKlass  @bci software/amazon/awssdk/services/rekognition/model/Emotion <clinit> ()V 11 <appendix> argL0 ; # software/amazon/awssdk/services/rekognition/model/Emotion$$Lambda+0x00000160c95182e0
instanceKlass software/amazon/awssdk/services/rekognition/model/MouthOpen$BuilderImpl
instanceKlass  @bci software/amazon/awssdk/services/rekognition/model/MouthOpen <clinit> ()V 88 <appendix> argL0 ; # software/amazon/awssdk/services/rekognition/model/MouthOpen$$Lambda+0x00000160c9517b40
instanceKlass  @bci software/amazon/awssdk/services/rekognition/model/MouthOpen <clinit> ()V 77 <appendix> argL0 ; # software/amazon/awssdk/services/rekognition/model/MouthOpen$$Lambda+0x00000160c95178f0
instanceKlass  @bci software/amazon/awssdk/services/rekognition/model/MouthOpen setter (Ljava/util/function/BiConsumer;)Ljava/util/function/BiConsumer; 1 <appendix> member <vmtarget> ; # software/amazon/awssdk/services/rekognition/model/MouthOpen$$Lambda+0x00000160c95176a8
instanceKlass  @bci software/amazon/awssdk/services/rekognition/model/MouthOpen <clinit> ()V 22 <appendix> argL0 ; # software/amazon/awssdk/services/rekognition/model/MouthOpen$$Lambda+0x00000160c9517468
instanceKlass  @bci software/amazon/awssdk/services/rekognition/model/MouthOpen getter (Ljava/util/function/Function;)Ljava/util/function/Function; 1 <appendix> member <vmtarget> ; # software/amazon/awssdk/services/rekognition/model/MouthOpen$$Lambda+0x00000160c9517210
instanceKlass  @bci software/amazon/awssdk/services/rekognition/model/MouthOpen <clinit> ()V 11 <appendix> argL0 ; # software/amazon/awssdk/services/rekognition/model/MouthOpen$$Lambda+0x00000160c9516fc0
instanceKlass software/amazon/awssdk/services/rekognition/model/EyeOpen$BuilderImpl
instanceKlass  @bci software/amazon/awssdk/services/rekognition/model/EyeOpen <clinit> ()V 88 <appendix> argL0 ; # software/amazon/awssdk/services/rekognition/model/EyeOpen$$Lambda+0x00000160c9516aa0
instanceKlass  @bci software/amazon/awssdk/services/rekognition/model/EyeOpen <clinit> ()V 77 <appendix> argL0 ; # software/amazon/awssdk/services/rekognition/model/EyeOpen$$Lambda+0x00000160c9516850
instanceKlass  @bci software/amazon/awssdk/services/rekognition/model/EyeOpen setter (Ljava/util/function/BiConsumer;)Ljava/util/function/BiConsumer; 1 <appendix> member <vmtarget> ; # software/amazon/awssdk/services/rekognition/model/EyeOpen$$Lambda+0x00000160c9516608
instanceKlass  @bci software/amazon/awssdk/services/rekognition/model/EyeOpen <clinit> ()V 22 <appendix> argL0 ; # software/amazon/awssdk/services/rekognition/model/EyeOpen$$Lambda+0x00000160c95163c8
instanceKlass  @bci software/amazon/awssdk/services/rekognition/model/EyeOpen getter (Ljava/util/function/Function;)Ljava/util/function/Function; 1 <appendix> member <vmtarget> ; # software/amazon/awssdk/services/rekognition/model/EyeOpen$$Lambda+0x00000160c9516170
instanceKlass  @bci software/amazon/awssdk/services/rekognition/model/EyeOpen <clinit> ()V 11 <appendix> argL0 ; # software/amazon/awssdk/services/rekognition/model/EyeOpen$$Lambda+0x00000160c9515f20
instanceKlass software/amazon/awssdk/services/rekognition/model/Mustache$BuilderImpl
instanceKlass  @bci software/amazon/awssdk/services/rekognition/model/Mustache <clinit> ()V 88 <appendix> argL0 ; # software/amazon/awssdk/services/rekognition/model/Mustache$$Lambda+0x00000160c9515a00
instanceKlass  @bci software/amazon/awssdk/services/rekognition/model/Mustache <clinit> ()V 77 <appendix> argL0 ; # software/amazon/awssdk/services/rekognition/model/Mustache$$Lambda+0x00000160c95157b0
instanceKlass  @bci software/amazon/awssdk/services/rekognition/model/Mustache setter (Ljava/util/function/BiConsumer;)Ljava/util/function/BiConsumer; 1 <appendix> member <vmtarget> ; # software/amazon/awssdk/services/rekognition/model/Mustache$$Lambda+0x00000160c9515568
instanceKlass  @bci software/amazon/awssdk/services/rekognition/model/Mustache <clinit> ()V 22 <appendix> argL0 ; # software/amazon/awssdk/services/rekognition/model/Mustache$$Lambda+0x00000160c9515328
instanceKlass  @bci software/amazon/awssdk/services/rekognition/model/Mustache getter (Ljava/util/function/Function;)Ljava/util/function/Function; 1 <appendix> member <vmtarget> ; # software/amazon/awssdk/services/rekognition/model/Mustache$$Lambda+0x00000160c95150d0
instanceKlass  @bci software/amazon/awssdk/services/rekognition/model/Mustache <clinit> ()V 11 <appendix> argL0 ; # software/amazon/awssdk/services/rekognition/model/Mustache$$Lambda+0x00000160c9514e80
instanceKlass software/amazon/awssdk/services/rekognition/model/Beard$BuilderImpl
instanceKlass  @bci software/amazon/awssdk/services/rekognition/model/Beard <clinit> ()V 88 <appendix> argL0 ; # software/amazon/awssdk/services/rekognition/model/Beard$$Lambda+0x00000160c9514960
instanceKlass  @bci software/amazon/awssdk/services/rekognition/model/Beard <clinit> ()V 77 <appendix> argL0 ; # software/amazon/awssdk/services/rekognition/model/Beard$$Lambda+0x00000160c9514710
instanceKlass  @bci software/amazon/awssdk/services/rekognition/model/Beard setter (Ljava/util/function/BiConsumer;)Ljava/util/function/BiConsumer; 1 <appendix> member <vmtarget> ; # software/amazon/awssdk/services/rekognition/model/Beard$$Lambda+0x00000160c95144c8
instanceKlass  @bci software/amazon/awssdk/services/rekognition/model/Beard <clinit> ()V 22 <appendix> argL0 ; # software/amazon/awssdk/services/rekognition/model/Beard$$Lambda+0x00000160c9514288
instanceKlass  @bci software/amazon/awssdk/services/rekognition/model/Beard getter (Ljava/util/function/Function;)Ljava/util/function/Function; 1 <appendix> member <vmtarget> ; # software/amazon/awssdk/services/rekognition/model/Beard$$Lambda+0x00000160c9514030
instanceKlass  @bci software/amazon/awssdk/services/rekognition/model/Beard <clinit> ()V 11 <appendix> argL0 ; # software/amazon/awssdk/services/rekognition/model/Beard$$Lambda+0x00000160c9513de0
instanceKlass software/amazon/awssdk/services/rekognition/model/Gender$BuilderImpl
instanceKlass  @bci software/amazon/awssdk/services/rekognition/model/Gender <clinit> ()V 88 <appendix> argL0 ; # software/amazon/awssdk/services/rekognition/model/Gender$$Lambda+0x00000160c95138b8
instanceKlass  @bci software/amazon/awssdk/services/rekognition/model/Gender <clinit> ()V 77 <appendix> argL0 ; # software/amazon/awssdk/services/rekognition/model/Gender$$Lambda+0x00000160c9513668
instanceKlass  @bci software/amazon/awssdk/services/rekognition/model/Gender setter (Ljava/util/function/BiConsumer;)Ljava/util/function/BiConsumer; 1 <appendix> member <vmtarget> ; # software/amazon/awssdk/services/rekognition/model/Gender$$Lambda+0x00000160c9513420
instanceKlass  @bci software/amazon/awssdk/services/rekognition/model/Gender <clinit> ()V 22 <appendix> argL0 ; # software/amazon/awssdk/services/rekognition/model/Gender$$Lambda+0x00000160c95131e0
instanceKlass  @bci software/amazon/awssdk/services/rekognition/model/Gender getter (Ljava/util/function/Function;)Ljava/util/function/Function; 1 <appendix> member <vmtarget> ; # software/amazon/awssdk/services/rekognition/model/Gender$$Lambda+0x00000160c9512f88
instanceKlass  @bci software/amazon/awssdk/services/rekognition/model/Gender <clinit> ()V 11 <appendix> argL0 ; # software/amazon/awssdk/services/rekognition/model/Gender$$Lambda+0x00000160c9512d38
instanceKlass software/amazon/awssdk/services/rekognition/model/Sunglasses$BuilderImpl
instanceKlass  @bci software/amazon/awssdk/services/rekognition/model/Sunglasses <clinit> ()V 88 <appendix> argL0 ; # software/amazon/awssdk/services/rekognition/model/Sunglasses$$Lambda+0x00000160c9512818
instanceKlass  @bci software/amazon/awssdk/services/rekognition/model/Sunglasses <clinit> ()V 77 <appendix> argL0 ; # software/amazon/awssdk/services/rekognition/model/Sunglasses$$Lambda+0x00000160c95125c8
instanceKlass  @bci software/amazon/awssdk/services/rekognition/model/Sunglasses setter (Ljava/util/function/BiConsumer;)Ljava/util/function/BiConsumer; 1 <appendix> member <vmtarget> ; # software/amazon/awssdk/services/rekognition/model/Sunglasses$$Lambda+0x00000160c9512380
instanceKlass  @bci software/amazon/awssdk/services/rekognition/model/Sunglasses <clinit> ()V 22 <appendix> argL0 ; # software/amazon/awssdk/services/rekognition/model/Sunglasses$$Lambda+0x00000160c9512140
instanceKlass  @bci software/amazon/awssdk/services/rekognition/model/Sunglasses getter (Ljava/util/function/Function;)Ljava/util/function/Function; 1 <appendix> member <vmtarget> ; # software/amazon/awssdk/services/rekognition/model/Sunglasses$$Lambda+0x00000160c9511ee8
instanceKlass  @bci software/amazon/awssdk/services/rekognition/model/Sunglasses <clinit> ()V 11 <appendix> argL0 ; # software/amazon/awssdk/services/rekognition/model/Sunglasses$$Lambda+0x00000160c9511c98
instanceKlass software/amazon/awssdk/services/rekognition/model/Eyeglasses$BuilderImpl
instanceKlass  @bci software/amazon/awssdk/services/rekognition/model/Eyeglasses <clinit> ()V 88 <appendix> argL0 ; # software/amazon/awssdk/services/rekognition/model/Eyeglasses$$Lambda+0x00000160c9511778
instanceKlass  @bci software/amazon/awssdk/services/rekognition/model/Eyeglasses <clinit> ()V 77 <appendix> argL0 ; # software/amazon/awssdk/services/rekognition/model/Eyeglasses$$Lambda+0x00000160c9511528
instanceKlass  @bci software/amazon/awssdk/services/rekognition/model/Eyeglasses setter (Ljava/util/function/BiConsumer;)Ljava/util/function/BiConsumer; 1 <appendix> member <vmtarget> ; # software/amazon/awssdk/services/rekognition/model/Eyeglasses$$Lambda+0x00000160c95112e0
instanceKlass  @bci software/amazon/awssdk/services/rekognition/model/Eyeglasses <clinit> ()V 22 <appendix> argL0 ; # software/amazon/awssdk/services/rekognition/model/Eyeglasses$$Lambda+0x00000160c95110a0
instanceKlass  @bci software/amazon/awssdk/services/rekognition/model/Eyeglasses getter (Ljava/util/function/Function;)Ljava/util/function/Function; 1 <appendix> member <vmtarget> ; # software/amazon/awssdk/services/rekognition/model/Eyeglasses$$Lambda+0x00000160c9510e48
instanceKlass  @bci software/amazon/awssdk/services/rekognition/model/Eyeglasses <clinit> ()V 11 <appendix> argL0 ; # software/amazon/awssdk/services/rekognition/model/Eyeglasses$$Lambda+0x00000160c9510bf8
instanceKlass software/amazon/awssdk/services/rekognition/model/Smile$BuilderImpl
instanceKlass  @bci software/amazon/awssdk/services/rekognition/model/Smile <clinit> ()V 88 <appendix> argL0 ; # software/amazon/awssdk/services/rekognition/model/Smile$$Lambda+0x00000160c95106d8
instanceKlass  @bci software/amazon/awssdk/services/rekognition/model/Smile <clinit> ()V 77 <appendix> argL0 ; # software/amazon/awssdk/services/rekognition/model/Smile$$Lambda+0x00000160c9510488
instanceKlass  @bci software/amazon/awssdk/services/rekognition/model/Smile setter (Ljava/util/function/BiConsumer;)Ljava/util/function/BiConsumer; 1 <appendix> member <vmtarget> ; # software/amazon/awssdk/services/rekognition/model/Smile$$Lambda+0x00000160c9510240
instanceKlass  @bci software/amazon/awssdk/services/rekognition/model/Smile <clinit> ()V 22 <appendix> argL0 ; # software/amazon/awssdk/services/rekognition/model/Smile$$Lambda+0x00000160c9510000
instanceKlass  @bci software/amazon/awssdk/services/rekognition/model/Smile getter (Ljava/util/function/Function;)Ljava/util/function/Function; 1 <appendix> member <vmtarget> ; # software/amazon/awssdk/services/rekognition/model/Smile$$Lambda+0x00000160c950fc80
instanceKlass  @bci software/amazon/awssdk/services/rekognition/model/Smile <clinit> ()V 11 <appendix> argL0 ; # software/amazon/awssdk/services/rekognition/model/Smile$$Lambda+0x00000160c950fa30
instanceKlass software/amazon/awssdk/services/rekognition/model/AgeRange$BuilderImpl
instanceKlass  @bci software/amazon/awssdk/services/rekognition/model/AgeRange <clinit> ()V 88 <appendix> argL0 ; # software/amazon/awssdk/services/rekognition/model/AgeRange$$Lambda+0x00000160c950f510
instanceKlass  @bci software/amazon/awssdk/services/rekognition/model/AgeRange <clinit> ()V 77 <appendix> argL0 ; # software/amazon/awssdk/services/rekognition/model/AgeRange$$Lambda+0x00000160c950f2c0
instanceKlass  @bci software/amazon/awssdk/services/rekognition/model/AgeRange setter (Ljava/util/function/BiConsumer;)Ljava/util/function/BiConsumer; 1 <appendix> member <vmtarget> ; # software/amazon/awssdk/services/rekognition/model/AgeRange$$Lambda+0x00000160c950f078
instanceKlass  @bci software/amazon/awssdk/services/rekognition/model/AgeRange <clinit> ()V 22 <appendix> argL0 ; # software/amazon/awssdk/services/rekognition/model/AgeRange$$Lambda+0x00000160c950ee38
instanceKlass  @bci software/amazon/awssdk/services/rekognition/model/AgeRange getter (Ljava/util/function/Function;)Ljava/util/function/Function; 1 <appendix> member <vmtarget> ; # software/amazon/awssdk/services/rekognition/model/AgeRange$$Lambda+0x00000160c950ebe0
instanceKlass  @bci software/amazon/awssdk/services/rekognition/model/AgeRange <clinit> ()V 11 <appendix> argL0 ; # software/amazon/awssdk/services/rekognition/model/AgeRange$$Lambda+0x00000160c950e990
instanceKlass software/amazon/awssdk/services/rekognition/model/BoundingBox$BuilderImpl
instanceKlass  @bci software/amazon/awssdk/services/rekognition/model/BoundingBox <clinit> ()V 220 <appendix> argL0 ; # software/amazon/awssdk/services/rekognition/model/BoundingBox$$Lambda+0x00000160c950e460
instanceKlass  @bci software/amazon/awssdk/services/rekognition/model/BoundingBox <clinit> ()V 209 <appendix> argL0 ; # software/amazon/awssdk/services/rekognition/model/BoundingBox$$Lambda+0x00000160c950e210
instanceKlass  @bci software/amazon/awssdk/services/rekognition/model/BoundingBox <clinit> ()V 154 <appendix> argL0 ; # software/amazon/awssdk/services/rekognition/model/BoundingBox$$Lambda+0x00000160c950dfd0
instanceKlass  @bci software/amazon/awssdk/services/rekognition/model/BoundingBox <clinit> ()V 143 <appendix> argL0 ; # software/amazon/awssdk/services/rekognition/model/BoundingBox$$Lambda+0x00000160c950dd80
instanceKlass  @bci software/amazon/awssdk/services/rekognition/model/BoundingBox <clinit> ()V 88 <appendix> argL0 ; # software/amazon/awssdk/services/rekognition/model/BoundingBox$$Lambda+0x00000160c950db40
instanceKlass  @bci software/amazon/awssdk/services/rekognition/model/BoundingBox <clinit> ()V 77 <appendix> argL0 ; # software/amazon/awssdk/services/rekognition/model/BoundingBox$$Lambda+0x00000160c950d8f0
instanceKlass  @bci software/amazon/awssdk/services/rekognition/model/BoundingBox setter (Ljava/util/function/BiConsumer;)Ljava/util/function/BiConsumer; 1 <appendix> member <vmtarget> ; # software/amazon/awssdk/services/rekognition/model/BoundingBox$$Lambda+0x00000160c950d6a8
instanceKlass  @bci software/amazon/awssdk/services/rekognition/model/BoundingBox <clinit> ()V 22 <appendix> argL0 ; # software/amazon/awssdk/services/rekognition/model/BoundingBox$$Lambda+0x00000160c950d468
instanceKlass  @bci software/amazon/awssdk/services/rekognition/model/BoundingBox getter (Ljava/util/function/Function;)Ljava/util/function/Function; 1 <appendix> member <vmtarget> ; # software/amazon/awssdk/services/rekognition/model/BoundingBox$$Lambda+0x00000160c950d210
instanceKlass  @bci software/amazon/awssdk/services/rekognition/model/BoundingBox <clinit> ()V 11 <appendix> argL0 ; # software/amazon/awssdk/services/rekognition/model/BoundingBox$$Lambda+0x00000160c950cfc0
instanceKlass software/amazon/awssdk/services/rekognition/model/FaceDetail$BuilderImpl
instanceKlass  @bci software/amazon/awssdk/services/rekognition/model/FaceDetail <clinit> ()V 1313 <appendix> argL0 ; # software/amazon/awssdk/services/rekognition/model/FaceDetail$$Lambda+0x00000160c950c938
instanceKlass software/amazon/awssdk/services/rekognition/model/EyeDirection$Builder
instanceKlass  @bci software/amazon/awssdk/services/rekognition/model/FaceDetail <clinit> ()V 1302 <appendix> argL0 ; # software/amazon/awssdk/services/rekognition/model/FaceDetail$$Lambda+0x00000160c950c6f8
instanceKlass  @bci software/amazon/awssdk/services/rekognition/model/FaceDetail <clinit> ()V 1291 <appendix> argL0 ; # software/amazon/awssdk/services/rekognition/model/FaceDetail$$Lambda+0x00000160c950c4a8
instanceKlass software/amazon/awssdk/services/rekognition/model/EyeDirection
instanceKlass  @bci software/amazon/awssdk/services/rekognition/model/FaceDetail <clinit> ()V 1239 <appendix> argL0 ; # software/amazon/awssdk/services/rekognition/model/FaceDetail$$Lambda+0x00000160c950c010
instanceKlass software/amazon/awssdk/services/rekognition/model/FaceOccluded$Builder
instanceKlass  @bci software/amazon/awssdk/services/rekognition/model/FaceDetail <clinit> ()V 1228 <appendix> argL0 ; # software/amazon/awssdk/services/rekognition/model/FaceDetail$$Lambda+0x00000160c950bdd0
instanceKlass  @bci software/amazon/awssdk/services/rekognition/model/FaceDetail <clinit> ()V 1217 <appendix> argL0 ; # software/amazon/awssdk/services/rekognition/model/FaceDetail$$Lambda+0x00000160c950bb80
instanceKlass software/amazon/awssdk/services/rekognition/model/FaceOccluded
instanceKlass  @bci software/amazon/awssdk/services/rekognition/model/FaceDetail <clinit> ()V 1162 <appendix> argL0 ; # software/amazon/awssdk/services/rekognition/model/FaceDetail$$Lambda+0x00000160c950b6d8
instanceKlass  @bci software/amazon/awssdk/services/rekognition/model/FaceDetail <clinit> ()V 1151 <appendix> argL0 ; # software/amazon/awssdk/services/rekognition/model/FaceDetail$$Lambda+0x00000160c950b488
instanceKlass  @bci software/amazon/awssdk/services/rekognition/model/FaceDetail <clinit> ()V 1099 <appendix> argL0 ; # software/amazon/awssdk/services/rekognition/model/FaceDetail$$Lambda+0x00000160c950b258
instanceKlass software/amazon/awssdk/services/rekognition/model/ImageQuality$Builder
instanceKlass  @bci software/amazon/awssdk/services/rekognition/model/FaceDetail <clinit> ()V 1088 <appendix> argL0 ; # software/amazon/awssdk/services/rekognition/model/FaceDetail$$Lambda+0x00000160c950b018
instanceKlass  @bci software/amazon/awssdk/services/rekognition/model/FaceDetail <clinit> ()V 1077 <appendix> argL0 ; # software/amazon/awssdk/services/rekognition/model/FaceDetail$$Lambda+0x00000160c950adc8
instanceKlass software/amazon/awssdk/services/rekognition/model/ImageQuality
instanceKlass  @bci software/amazon/awssdk/services/rekognition/model/FaceDetail <clinit> ()V 1025 <appendix> argL0 ; # software/amazon/awssdk/services/rekognition/model/FaceDetail$$Lambda+0x00000160c950a930
instanceKlass software/amazon/awssdk/services/rekognition/model/Pose$Builder
instanceKlass  @bci software/amazon/awssdk/services/rekognition/model/FaceDetail <clinit> ()V 1014 <appendix> argL0 ; # software/amazon/awssdk/services/rekognition/model/FaceDetail$$Lambda+0x00000160c950a6f0
instanceKlass  @bci software/amazon/awssdk/services/rekognition/model/FaceDetail <clinit> ()V 1003 <appendix> argL0 ; # software/amazon/awssdk/services/rekognition/model/FaceDetail$$Lambda+0x00000160c950a4a0
instanceKlass software/amazon/awssdk/services/rekognition/model/Pose
instanceKlass  @bci software/amazon/awssdk/services/rekognition/model/FaceDetail <clinit> ()V 938 <appendix> argL0 ; # software/amazon/awssdk/services/rekognition/model/FaceDetail$$Lambda+0x00000160c950a008
instanceKlass software/amazon/awssdk/services/rekognition/model/Landmark$Builder
instanceKlass software/amazon/awssdk/services/rekognition/model/Landmark
instanceKlass  @bci software/amazon/awssdk/services/rekognition/model/FaceDetail <clinit> ()V 888 <appendix> argL0 ; # software/amazon/awssdk/services/rekognition/model/FaceDetail$$Lambda+0x00000160c9509b60
instanceKlass  @bci software/amazon/awssdk/services/rekognition/model/FaceDetail <clinit> ()V 877 <appendix> argL0 ; # software/amazon/awssdk/services/rekognition/model/FaceDetail$$Lambda+0x00000160c9509910
instanceKlass  @bci software/amazon/awssdk/services/rekognition/model/FaceDetail <clinit> ()V 812 <appendix> argL0 ; # software/amazon/awssdk/services/rekognition/model/FaceDetail$$Lambda+0x00000160c95096e0
instanceKlass software/amazon/awssdk/services/rekognition/model/Emotion$Builder
instanceKlass software/amazon/awssdk/services/rekognition/model/Emotion
instanceKlass  @bci software/amazon/awssdk/services/rekognition/model/FaceDetail <clinit> ()V 762 <appendix> argL0 ; # software/amazon/awssdk/services/rekognition/model/FaceDetail$$Lambda+0x00000160c9509238
instanceKlass  @bci software/amazon/awssdk/services/rekognition/model/FaceDetail <clinit> ()V 751 <appendix> argL0 ; # software/amazon/awssdk/services/rekognition/model/FaceDetail$$Lambda+0x00000160c9508fe8
instanceKlass  @bci software/amazon/awssdk/services/rekognition/model/FaceDetail <clinit> ()V 699 <appendix> argL0 ; # software/amazon/awssdk/services/rekognition/model/FaceDetail$$Lambda+0x00000160c9508db8
instanceKlass software/amazon/awssdk/services/rekognition/model/MouthOpen$Builder
instanceKlass  @bci software/amazon/awssdk/services/rekognition/model/FaceDetail <clinit> ()V 688 <appendix> argL0 ; # software/amazon/awssdk/services/rekognition/model/FaceDetail$$Lambda+0x00000160c9508b78
instanceKlass  @bci software/amazon/awssdk/services/rekognition/model/FaceDetail <clinit> ()V 677 <appendix> argL0 ; # software/amazon/awssdk/services/rekognition/model/FaceDetail$$Lambda+0x00000160c9508928
instanceKlass software/amazon/awssdk/services/rekognition/model/MouthOpen
instanceKlass  @bci software/amazon/awssdk/services/rekognition/model/FaceDetail <clinit> ()V 625 <appendix> argL0 ; # software/amazon/awssdk/services/rekognition/model/FaceDetail$$Lambda+0x00000160c9508490
instanceKlass software/amazon/awssdk/services/rekognition/model/EyeOpen$Builder
instanceKlass  @bci software/amazon/awssdk/services/rekognition/model/FaceDetail <clinit> ()V 614 <appendix> argL0 ; # software/amazon/awssdk/services/rekognition/model/FaceDetail$$Lambda+0x00000160c9508250
instanceKlass  @bci software/amazon/awssdk/services/rekognition/model/FaceDetail <clinit> ()V 603 <appendix> argL0 ; # software/amazon/awssdk/services/rekognition/model/FaceDetail$$Lambda+0x00000160c9508000
instanceKlass software/amazon/awssdk/services/rekognition/model/EyeOpen
instanceKlass  @bci software/amazon/awssdk/services/rekognition/model/FaceDetail <clinit> ()V 551 <appendix> argL0 ; # software/amazon/awssdk/services/rekognition/model/FaceDetail$$Lambda+0x00000160c9507930
instanceKlass software/amazon/awssdk/services/rekognition/model/Mustache$Builder
instanceKlass  @bci software/amazon/awssdk/services/rekognition/model/FaceDetail <clinit> ()V 540 <appendix> argL0 ; # software/amazon/awssdk/services/rekognition/model/FaceDetail$$Lambda+0x00000160c95076f0
instanceKlass  @bci software/amazon/awssdk/services/rekognition/model/FaceDetail <clinit> ()V 529 <appendix> argL0 ; # software/amazon/awssdk/services/rekognition/model/FaceDetail$$Lambda+0x00000160c95074a0
instanceKlass software/amazon/awssdk/services/rekognition/model/Mustache
instanceKlass  @bci software/amazon/awssdk/services/rekognition/model/FaceDetail <clinit> ()V 477 <appendix> argL0 ; # software/amazon/awssdk/services/rekognition/model/FaceDetail$$Lambda+0x00000160c9507008
instanceKlass software/amazon/awssdk/services/rekognition/model/Beard$Builder
instanceKlass  @bci software/amazon/awssdk/services/rekognition/model/FaceDetail <clinit> ()V 466 <appendix> argL0 ; # software/amazon/awssdk/services/rekognition/model/FaceDetail$$Lambda+0x00000160c9506dc8
instanceKlass  @bci software/amazon/awssdk/services/rekognition/model/FaceDetail <clinit> ()V 455 <appendix> argL0 ; # software/amazon/awssdk/services/rekognition/model/FaceDetail$$Lambda+0x00000160c9506b78
instanceKlass software/amazon/awssdk/services/rekognition/model/Beard
instanceKlass  @bci software/amazon/awssdk/services/rekognition/model/FaceDetail <clinit> ()V 403 <appendix> argL0 ; # software/amazon/awssdk/services/rekognition/model/FaceDetail$$Lambda+0x00000160c95066e0
instanceKlass software/amazon/awssdk/services/rekognition/model/Gender$Builder
instanceKlass  @bci software/amazon/awssdk/services/rekognition/model/FaceDetail <clinit> ()V 392 <appendix> argL0 ; # software/amazon/awssdk/services/rekognition/model/FaceDetail$$Lambda+0x00000160c95064a0
instanceKlass  @bci software/amazon/awssdk/services/rekognition/model/FaceDetail <clinit> ()V 381 <appendix> argL0 ; # software/amazon/awssdk/services/rekognition/model/FaceDetail$$Lambda+0x00000160c9506250
instanceKlass software/amazon/awssdk/services/rekognition/model/Gender
instanceKlass  @bci software/amazon/awssdk/services/rekognition/model/FaceDetail <clinit> ()V 329 <appendix> argL0 ; # software/amazon/awssdk/services/rekognition/model/FaceDetail$$Lambda+0x00000160c9505db8
instanceKlass software/amazon/awssdk/services/rekognition/model/Sunglasses$Builder
instanceKlass  @bci software/amazon/awssdk/services/rekognition/model/FaceDetail <clinit> ()V 318 <appendix> argL0 ; # software/amazon/awssdk/services/rekognition/model/FaceDetail$$Lambda+0x00000160c9505b78
instanceKlass  @bci software/amazon/awssdk/services/rekognition/model/FaceDetail <clinit> ()V 307 <appendix> argL0 ; # software/amazon/awssdk/services/rekognition/model/FaceDetail$$Lambda+0x00000160c9505928
instanceKlass software/amazon/awssdk/services/rekognition/model/Sunglasses
instanceKlass  @bci software/amazon/awssdk/services/rekognition/model/FaceDetail <clinit> ()V 255 <appendix> argL0 ; # software/amazon/awssdk/services/rekognition/model/FaceDetail$$Lambda+0x00000160c9505490
instanceKlass software/amazon/awssdk/services/rekognition/model/Eyeglasses$Builder
instanceKlass  @bci software/amazon/awssdk/services/rekognition/model/FaceDetail <clinit> ()V 244 <appendix> argL0 ; # software/amazon/awssdk/services/rekognition/model/FaceDetail$$Lambda+0x00000160c9505250
instanceKlass  @bci software/amazon/awssdk/services/rekognition/model/FaceDetail <clinit> ()V 233 <appendix> argL0 ; # software/amazon/awssdk/services/rekognition/model/FaceDetail$$Lambda+0x00000160c9505000
instanceKlass software/amazon/awssdk/services/rekognition/model/Eyeglasses
instanceKlass  @bci software/amazon/awssdk/services/rekognition/model/FaceDetail <clinit> ()V 181 <appendix> argL0 ; # software/amazon/awssdk/services/rekognition/model/FaceDetail$$Lambda+0x00000160c9504b68
instanceKlass software/amazon/awssdk/services/rekognition/model/Smile$Builder
instanceKlass  @bci software/amazon/awssdk/services/rekognition/model/FaceDetail <clinit> ()V 170 <appendix> argL0 ; # software/amazon/awssdk/services/rekognition/model/FaceDetail$$Lambda+0x00000160c9504928
instanceKlass  @bci software/amazon/awssdk/services/rekognition/model/FaceDetail <clinit> ()V 159 <appendix> argL0 ; # software/amazon/awssdk/services/rekognition/model/FaceDetail$$Lambda+0x00000160c95046d8
instanceKlass software/amazon/awssdk/services/rekognition/model/Smile
instanceKlass  @bci software/amazon/awssdk/services/rekognition/model/FaceDetail <clinit> ()V 107 <appendix> argL0 ; # software/amazon/awssdk/services/rekognition/model/FaceDetail$$Lambda+0x00000160c9504240
instanceKlass software/amazon/awssdk/services/rekognition/model/AgeRange$Builder
instanceKlass  @bci software/amazon/awssdk/services/rekognition/model/FaceDetail <clinit> ()V 96 <appendix> argL0 ; # software/amazon/awssdk/services/rekognition/model/FaceDetail$$Lambda+0x00000160c9504000
instanceKlass  @bci software/amazon/awssdk/services/rekognition/model/FaceDetail <clinit> ()V 85 <appendix> argL0 ; # software/amazon/awssdk/services/rekognition/model/FaceDetail$$Lambda+0x00000160c9503db0
instanceKlass software/amazon/awssdk/services/rekognition/model/AgeRange
instanceKlass  @bci software/amazon/awssdk/services/rekognition/model/FaceDetail <clinit> ()V 33 <appendix> argL0 ; # software/amazon/awssdk/services/rekognition/model/FaceDetail$$Lambda+0x00000160c9503918
instanceKlass software/amazon/awssdk/services/rekognition/model/BoundingBox$Builder
instanceKlass  @bci software/amazon/awssdk/services/rekognition/model/FaceDetail setter (Ljava/util/function/BiConsumer;)Ljava/util/function/BiConsumer; 1 <appendix> member <vmtarget> ; # software/amazon/awssdk/services/rekognition/model/FaceDetail$$Lambda+0x00000160c95036d0
instanceKlass  @bci software/amazon/awssdk/services/rekognition/model/FaceDetail <clinit> ()V 22 <appendix> argL0 ; # software/amazon/awssdk/services/rekognition/model/FaceDetail$$Lambda+0x00000160c9503490
instanceKlass  @bci software/amazon/awssdk/services/rekognition/model/FaceDetail getter (Ljava/util/function/Function;)Ljava/util/function/Function; 1 <appendix> member <vmtarget> ; # software/amazon/awssdk/services/rekognition/model/FaceDetail$$Lambda+0x00000160c9503238
instanceKlass  @bci software/amazon/awssdk/services/rekognition/model/FaceDetail <clinit> ()V 11 <appendix> argL0 ; # software/amazon/awssdk/services/rekognition/model/FaceDetail$$Lambda+0x00000160c9502fe8
instanceKlass software/amazon/awssdk/services/rekognition/model/BoundingBox
instanceKlass  @bci software/amazon/awssdk/protocols/json/internal/unmarshall/JsonProtocolUnmarshaller unmarshallList (Lsoftware/amazon/awssdk/protocols/json/internal/unmarshall/JsonUnmarshallerContext;Lsoftware/amazon/awssdk/protocols/jsoncore/JsonNode;Lsoftware/amazon/awssdk/core/SdkField;)Ljava/util/List; 28 <appendix> member <vmtarget> ; # software/amazon/awssdk/protocols/json/internal/unmarshall/JsonProtocolUnmarshaller$$Lambda+0x00000160c9502b28
instanceKlass software/amazon/awssdk/protocols/json/internal/MarshallerUtil$1
instanceKlass software/amazon/awssdk/protocols/json/internal/MarshallerUtil
instanceKlass software/amazon/awssdk/protocols/json/internal/unmarshall/JsonUnmarshallerContext$Builder
instanceKlass software/amazon/awssdk/protocols/jsoncore/internal/ArrayJsonNode
instanceKlass software/amazon/awssdk/protocols/jsoncore/internal/StringJsonNode
instanceKlass software/amazon/awssdk/protocols/jsoncore/internal/BooleanJsonNode
instanceKlass software/amazon/awssdk/protocols/jsoncore/internal/ObjectJsonNode
instanceKlass software/amazon/awssdk/protocols/jsoncore/internal/NumberJsonNode
instanceKlass software/amazon/awssdk/protocols/jsoncore/JsonNodeParser$1
instanceKlass software/amazon/awssdk/thirdparty/jackson/core/json/ByteSourceJsonBootstrapper
instanceKlass  @bci software/amazon/awssdk/protocols/jsoncore/JsonNodeParser parse (Ljava/io/InputStream;)Lsoftware/amazon/awssdk/protocols/jsoncore/JsonNode; 2 <appendix> member <vmtarget> ; # software/amazon/awssdk/protocols/jsoncore/JsonNodeParser$$Lambda+0x00000160c949bd50
instanceKlass  @bci software/amazon/awssdk/protocols/json/internal/unmarshall/JsonProtocolUnmarshaller hasJsonPayload (Lsoftware/amazon/awssdk/core/SdkPojo;Lsoftware/amazon/awssdk/http/SdkHttpFullResponse;)Z 12 <appendix> member <vmtarget> ; # software/amazon/awssdk/protocols/json/internal/unmarshall/JsonProtocolUnmarshaller$$Lambda+0x00000160c949bae8
instanceKlass software/amazon/awssdk/core/SdkResponse$BuilderImpl
instanceKlass  @bci software/amazon/awssdk/services/rekognition/model/DetectFacesResponse <clinit> ()V 148 <appendix> argL0 ; # software/amazon/awssdk/services/rekognition/model/DetectFacesResponse$$Lambda+0x00000160c949b480
instanceKlass  @bci software/amazon/awssdk/services/rekognition/model/DetectFacesResponse <clinit> ()V 137 <appendix> argL0 ; # software/amazon/awssdk/services/rekognition/model/DetectFacesResponse$$Lambda+0x00000160c949b230
instanceKlass  @bci software/amazon/awssdk/services/rekognition/model/DetectFacesResponse <clinit> ()V 72 <appendix> argL0 ; # software/amazon/awssdk/services/rekognition/model/DetectFacesResponse$$Lambda+0x00000160c949b000
instanceKlass software/amazon/awssdk/services/rekognition/model/FaceDetail$Builder
instanceKlass software/amazon/awssdk/services/rekognition/model/FaceDetail
instanceKlass  @bci software/amazon/awssdk/services/rekognition/model/DetectFacesResponse setter (Ljava/util/function/BiConsumer;)Ljava/util/function/BiConsumer; 1 <appendix> member <vmtarget> ; # software/amazon/awssdk/services/rekognition/model/DetectFacesResponse$$Lambda+0x00000160c949ab50
instanceKlass  @bci software/amazon/awssdk/services/rekognition/model/DetectFacesResponse <clinit> ()V 22 <appendix> argL0 ; # software/amazon/awssdk/services/rekognition/model/DetectFacesResponse$$Lambda+0x00000160c949a910
instanceKlass  @bci software/amazon/awssdk/services/rekognition/model/DetectFacesResponse getter (Ljava/util/function/Function;)Ljava/util/function/Function; 1 <appendix> member <vmtarget> ; # software/amazon/awssdk/services/rekognition/model/DetectFacesResponse$$Lambda+0x00000160c949a6b8
instanceKlass  @bci software/amazon/awssdk/services/rekognition/model/DetectFacesResponse <clinit> ()V 11 <appendix> argL0 ; # software/amazon/awssdk/services/rekognition/model/DetectFacesResponse$$Lambda+0x00000160c949a468
instanceKlass  @bci software/amazon/awssdk/protocols/json/internal/unmarshall/JsonResponseHandler handle (Lsoftware/amazon/awssdk/http/SdkHttpFullResponse;Lsoftware/amazon/awssdk/core/interceptor/ExecutionAttributes;)Lsoftware/amazon/awssdk/core/SdkPojo; 3 <appendix> argL0 ; # software/amazon/awssdk/protocols/json/internal/unmarshall/JsonResponseHandler$$Lambda+0x00000160c949a238
instanceKlass  @bci software/amazon/awssdk/core/http/MetricCollectingHttpResponseHandler handle (Lsoftware/amazon/awssdk/http/SdkHttpFullResponse;Lsoftware/amazon/awssdk/core/interceptor/ExecutionAttributes;)Ljava/lang/Object; 3 <appendix> member <vmtarget> ; # software/amazon/awssdk/core/http/MetricCollectingHttpResponseHandler$$Lambda+0x00000160c949a000
instanceKlass  @bci software/amazon/awssdk/core/http/Crc32Validation process (ZLsoftware/amazon/awssdk/http/SdkHttpFullResponse;Lsoftware/amazon/awssdk/http/AbortableInputStream;)Lsoftware/amazon/awssdk/http/AbortableInputStream; 73 <appendix> member <vmtarget> ; # software/amazon/awssdk/core/http/Crc32Validation$$Lambda+0x00000160c949fc70
instanceKlass  @bci software/amazon/awssdk/core/http/Crc32Validation shouldDecompress (Lsoftware/amazon/awssdk/http/SdkHttpFullResponse;)Z 8 <appendix> argL0 ; # software/amazon/awssdk/core/http/Crc32Validation$$Lambda+0x00000160c949fa10
instanceKlass  @bci software/amazon/awssdk/core/http/Crc32Validation getCrc32Checksum (Lsoftware/amazon/awssdk/http/SdkHttpFullResponse;)Ljava/util/Optional; 8 <appendix> argL0 ; # software/amazon/awssdk/core/http/Crc32Validation$$Lambda+0x00000160c949f7c0
instanceKlass software/amazon/awssdk/core/http/Crc32Validation
instanceKlass  @bci software/amazon/awssdk/core/SdkStandardLogger logRequestId (Lsoftware/amazon/awssdk/http/SdkHttpResponse;)V 1 <appendix> member <vmtarget> ; # software/amazon/awssdk/core/SdkStandardLogger$$Lambda+0x00000160c949ec28
instanceKlass  @bci software/amazon/awssdk/core/interceptor/ExecutionInterceptorChain beforeUnmarshalling (Lsoftware/amazon/awssdk/core/interceptor/Context$BeforeUnmarshalling;Lsoftware/amazon/awssdk/core/interceptor/ExecutionAttributes;)V 3 <appendix> member <vmtarget> ; # software/amazon/awssdk/core/interceptor/ExecutionInterceptorChain$$Lambda+0x00000160c949e9e0
instanceKlass  @bci software/amazon/awssdk/core/interceptor/ExecutionInterceptorChain afterTransmission (Lsoftware/amazon/awssdk/core/interceptor/Context$AfterTransmission;Lsoftware/amazon/awssdk/core/interceptor/ExecutionAttributes;)V 3 <appendix> member <vmtarget> ; # software/amazon/awssdk/core/interceptor/ExecutionInterceptorChain$$Lambda+0x00000160c949e798
instanceKlass  @bci software/amazon/awssdk/core/internal/http/pipeline/stages/AfterTransmissionExecutionInterceptorsStage execute (Lsoftware/amazon/awssdk/utils/Pair;Lsoftware/amazon/awssdk/core/internal/http/RequestExecutionContext;)Lsoftware/amazon/awssdk/utils/Pair; 18 <appendix> member <vmtarget> ; # software/amazon/awssdk/core/internal/http/pipeline/stages/AfterTransmissionExecutionInterceptorsStage$$Lambda+0x00000160c949e550
instanceKlass software/amazon/awssdk/http/DefaultSdkHttpFullResponse
instanceKlass software/amazon/awssdk/http/HttpExecuteResponse$BuilderImpl
instanceKlass software/amazon/awssdk/http/HttpExecuteResponse$Builder
instanceKlass software/amazon/awssdk/http/HttpExecuteResponse
instanceKlass  @bci software/amazon/awssdk/http/apache/ApacheHttpClient toAbortableInputStream (Lorg/apache/http/HttpResponse;Lorg/apache/http/client/methods/HttpRequestBase;)Lsoftware/amazon/awssdk/http/AbortableInputStream; 17 <appendix> member <vmtarget> ; # software/amazon/awssdk/http/apache/ApacheHttpClient$$Lambda+0x00000160c949d850
instanceKlass  @bci software/amazon/awssdk/http/DefaultSdkHttpFullResponse$Builder appendHeader (Ljava/lang/String;Ljava/lang/String;)Lsoftware/amazon/awssdk/http/SdkHttpFullResponse$Builder; 22 <appendix> argL0 ; # software/amazon/awssdk/http/DefaultSdkHttpFullResponse$Builder$$Lambda+0x00000160c949d600
instanceKlass software/amazon/awssdk/http/DefaultSdkHttpFullResponse$Builder
instanceKlass software/amazon/awssdk/http/SdkHttpFullResponse$Builder
instanceKlass org/apache/http/entity/HttpEntityWrapper
instanceKlass org/apache/http/conn/EofSensorWatcher
instanceKlass org/apache/http/impl/execchain/HttpResponseProxy
instanceKlass org/apache/http/message/TokenParser
instanceKlass org/apache/http/message/BasicHeaderValueParser
instanceKlass org/apache/http/message/HeaderValueParser
instanceKlass org/apache/http/message/BasicHeaderElementIterator
instanceKlass org/apache/http/HeaderElementIterator
instanceKlass org/apache/http/impl/client/DefaultConnectionKeepAliveStrategy
instanceKlass org/apache/http/message/BasicHeaderIterator
instanceKlass org/apache/http/message/BasicTokenIterator
instanceKlass org/apache/http/message/BufferedHeader
instanceKlass org/apache/http/message/BasicStatusLine
instanceKlass org/apache/http/protocol/HTTP
instanceKlass org/apache/http/FormattedHeader
instanceKlass org/apache/http/message/BasicListHeaderIterator
instanceKlass org/apache/http/impl/auth/HttpAuthenticator$1
instanceKlass  @bci software/amazon/awssdk/http/apache/internal/net/SdkSslSocket <init> (Ljavax/net/ssl/SSLSocket;)V 9 <appendix> member <vmtarget> ; # software/amazon/awssdk/http/apache/internal/net/SdkSslSocket$$Lambda+0x00000160c9492210
instanceKlass org/apache/http/conn/util/DnsUtils
instanceKlass org/apache/http/conn/ssl/DefaultHostnameVerifier$1
instanceKlass org/apache/http/conn/ssl/SubjectName
instanceKlass org/apache/http/conn/util/InetAddressUtils
instanceKlass com/sun/crypto/provider/GaloisCounterMode$EncryptOp
instanceKlass sun/security/ssl/SSLBasicKeyDerivation$SecretSizeSpec
instanceKlass sun/security/ssl/SSLBasicKeyDerivation
instanceKlass sun/security/ssl/Finished$1
instanceKlass sun/security/ssl/Finished$T13VerifyDataGenerator
instanceKlass sun/security/ssl/Finished$T12VerifyDataGenerator
instanceKlass sun/security/ssl/Finished$T10VerifyDataGenerator
instanceKlass sun/security/ssl/Finished$S30VerifyDataGenerator
instanceKlass sun/security/ssl/Finished$VerifyDataGenerator
instanceKlass sun/security/rsa/MGF1
instanceKlass sun/security/ssl/X509Authentication$X509Credentials
instanceKlass sun/security/ssl/SSLConfiguration$1
instanceKlass javax/net/ssl/SSLParameters
instanceKlass sun/security/validator/CamerfirmaTLSPolicy
instanceKlass sun/security/validator/EntrustTLSPolicy
instanceKlass sun/security/validator/SymantecTLSPolicy
instanceKlass java/security/cert/PKIXCertPathValidatorResult
instanceKlass java/security/cert/CertPathValidatorResult
instanceKlass sun/security/rsa/RSAPadding
instanceKlass sun/security/rsa/RSACore
instanceKlass java/security/interfaces/RSAPrivateCrtKey
instanceKlass java/security/interfaces/RSAPrivateKey
instanceKlass sun/security/util/SignatureUtil
instanceKlass java/security/interfaces/DSAPublicKey
instanceKlass java/security/interfaces/DSAKey
instanceKlass sun/security/provider/certpath/CertPathConstraintsParameters
instanceKlass sun/security/util/ConstraintsParameters
instanceKlass sun/security/provider/certpath/PKIXMasterCertPathValidator
instanceKlass sun/security/provider/certpath/PolicyNodeImpl
instanceKlass java/security/cert/PolicyNode
instanceKlass sun/security/util/DisabledAlgorithmConstraints$CertPathHolder
instanceKlass  @bci sun/security/x509/X509CertImpl getFingerprint (Ljava/lang/String;Lsun/security/util/Debug;)Ljava/lang/String; 7 <appendix> member <vmtarget> ; # sun/security/x509/X509CertImpl$$Lambda+0x00000160c94f8eb0
instanceKlass sun/security/util/UntrustedCertificates
instanceKlass java/security/cert/X509CertSelector
instanceKlass java/security/cert/CertSelector
instanceKlass sun/security/provider/certpath/PKIX$ValidatorParams
instanceKlass sun/security/provider/certpath/PKIX
instanceKlass java/security/cert/CertPath
instanceKlass java/security/cert/CertPathValidatorSpi
instanceKlass java/security/cert/CertPathValidator
instanceKlass java/security/cert/PKIXCertPathChecker
instanceKlass java/security/cert/CertPathChecker
instanceKlass java/security/Timestamp
instanceKlass sun/security/ssl/SSLAlgorithmConstraints$SupportedSignatureAlgorithmConstraints
instanceKlass jdk/internal/icu/impl/NormalizerImpl$IsAcceptable
instanceKlass jdk/internal/icu/impl/NormalizerImpl
instanceKlass jdk/internal/icu/impl/Norm2AllModes$Norm2AllModesSingleton
instanceKlass jdk/internal/icu/impl/Norm2AllModes$NFKCSingleton
instanceKlass jdk/internal/icu/impl/Norm2AllModes
instanceKlass jdk/internal/icu/text/Normalizer2
instanceKlass jdk/internal/icu/text/NormalizerBase$ModeImpl
instanceKlass jdk/internal/icu/text/NormalizerBase$NFKDModeImpl
instanceKlass jdk/internal/icu/text/NormalizerBase$1
instanceKlass jdk/internal/icu/text/NormalizerBase$Mode
instanceKlass jdk/internal/icu/text/NormalizerBase
instanceKlass java/text/Normalizer
instanceKlass  @bci sun/security/pkcs/PKCS9Attribute <clinit> ()V 531 <appendix> argL0 ; # sun/security/pkcs/PKCS9Attribute$$Lambda+0x00000160c94f3c90
instanceKlass  @bci sun/security/pkcs/PKCS9Attribute <clinit> ()V 526 <appendix> argL0 ; # sun/security/pkcs/PKCS9Attribute$$Lambda+0x00000160c94f3a60
instanceKlass  @bci sun/security/pkcs/PKCS9Attribute <clinit> ()V 504 <appendix> argL0 ; # sun/security/pkcs/PKCS9Attribute$$Lambda+0x00000160c94f3830
instanceKlass  @bci sun/security/pkcs/PKCS9Attribute <clinit> ()V 499 <appendix> argL0 ; # sun/security/pkcs/PKCS9Attribute$$Lambda+0x00000160c94f3600
instanceKlass  @bci sun/security/pkcs/PKCS9Attribute <clinit> ()V 477 <appendix> argL0 ; # sun/security/pkcs/PKCS9Attribute$$Lambda+0x00000160c94f33d0
instanceKlass  @bci sun/security/pkcs/PKCS9Attribute <clinit> ()V 472 <appendix> argL0 ; # sun/security/pkcs/PKCS9Attribute$$Lambda+0x00000160c94f31a0
instanceKlass sun/security/pkcs/SigningCertificateInfo
instanceKlass  @bci sun/security/pkcs/PKCS9Attribute <clinit> ()V 449 <appendix> argL0 ; # sun/security/pkcs/PKCS9Attribute$$Lambda+0x00000160c94f2d48
instanceKlass  @cpi sun/security/pkcs/PKCS9Attribute 571 form vmentry <vmtarget> ; # java/lang/invoke/LambdaForm$DMH+0x00000160c9498000
instanceKlass  @bci sun/security/pkcs/PKCS9Attribute <clinit> ()V 444 <appendix> argL0 ; # sun/security/pkcs/PKCS9Attribute$$Lambda+0x00000160c94f2b18
instanceKlass  @bci sun/security/pkcs/PKCS9Attribute <clinit> ()V 401 <appendix> argL0 ; # sun/security/pkcs/PKCS9Attribute$$Lambda+0x00000160c94f28e8
instanceKlass  @bci sun/security/pkcs/PKCS9Attribute <clinit> ()V 396 <appendix> argL0 ; # sun/security/pkcs/PKCS9Attribute$$Lambda+0x00000160c94f26b8
instanceKlass  @bci sun/security/pkcs/PKCS9Attribute <clinit> ()V 353 <appendix> argL0 ; # sun/security/pkcs/PKCS9Attribute$$Lambda+0x00000160c94f2488
instanceKlass  @bci sun/security/pkcs/PKCS9Attribute <clinit> ()V 348 <appendix> argL0 ; # sun/security/pkcs/PKCS9Attribute$$Lambda+0x00000160c94f2258
instanceKlass  @bci sun/security/pkcs/PKCS9Attribute <clinit> ()V 325 <appendix> argL0 ; # sun/security/pkcs/PKCS9Attribute$$Lambda+0x00000160c94f2028
instanceKlass  @bci sun/security/pkcs/PKCS9Attribute <clinit> ()V 320 <appendix> argL0 ; # sun/security/pkcs/PKCS9Attribute$$Lambda+0x00000160c94f1df8
instanceKlass sun/security/pkcs/SignerInfo
instanceKlass  @bci sun/security/pkcs/PKCS9Attribute <clinit> ()V 292 <appendix> argL0 ; # sun/security/pkcs/PKCS9Attribute$$Lambda+0x00000160c94f1918
instanceKlass  @bci sun/security/pkcs/PKCS9Attribute <clinit> ()V 287 <appendix> argL0 ; # sun/security/pkcs/PKCS9Attribute$$Lambda+0x00000160c94f16e8
instanceKlass  @bci sun/security/pkcs/PKCS9Attribute <clinit> ()V 265 <appendix> argL0 ; # sun/security/pkcs/PKCS9Attribute$$Lambda+0x00000160c94f14b8
instanceKlass  @bci sun/security/pkcs/PKCS9Attribute <clinit> ()V 260 <appendix> argL0 ; # sun/security/pkcs/PKCS9Attribute$$Lambda+0x00000160c94f1288
instanceKlass  @bci sun/security/pkcs/PKCS9Attribute <clinit> ()V 238 <appendix> argL0 ; # sun/security/pkcs/PKCS9Attribute$$Lambda+0x00000160c94f1058
instanceKlass  @bci sun/security/pkcs/PKCS9Attribute <clinit> ()V 233 <appendix> argL0 ; # sun/security/pkcs/PKCS9Attribute$$Lambda+0x00000160c94f0e28
instanceKlass  @bci sun/security/pkcs/PKCS9Attribute <clinit> ()V 185 <appendix> argL0 ; # sun/security/pkcs/PKCS9Attribute$$Lambda+0x00000160c94f0bf8
instanceKlass  @bci sun/security/pkcs/PKCS9Attribute <clinit> ()V 180 <appendix> argL0 ; # sun/security/pkcs/PKCS9Attribute$$Lambda+0x00000160c94f09c8
instanceKlass  @bci sun/security/pkcs/PKCS9Attribute <clinit> ()V 157 <appendix> argL0 ; # sun/security/pkcs/PKCS9Attribute$$Lambda+0x00000160c94f0578
instanceKlass sun/security/pkcs/PKCS9Attribute$Encoder
instanceKlass  @bci sun/security/pkcs/PKCS9Attribute <clinit> ()V 152 <appendix> argL0 ; # sun/security/pkcs/PKCS9Attribute$$Lambda+0x00000160c94f0348
instanceKlass sun/security/pkcs/PKCS9Attribute$Decoder
instanceKlass sun/security/pkcs/PKCS9Attribute
instanceKlass sun/security/x509/AVAKeyword
instanceKlass javax/security/auth/x500/X500Principal$1
instanceKlass jdk/internal/access/JavaxSecurityAccess
instanceKlass javax/security/auth/x500/X500Principal
instanceKlass java/security/cert/PKIXParameters
instanceKlass java/security/cert/CertPathParameters
instanceKlass sun/security/provider/certpath/CertPathHelper
instanceKlass java/security/cert/TrustAnchor
instanceKlass sun/security/validator/EndEntityChecker
instanceKlass sun/security/util/SecurityProperties
instanceKlass sun/security/validator/Validator
instanceKlass javax/net/ssl/SSLEngine
instanceKlass sun/security/ssl/CertificateMessage$CertificateEntry
instanceKlass sun/security/ssl/ServerNameExtension$SHServerNamesSpec
instanceKlass com/sun/crypto/provider/GaloisCounterMode$DecryptOp
instanceKlass com/sun/crypto/provider/GaloisCounterMode$GCMOperation
instanceKlass com/sun/crypto/provider/GHASH
instanceKlass com/sun/crypto/provider/GCM
instanceKlass com/sun/crypto/provider/GaloisCounterMode$GCMEngine
instanceKlass javax/crypto/spec/GCMParameterSpec
instanceKlass sun/security/ssl/ChangeCipherSpec$T13ChangeCipherSpecConsumer
instanceKlass sun/security/ssl/ChangeCipherSpec$T10ChangeCipherSpecProducer
instanceKlass sun/security/ssl/ChangeCipherSpec$T10ChangeCipherSpecConsumer
instanceKlass sun/security/ssl/ChangeCipherSpec
instanceKlass javax/crypto/spec/IvParameterSpec
instanceKlass sun/security/ssl/SSLTrafficKeyDerivation$T13TrafficKeyDerivation
instanceKlass sun/security/ssl/SSLTrafficKeyDerivation$1
instanceKlass sun/security/ssl/SSLTrafficKeyDerivation$T13TrafficKeyDerivationGenerator
instanceKlass sun/security/ssl/SSLTrafficKeyDerivation$T12TrafficKeyDerivationGenerator
instanceKlass sun/security/ssl/SSLTrafficKeyDerivation$T10TrafficKeyDerivationGenerator
instanceKlass sun/security/ssl/SSLTrafficKeyDerivation$S30TrafficKeyDerivationGenerator
instanceKlass sun/security/ssl/SSLKeyDerivationGenerator
instanceKlass sun/security/ssl/SSLSecretDerivation
instanceKlass sun/security/ssl/HKDF
instanceKlass javax/crypto/KeyAgreementSpi
instanceKlass sun/security/ssl/KAKeyDerivation
instanceKlass sun/security/util/Length
instanceKlass java/security/spec/ECPublicKeySpec
instanceKlass sun/security/ssl/ECDHKeyExchange$ECDHECredentials
instanceKlass sun/security/ssl/NamedGroupCredentials
instanceKlass sun/security/ssl/KeyShareExtension$SHKeyShareSpec
instanceKlass sun/security/ssl/HandshakeHash$CloneableHash
instanceKlass sun/security/ssl/HandshakeHash$T13HandshakeHash
instanceKlass sun/security/ssl/SupportedVersionsExtension$SHSupportedVersionsSpec
instanceKlass sun/security/ssl/TransportContext$1
instanceKlass sun/security/ssl/Plaintext
instanceKlass sun/security/ssl/OutputRecord$T13PaddingHolder
instanceKlass sun/security/ssl/KeyShareExtension$CHKeyShareSpec
instanceKlass sun/security/util/math/IntegerModuloP$MultiplicativeInverser$Secp256R1
instanceKlass sun/security/ec/point/MutablePoint
instanceKlass sun/security/ec/ECOperations$DefaultMultiplier
instanceKlass sun/security/ec/ECOperations$Secp256R1GeneratorMontgomeryMultiplier
instanceKlass sun/security/ec/ECOperations$PointMultiplier
instanceKlass  @bci sun/security/ec/ECPrivateKeyImpl calculatePublicKey ()Ljava/security/PublicKey; 9 <appendix> argL0 ; # sun/security/ec/ECPrivateKeyImpl$$Lambda+0x00000160c94e51d0
instanceKlass sun/security/util/ArrayUtil
instanceKlass java/security/interfaces/ECPrivateKey
instanceKlass sun/security/ec/ECOperations
instanceKlass sun/security/ssl/ECDHKeyExchange$ECDHEPossession
instanceKlass sun/security/ssl/KeyShareExtension$KeyShareEntry
instanceKlass sun/security/ssl/XDHKeyExchange$1
instanceKlass sun/security/pkcs/PKCS8Key
instanceKlass sun/security/util/InternalPrivateKey
instanceKlass java/security/interfaces/XECPrivateKey
instanceKlass java/security/PrivateKey
instanceKlass java/security/interfaces/XECPublicKey
instanceKlass java/security/interfaces/XECKey
instanceKlass java/security/KeyPair
instanceKlass java/math/MutableBigInteger
instanceKlass sun/security/util/math/IntegerModuloP$MultiplicativeInverser$Default
instanceKlass sun/security/util/math/IntegerModuloP$MultiplicativeInverser
instanceKlass sun/security/util/math/MutableIntegerModuloP
instanceKlass sun/security/jca/JCAUtil$CachedSecureRandomHolder
instanceKlass sun/security/ec/XECOperations
instanceKlass sun/security/ec/XECParameters
instanceKlass  @bci sun/security/ec/XDHKeyPairGenerator initialize (Ljava/security/spec/AlgorithmParameterSpec;Ljava/security/SecureRandom;)V 0 <appendix> argL0 ; # sun/security/ec/XDHKeyPairGenerator$$Lambda+0x00000160c94e08e8
instanceKlass sun/security/ssl/XDHKeyExchange$XDHEPossession
instanceKlass sun/security/ssl/ECDHKeyExchange$ECDHEXDHKAGenerator
instanceKlass sun/security/ssl/ECDHKeyExchange$ECDHEKAGenerator
instanceKlass sun/security/ssl/ECDHKeyExchange$ECDHKAGenerator
instanceKlass sun/security/ssl/ECDHKeyExchange$ECDHEPossessionGenerator
instanceKlass sun/security/ssl/ECDHKeyExchange
instanceKlass sun/security/ssl/DHKeyExchange$DHEKAGenerator
instanceKlass sun/security/ssl/DHKeyExchange$DHEPossessionGenerator
instanceKlass sun/security/ssl/DHKeyExchange
instanceKlass sun/security/ssl/RSAKeyExchange$RSAKAGenerator
instanceKlass sun/security/ssl/RSAKeyExchange$EphemeralRSAPossessionGenerator
instanceKlass sun/security/ssl/RSAKeyExchange
instanceKlass sun/security/ssl/SSLKeyExchange$T13KeyAgreement
instanceKlass sun/security/ssl/SSLKeyAgreement
instanceKlass sun/security/ssl/SSLPossessionGenerator
instanceKlass sun/security/ssl/SSLKeyExchange
instanceKlass sun/security/ssl/SSLHandshakeBinding
instanceKlass sun/security/ssl/SSLKeyAgreementGenerator
instanceKlass sun/security/ssl/PskKeyExchangeModesExtension$PskKeyExchangeModesSpec
instanceKlass sun/security/ssl/SupportedVersionsExtension$CHSupportedVersionsSpec
instanceKlass sun/security/ssl/SignatureAlgorithmsExtension$SignatureSchemesSpec
instanceKlass sun/security/ssl/ExtendedMasterSecretExtension$ExtendedMasterSecretSpec
instanceKlass sun/security/ssl/CertStatusExtension$CertStatusRequestV2Spec
instanceKlass sun/security/ssl/ECPointFormatsExtension$ECPointFormatsSpec
instanceKlass sun/security/ssl/SupportedGroupsExtension$SupportedGroupsSpec
instanceKlass sun/security/ssl/CertStatusExtension$CertStatusRequest
instanceKlass sun/security/ssl/CertStatusExtension$CertStatusRequestSpec
instanceKlass sun/security/ssl/ServerNameExtension$CHServerNamesSpec
instanceKlass sun/security/ssl/SSLExtension$SSLExtensionSpec
instanceKlass sun/security/ssl/SSLExtension$ClientExtensions
instanceKlass sun/security/ssl/PreSharedKeyExtension$SHPreSharedKeyStringizer
instanceKlass sun/security/ssl/PreSharedKeyExtension$SHPreSharedKeyAbsence
instanceKlass sun/security/ssl/PreSharedKeyExtension$SHPreSharedKeyConsumer
instanceKlass sun/security/ssl/PreSharedKeyExtension$SHPreSharedKeyProducer
instanceKlass sun/security/ssl/PreSharedKeyExtension$CHPreSharedKeyStringizer
instanceKlass sun/security/ssl/PreSharedKeyExtension$CHPreSharedKeyOnTradeAbsence
instanceKlass sun/security/ssl/PreSharedKeyExtension$CHPreSharedKeyUpdate
instanceKlass sun/security/ssl/PreSharedKeyExtension$CHPreSharedKeyOnLoadAbsence
instanceKlass sun/security/ssl/PreSharedKeyExtension$CHPreSharedKeyConsumer
instanceKlass sun/security/ssl/PreSharedKeyExtension$CHPreSharedKeyProducer
instanceKlass sun/security/ssl/PreSharedKeyExtension
instanceKlass sun/security/ssl/RenegoInfoExtension$RenegotiationInfoStringizer
instanceKlass sun/security/ssl/RenegoInfoExtension$SHRenegotiationInfoAbsence
instanceKlass sun/security/ssl/RenegoInfoExtension$SHRenegotiationInfoConsumer
instanceKlass sun/security/ssl/RenegoInfoExtension$SHRenegotiationInfoProducer
instanceKlass sun/security/ssl/RenegoInfoExtension$CHRenegotiationInfoAbsence
instanceKlass sun/security/ssl/RenegoInfoExtension$CHRenegotiationInfoConsumer
instanceKlass sun/security/ssl/RenegoInfoExtension$CHRenegotiationInfoProducer
instanceKlass sun/security/ssl/RenegoInfoExtension
instanceKlass sun/security/ssl/KeyShareExtension$HRRKeyShareStringizer
instanceKlass sun/security/ssl/KeyShareExtension$HRRKeyShareReproducer
instanceKlass sun/security/ssl/KeyShareExtension$HRRKeyShareConsumer
instanceKlass sun/security/ssl/KeyShareExtension$HRRKeyShareProducer
instanceKlass sun/security/ssl/KeyShareExtension$SHKeyShareStringizer
instanceKlass sun/security/ssl/KeyShareExtension$SHKeyShareAbsence
instanceKlass sun/security/ssl/KeyShareExtension$SHKeyShareConsumer
instanceKlass sun/security/ssl/KeyShareExtension$SHKeyShareProducer
instanceKlass sun/security/ssl/KeyShareExtension$CHKeyShareStringizer
instanceKlass sun/security/ssl/KeyShareExtension$CHKeyShareOnTradeAbsence
instanceKlass sun/security/ssl/KeyShareExtension$CHKeyShareConsumer
instanceKlass sun/security/ssl/KeyShareExtension$CHKeyShareProducer
instanceKlass sun/security/ssl/KeyShareExtension
instanceKlass sun/security/ssl/CertSignAlgsExtension$CertSignatureSchemesStringizer
instanceKlass sun/security/ssl/CertSignAlgsExtension$CRCertSignatureSchemesUpdate
instanceKlass sun/security/ssl/CertSignAlgsExtension$CRCertSignatureSchemesConsumer
instanceKlass sun/security/ssl/CertSignAlgsExtension$CRCertSignatureSchemesProducer
instanceKlass sun/security/ssl/CertSignAlgsExtension$CHCertSignatureSchemesUpdate
instanceKlass sun/security/ssl/CertSignAlgsExtension$CHCertSignatureSchemesConsumer
instanceKlass sun/security/ssl/CertSignAlgsExtension$CHCertSignatureSchemesProducer
instanceKlass sun/security/ssl/CertSignAlgsExtension
instanceKlass sun/security/ssl/CertificateAuthoritiesExtension$CertificateAuthoritiesStringizer
instanceKlass sun/security/ssl/CertificateAuthoritiesExtension$CRCertificateAuthoritiesConsumer
instanceKlass sun/security/ssl/CertificateAuthoritiesExtension$CRCertificateAuthoritiesProducer
instanceKlass sun/security/ssl/CertificateAuthoritiesExtension$CHCertificateAuthoritiesConsumer
instanceKlass sun/security/ssl/CertificateAuthoritiesExtension$CHCertificateAuthoritiesProducer
instanceKlass sun/security/ssl/CertificateAuthoritiesExtension
instanceKlass sun/security/ssl/PskKeyExchangeModesExtension$PskKeyExchangeModesStringizer
instanceKlass sun/security/ssl/PskKeyExchangeModesExtension$PskKeyExchangeModesOnTradeAbsence
instanceKlass sun/security/ssl/PskKeyExchangeModesExtension$PskKeyExchangeModesOnLoadAbsence
instanceKlass sun/security/ssl/PskKeyExchangeModesExtension$PskKeyExchangeModesConsumer
instanceKlass sun/security/ssl/PskKeyExchangeModesExtension$PskKeyExchangeModesProducer
instanceKlass sun/security/ssl/PskKeyExchangeModesExtension
instanceKlass sun/security/ssl/CookieExtension$CookieStringizer
instanceKlass sun/security/ssl/CookieExtension$HRRCookieReproducer
instanceKlass sun/security/ssl/CookieExtension$HRRCookieConsumer
instanceKlass sun/security/ssl/CookieExtension$HRRCookieProducer
instanceKlass sun/security/ssl/CookieExtension$CHCookieUpdate
instanceKlass sun/security/ssl/CookieExtension$CHCookieConsumer
instanceKlass sun/security/ssl/CookieExtension$CHCookieProducer
instanceKlass sun/security/ssl/CookieExtension
instanceKlass sun/security/ssl/SupportedVersionsExtension$HRRSupportedVersionsReproducer
instanceKlass sun/security/ssl/SupportedVersionsExtension$HRRSupportedVersionsConsumer
instanceKlass sun/security/ssl/SupportedVersionsExtension$HRRSupportedVersionsProducer
instanceKlass sun/security/ssl/SupportedVersionsExtension$SHSupportedVersionsStringizer
instanceKlass sun/security/ssl/SupportedVersionsExtension$SHSupportedVersionsConsumer
instanceKlass sun/security/ssl/SupportedVersionsExtension$SHSupportedVersionsProducer
instanceKlass sun/security/ssl/SupportedVersionsExtension$CHSupportedVersionsStringizer
instanceKlass sun/security/ssl/SupportedVersionsExtension$CHSupportedVersionsConsumer
instanceKlass sun/security/ssl/SupportedVersionsExtension$CHSupportedVersionsProducer
instanceKlass sun/security/ssl/SupportedVersionsExtension
instanceKlass sun/security/ssl/SignatureAlgorithmsExtension$SignatureSchemesStringizer
instanceKlass sun/security/ssl/SignatureAlgorithmsExtension$CRSignatureSchemesUpdate
instanceKlass sun/security/ssl/SignatureAlgorithmsExtension$CRSignatureSchemesAbsence
instanceKlass sun/security/ssl/SignatureAlgorithmsExtension$CRSignatureSchemesConsumer
instanceKlass sun/security/ssl/SignatureAlgorithmsExtension$CRSignatureSchemesProducer
instanceKlass sun/security/ssl/SignatureAlgorithmsExtension$CHSignatureSchemesOnTradeAbsence
instanceKlass sun/security/ssl/SignatureAlgorithmsExtension$CHSignatureSchemesUpdate
instanceKlass sun/security/ssl/SignatureAlgorithmsExtension$CHSignatureSchemesOnLoadAbsence
instanceKlass sun/security/ssl/SignatureAlgorithmsExtension$CHSignatureSchemesConsumer
instanceKlass sun/security/ssl/SignatureAlgorithmsExtension$CHSignatureSchemesProducer
instanceKlass sun/security/ssl/SignatureAlgorithmsExtension
instanceKlass sun/security/ssl/SessionTicketExtension$SessionTicketStringizer
instanceKlass sun/security/ssl/SessionTicketExtension$T12SHSessionTicketConsumer
instanceKlass sun/security/ssl/SessionTicketExtension$T12SHSessionTicketProducer
instanceKlass sun/security/ssl/SessionTicketExtension$T12CHSessionTicketConsumer
instanceKlass sun/security/ssl/SessionTicketExtension$T12CHSessionTicketProducer
instanceKlass sun/security/ssl/SessionTicketExtension
instanceKlass sun/security/ssl/ExtendedMasterSecretExtension$ExtendedMasterSecretStringizer
instanceKlass sun/security/ssl/ExtendedMasterSecretExtension$SHExtendedMasterSecretAbsence
instanceKlass sun/security/ssl/ExtendedMasterSecretExtension$SHExtendedMasterSecretConsumer
instanceKlass sun/security/ssl/ExtendedMasterSecretExtension$SHExtendedMasterSecretProducer
instanceKlass sun/security/ssl/ExtendedMasterSecretExtension$CHExtendedMasterSecretAbsence
instanceKlass sun/security/ssl/ExtendedMasterSecretExtension$CHExtendedMasterSecretConsumer
instanceKlass sun/security/ssl/ExtendedMasterSecretExtension$CHExtendedMasterSecretProducer
instanceKlass sun/security/ssl/ExtendedMasterSecretExtension
instanceKlass sun/security/ssl/AlpnExtension$AlpnStringizer
instanceKlass sun/security/ssl/AlpnExtension$SHAlpnAbsence
instanceKlass sun/security/ssl/AlpnExtension$SHAlpnConsumer
instanceKlass sun/security/ssl/AlpnExtension$SHAlpnProducer
instanceKlass sun/security/ssl/AlpnExtension$CHAlpnAbsence
instanceKlass sun/security/ssl/AlpnExtension$CHAlpnConsumer
instanceKlass sun/security/ssl/AlpnExtension$CHAlpnProducer
instanceKlass sun/security/ssl/AlpnExtension
instanceKlass sun/security/ssl/ECPointFormatsExtension$ECPointFormatsStringizer
instanceKlass sun/security/ssl/ECPointFormatsExtension$SHECPointFormatsConsumer
instanceKlass sun/security/ssl/ECPointFormatsExtension$CHECPointFormatsConsumer
instanceKlass sun/security/ssl/ECPointFormatsExtension$CHECPointFormatsProducer
instanceKlass sun/security/ssl/ECPointFormatsExtension
instanceKlass sun/security/ssl/SupportedGroupsExtension$EESupportedGroupsConsumer
instanceKlass sun/security/ssl/SupportedGroupsExtension$EESupportedGroupsProducer
instanceKlass sun/security/ssl/SupportedGroupsExtension$SupportedGroupsStringizer
instanceKlass sun/security/ssl/SupportedGroupsExtension$CHSupportedGroupsOnTradeAbsence
instanceKlass sun/security/ssl/SupportedGroupsExtension$CHSupportedGroupsConsumer
instanceKlass sun/security/ssl/SupportedGroupsExtension$CHSupportedGroupsProducer
instanceKlass sun/security/ssl/SupportedGroupsExtension
instanceKlass sun/security/ssl/CertStatusExtension$CertStatusRespStringizer
instanceKlass sun/security/ssl/CertStatusExtension$CertStatusRequestsStringizer
instanceKlass sun/security/ssl/CertStatusExtension$SHCertStatusReqV2Consumer
instanceKlass sun/security/ssl/CertStatusExtension$SHCertStatusReqV2Producer
instanceKlass sun/security/ssl/CertStatusExtension$CHCertStatusReqV2Consumer
instanceKlass sun/security/ssl/CertStatusExtension$CHCertStatusReqV2Producer
instanceKlass sun/security/ssl/CertStatusExtension$CertStatusRequestStringizer
instanceKlass sun/security/ssl/CertStatusExtension$CTCertStatusResponseConsumer
instanceKlass sun/security/ssl/CertStatusExtension$CTCertStatusResponseProducer
instanceKlass sun/security/ssl/CertStatusExtension$SHCertStatusReqConsumer
instanceKlass sun/security/ssl/CertStatusExtension$SHCertStatusReqProducer
instanceKlass sun/security/ssl/CertStatusExtension$CHCertStatusReqConsumer
instanceKlass sun/security/ssl/CertStatusExtension$CHCertStatusReqProducer
instanceKlass sun/security/ssl/CertStatusExtension
instanceKlass sun/security/ssl/MaxFragExtension$MaxFragLenStringizer
instanceKlass sun/security/ssl/MaxFragExtension$EEMaxFragmentLengthUpdate
instanceKlass sun/security/ssl/MaxFragExtension$EEMaxFragmentLengthConsumer
instanceKlass sun/security/ssl/MaxFragExtension$EEMaxFragmentLengthProducer
instanceKlass sun/security/ssl/MaxFragExtension$SHMaxFragmentLengthUpdate
instanceKlass sun/security/ssl/MaxFragExtension$SHMaxFragmentLengthConsumer
instanceKlass sun/security/ssl/MaxFragExtension$SHMaxFragmentLengthProducer
instanceKlass sun/security/ssl/MaxFragExtension$CHMaxFragmentLengthConsumer
instanceKlass sun/security/ssl/MaxFragExtension$CHMaxFragmentLengthProducer
instanceKlass sun/security/ssl/MaxFragExtension
instanceKlass sun/security/ssl/ServerNameExtension$EEServerNameConsumer
instanceKlass sun/security/ssl/ServerNameExtension$EEServerNameProducer
instanceKlass sun/security/ssl/ServerNameExtension$SHServerNamesStringizer
instanceKlass sun/security/ssl/ServerNameExtension$SHServerNameConsumer
instanceKlass sun/security/ssl/ServerNameExtension$SHServerNameProducer
instanceKlass sun/security/ssl/ServerNameExtension$CHServerNamesStringizer
instanceKlass sun/security/ssl/ServerNameExtension$CHServerNameConsumer
instanceKlass sun/security/ssl/SSLExtension$ExtensionConsumer
instanceKlass sun/security/ssl/ServerNameExtension$CHServerNameProducer
instanceKlass sun/security/ssl/ServerNameExtension
instanceKlass sun/security/ssl/SSLStringizer
instanceKlass sun/security/ssl/SSLExtensions
instanceKlass sun/security/ssl/SSLHandshake$HandshakeMessage
instanceKlass sun/security/ssl/RandomCookie
instanceKlass sun/security/util/KeyUtil
instanceKlass sun/security/ssl/SSLKeyDerivation
instanceKlass sun/security/ssl/SSLCredentials
instanceKlass sun/security/ssl/NamedGroupPossession
instanceKlass sun/security/ssl/SSLPossession
instanceKlass sun/security/ssl/HandshakeContext
instanceKlass  @bci software/amazon/awssdk/http/apache/internal/conn/SdkTlsSocketFactory prepareSocket (Ljavax/net/ssl/SSLSocket;)V 4 <appendix> member <vmtarget> ; # software/amazon/awssdk/http/apache/internal/conn/SdkTlsSocketFactory$$Lambda+0x00000160c9491310
instanceKlass jdk/internal/icu/util/CodePointTrie$Data
instanceKlass jdk/internal/icu/util/CodePointMap
instanceKlass jdk/internal/icu/impl/UCharacterProperty$IsAcceptable
instanceKlass jdk/internal/icu/impl/UCharacterProperty$IntProperty
instanceKlass jdk/internal/icu/impl/UCharacterProperty
instanceKlass jdk/internal/icu/lang/UCharacter
instanceKlass jdk/internal/icu/util/VersionInfo
instanceKlass jdk/internal/icu/impl/Trie
instanceKlass jdk/internal/icu/text/StringPrep$StringPrepTrieImpl
instanceKlass jdk/internal/icu/impl/Trie$DataManipulate
instanceKlass jdk/internal/icu/impl/StringPrepDataReader
instanceKlass jdk/internal/icu/text/StringPrep
instanceKlass java/net/IDN
instanceKlass javax/net/ssl/SNIServerName
instanceKlass sun/security/ssl/DTLSRecord
instanceKlass sun/security/ssl/SessionId
instanceKlass java/security/spec/MGF1ParameterSpec
instanceKlass sun/security/ec/ParametersMap$1
instanceKlass  @bci sun/security/ec/ed/EdDSAParameters <clinit> ()V 268 <appendix> argL0 ; # sun/security/ec/ed/EdDSAParameters$$Lambda+0x00000160c94c0510
instanceKlass sun/security/ec/ed/EdDSAParameters$SHAKE256DigesterFactory
instanceKlass sun/security/ec/point/ProjectivePoint
instanceKlass  @bci sun/security/ec/ed/EdDSAParameters <clinit> ()V 117 <appendix> argL0 ; # sun/security/ec/ed/EdDSAParameters$$Lambda+0x00000160c93ff2e0
instanceKlass sun/security/ec/ed/EdDSAParameters$SHA512DigesterFactory
instanceKlass sun/security/ec/ed/EdDSAParameters$DigesterFactory
instanceKlass sun/security/util/math/IntegerMontgomeryFieldModuloP
instanceKlass sun/security/ec/point/ExtendedHomogeneousPoint
instanceKlass sun/security/ec/point/ImmutablePoint
instanceKlass sun/security/ec/point/Point
instanceKlass sun/security/ec/point/AffinePoint
instanceKlass sun/security/util/math/intpoly/IntegerPolynomial$Limb
instanceKlass sun/security/util/math/SmallValue
instanceKlass sun/security/ec/ed/EdECOperations
instanceKlass sun/security/util/math/intpoly/IntegerPolynomial$Element
instanceKlass sun/security/util/math/ImmutableIntegerModuloP
instanceKlass sun/security/util/math/IntegerModuloP
instanceKlass sun/security/util/math/intpoly/IntegerPolynomial
instanceKlass sun/security/util/math/IntegerFieldModuloP
instanceKlass sun/security/ec/ParametersMap
instanceKlass sun/security/ec/ed/EdDSAParameters
instanceKlass  @bci sun/security/ec/ed/EdDSASignature <init> (Ljava/security/spec/NamedParameterSpec;)V 27 <appendix> argL0 ; # sun/security/ec/ed/EdDSASignature$$Lambda+0x00000160c93fd4f0
instanceKlass java/security/spec/EdDSAParameterSpec
instanceKlass javax/net/ssl/ExtendedSSLSession
instanceKlass javax/net/ssl/SSLSession
instanceKlass javax/crypto/spec/DHParameterSpec
instanceKlass sun/security/ssl/PredefinedDHParameterSpecs
instanceKlass  @bci sun/security/pkcs11/SunPKCS11 register (Lsun/security/pkcs11/SunPKCS11$Descriptor;)V 27 <appendix> argL0 ; # sun/security/pkcs11/SunPKCS11$$Lambda+0x00000160c9496300
instanceKlass sun/security/pkcs11/SunPKCS11$Descriptor
instanceKlass javax/security/auth/Subject
instanceKlass org/jcp/xml/dsig/internal/dom/XMLDSigRI$2
instanceKlass org/jcp/xml/dsig/internal/dom/XMLDSigRI$1
instanceKlass sun/security/smartcardio/SunPCSC$1
instanceKlass sun/security/jca/ProviderConfig$ProviderLoader
instanceKlass sun/security/ssl/NamedGroup$SupportedGroups
instanceKlass sun/security/ssl/SSLConfiguration$CustomizedClientSignatureSchemes
instanceKlass javax/crypto/KeyGeneratorSpi
instanceKlass javax/crypto/KeyGenerator
instanceKlass sun/security/ssl/SSLConfiguration
instanceKlass sun/security/ssl/SSLCipher$SSLWriteCipher
instanceKlass sun/security/ssl/KeyUpdate$KeyUpdateProducer
instanceKlass sun/security/ssl/KeyUpdate$KeyUpdateConsumer
instanceKlass sun/security/ssl/KeyUpdate$KeyUpdateKickstartProducer
instanceKlass sun/security/ssl/KeyUpdate
instanceKlass sun/security/ssl/CertificateStatus$CertificateStatusAbsence
instanceKlass sun/security/ssl/HandshakeAbsence
instanceKlass sun/security/ssl/CertificateStatus$CertificateStatusProducer
instanceKlass sun/security/ssl/CertificateStatus$CertificateStatusConsumer
instanceKlass sun/security/ssl/CertificateStatus
instanceKlass sun/security/ssl/Finished$T13FinishedProducer
instanceKlass sun/security/ssl/Finished$T13FinishedConsumer
instanceKlass sun/security/ssl/Finished$T12FinishedProducer
instanceKlass sun/security/ssl/Finished$T12FinishedConsumer
instanceKlass sun/security/ssl/Finished
instanceKlass sun/security/ssl/ClientKeyExchange$ClientKeyExchangeProducer
instanceKlass sun/security/ssl/ClientKeyExchange$ClientKeyExchangeConsumer
instanceKlass sun/security/ssl/ClientKeyExchange
instanceKlass sun/security/ssl/CertificateVerify$T13CertificateVerifyProducer
instanceKlass sun/security/ssl/CertificateVerify$T13CertificateVerifyConsumer
instanceKlass sun/security/ssl/CertificateVerify$T12CertificateVerifyProducer
instanceKlass sun/security/ssl/CertificateVerify$T12CertificateVerifyConsumer
instanceKlass sun/security/ssl/CertificateVerify$T10CertificateVerifyProducer
instanceKlass sun/security/ssl/CertificateVerify$T10CertificateVerifyConsumer
instanceKlass sun/security/ssl/CertificateVerify$S30CertificateVerifyProducer
instanceKlass sun/security/ssl/CertificateVerify$S30CertificateVerifyConsumer
instanceKlass sun/security/ssl/CertificateVerify
instanceKlass sun/security/ssl/ServerHelloDone$ServerHelloDoneProducer
instanceKlass sun/security/ssl/ServerHelloDone$ServerHelloDoneConsumer
instanceKlass sun/security/ssl/ServerHelloDone
instanceKlass sun/security/ssl/CertificateRequest$T13CertificateRequestProducer
instanceKlass sun/security/ssl/CertificateRequest$T13CertificateRequestConsumer
instanceKlass sun/security/ssl/CertificateRequest$T12CertificateRequestProducer
instanceKlass sun/security/ssl/CertificateRequest$T12CertificateRequestConsumer
instanceKlass sun/security/ssl/CertificateRequest$T10CertificateRequestProducer
instanceKlass sun/security/ssl/CertificateRequest$T10CertificateRequestConsumer
instanceKlass sun/security/ssl/CertificateRequest
instanceKlass sun/security/ssl/ServerKeyExchange$ServerKeyExchangeProducer
instanceKlass sun/security/ssl/ServerKeyExchange$ServerKeyExchangeConsumer
instanceKlass sun/security/ssl/ServerKeyExchange
instanceKlass sun/security/ssl/CertificateMessage$T13CertificateProducer
instanceKlass sun/security/ssl/CertificateMessage$T13CertificateConsumer
instanceKlass sun/security/ssl/CertificateMessage$T12CertificateProducer
instanceKlass sun/security/ssl/CertificateMessage$T12CertificateConsumer
instanceKlass sun/security/ssl/CertificateMessage
instanceKlass sun/security/ssl/EncryptedExtensions$EncryptedExtensionsConsumer
instanceKlass sun/security/ssl/EncryptedExtensions$EncryptedExtensionsProducer
instanceKlass sun/security/ssl/EncryptedExtensions
instanceKlass sun/security/ssl/NewSessionTicket$T12NewSessionTicketProducer
instanceKlass sun/security/ssl/NewSessionTicket$T13NewSessionTicketProducer
instanceKlass sun/security/ssl/NewSessionTicket$T12NewSessionTicketConsumer
instanceKlass sun/security/ssl/NewSessionTicket$T13NewSessionTicketConsumer
instanceKlass sun/security/ssl/NewSessionTicket
instanceKlass sun/security/ssl/HelloVerifyRequest$HelloVerifyRequestProducer
instanceKlass sun/security/ssl/HelloVerifyRequest$HelloVerifyRequestConsumer
instanceKlass sun/security/ssl/HelloVerifyRequest
instanceKlass sun/security/ssl/ServerHello$T13HelloRetryRequestConsumer
instanceKlass sun/security/ssl/ServerHello$T13ServerHelloConsumer
instanceKlass sun/security/ssl/ServerHello$T12ServerHelloConsumer
instanceKlass sun/security/ssl/ServerHello$T13HelloRetryRequestReproducer
instanceKlass sun/security/ssl/ServerHello$T13HelloRetryRequestProducer
instanceKlass sun/security/ssl/ServerHello$T13ServerHelloProducer
instanceKlass sun/security/ssl/ServerHello$T12ServerHelloProducer
instanceKlass sun/security/ssl/ServerHello$ServerHelloConsumer
instanceKlass sun/security/ssl/ServerHello
instanceKlass sun/security/ssl/ClientHello$D13ClientHelloConsumer
instanceKlass sun/security/ssl/ClientHello$D12ClientHelloConsumer
instanceKlass sun/security/ssl/ClientHello$T13ClientHelloConsumer
instanceKlass sun/security/ssl/ClientHello$T12ClientHelloConsumer
instanceKlass sun/security/ssl/HandshakeConsumer
instanceKlass sun/security/ssl/ClientHello$ClientHelloProducer
instanceKlass sun/security/ssl/ClientHello$ClientHelloConsumer
instanceKlass sun/security/ssl/ClientHello$ClientHelloKickstartProducer
instanceKlass sun/security/ssl/ClientHello
instanceKlass sun/security/ssl/HelloRequest$HelloRequestProducer
instanceKlass sun/security/ssl/HelloRequest$HelloRequestConsumer
instanceKlass sun/security/ssl/HelloRequest$HelloRequestKickstartProducer
instanceKlass sun/security/ssl/SSLProducer
instanceKlass sun/security/ssl/HelloRequest
instanceKlass sun/security/ssl/HandshakeProducer
instanceKlass sun/security/ssl/SSLConsumer
instanceKlass sun/security/ssl/Authenticator$MacImpl
instanceKlass sun/security/ssl/Authenticator$MAC
instanceKlass sun/security/ssl/Authenticator
instanceKlass sun/security/ssl/SSLCipher$SSLReadCipher
instanceKlass sun/security/ssl/InputRecord
instanceKlass sun/security/ssl/SSLRecord
instanceKlass sun/security/ssl/Record
instanceKlass sun/security/ssl/TransportContext
instanceKlass sun/security/ssl/ConnectionContext
instanceKlass sun/security/ssl/HandshakeHash$CacheOnlyHash
instanceKlass sun/security/ssl/HandshakeHash$TranscriptHash
instanceKlass sun/security/ssl/HandshakeHash
instanceKlass sun/security/ssl/SSLTransport
instanceKlass  @bci software/amazon/awssdk/http/apache/internal/conn/SdkTlsSocketFactory connectSocket (ILjava/net/Socket;Lorg/apache/http/HttpHost;Ljava/net/InetSocketAddress;Ljava/net/InetSocketAddress;Lorg/apache/http/protocol/HttpContext;)Ljava/net/Socket; 5 <appendix> member <vmtarget> ; # software/amazon/awssdk/http/apache/internal/conn/SdkTlsSocketFactory$$Lambda+0x00000160c94910d8
instanceKlass org/apache/http/conn/routing/RouteTracker
instanceKlass org/apache/http/impl/execchain/ConnectionHolder
instanceKlass org/apache/http/conn/ConnectionReleaseTrigger
instanceKlass java/time/Instant$1
instanceKlass org/apache/http/impl/conn/CPoolProxy
instanceKlass org/apache/http/impl/conn/Wire
instanceKlass org/apache/http/impl/io/AbstractMessageParser
instanceKlass org/apache/http/util/CharArrayBuffer
instanceKlass org/apache/http/impl/io/AbstractMessageWriter
instanceKlass org/apache/http/impl/HttpConnectionMetricsImpl
instanceKlass org/apache/http/impl/io/SessionOutputBufferImpl
instanceKlass org/apache/http/util/ByteArrayBuffer
instanceKlass org/apache/http/config/MessageConstraints$Builder
instanceKlass org/apache/http/config/MessageConstraints
instanceKlass org/apache/http/impl/io/SessionInputBufferImpl
instanceKlass org/apache/http/io/BufferInfo
instanceKlass org/apache/http/impl/io/HttpTransportMetricsImpl
instanceKlass org/apache/http/io/SessionInputBuffer
instanceKlass org/apache/http/io/SessionOutputBuffer
instanceKlass org/apache/http/HttpConnectionMetrics
instanceKlass org/apache/http/io/HttpTransportMetrics
instanceKlass org/apache/http/config/ConnectionConfig$Builder
instanceKlass org/apache/http/config/ConnectionConfig
instanceKlass org/apache/http/util/LangUtils
instanceKlass software/amazon/awssdk/http/apache/internal/conn/ClientConnectionRequestFactory$DelegatingConnectionRequest
instanceKlass org/apache/http/impl/conn/PoolingHttpClientConnectionManager$1
instanceKlass org/apache/http/pool/AbstractConnPool$2
instanceKlass org/apache/http/util/Asserts
instanceKlass org/apache/http/impl/execchain/RequestEntityProxy
instanceKlass org/apache/http/impl/cookie/DefaultCookieSpec
instanceKlass org/apache/http/impl/cookie/BasicDomainHandler
instanceKlass org/apache/http/impl/cookie/RFC2109DomainHandler
instanceKlass org/apache/http/impl/cookie/RFC2965DiscardAttributeHandler
instanceKlass org/apache/http/impl/cookie/RFC2965CommentUrlAttributeHandler
instanceKlass org/apache/http/impl/cookie/AbstractCookieAttributeHandler
instanceKlass org/apache/http/impl/cookie/RFC2965PortAttributeHandler
instanceKlass org/apache/http/impl/cookie/PublicSuffixDomainFilter
instanceKlass org/apache/http/impl/cookie/RFC2965DomainAttributeHandler
instanceKlass org/apache/http/impl/cookie/RFC2965VersionAttributeHandler
instanceKlass org/apache/http/cookie/SetCookie
instanceKlass org/apache/http/cookie/Cookie
instanceKlass org/apache/http/impl/cookie/AbstractCookieSpec
instanceKlass org/apache/http/cookie/CookieOrigin
instanceKlass sun/nio/cs/ThreadLocalCoders$Cache
instanceKlass sun/nio/cs/ThreadLocalCoders
instanceKlass org/apache/http/message/ParserCursor
instanceKlass org/apache/http/client/utils/URLEncodedUtils
instanceKlass org/apache/http/client/utils/URIBuilder
instanceKlass org/apache/http/conn/routing/HttpRoute
instanceKlass org/apache/http/auth/AuthState
instanceKlass org/apache/http/message/BasicRequestLine
instanceKlass org/apache/http/params/HttpProtocolParams
instanceKlass org/apache/http/params/CoreProtocolPNames
instanceKlass org/apache/http/params/AbstractHttpParams
instanceKlass org/apache/http/params/HttpParamsNames
instanceKlass org/apache/http/client/utils/URIUtils
instanceKlass software/amazon/awssdk/http/apache/internal/conn/ClientConnectionRequestFactory
instanceKlass org/apache/http/protocol/BasicHttpContext
instanceKlass org/apache/http/protocol/HttpCoreContext
instanceKlass software/amazon/awssdk/http/apache/ApacheHttpClient$1
# instanceKlass java/lang/invoke/LambdaForm$MH+0x00000160c9484800
# instanceKlass java/lang/invoke/LambdaForm$MH+0x00000160c9484400
# instanceKlass java/lang/invoke/LambdaForm$DMH+0x00000160c9484000
instanceKlass org/apache/http/HttpHost
instanceKlass software/amazon/awssdk/utils/ReflectionMethodInvoker
instanceKlass software/amazon/awssdk/http/apache/internal/utils/ApacheUtils
instanceKlass  @bci software/amazon/awssdk/http/apache/internal/impl/ApacheHttpRequestFactory addHeadersToRequest (Lorg/apache/http/client/methods/HttpRequestBase;Lsoftware/amazon/awssdk/http/SdkHttpRequest;)V 13 <appendix> member <vmtarget> ; # software/amazon/awssdk/http/apache/internal/impl/ApacheHttpRequestFactory$$Lambda+0x00000160c94825f8
instanceKlass org/apache/http/HeaderElement
instanceKlass org/apache/http/message/BasicHeader
instanceKlass  @bci software/amazon/awssdk/http/apache/internal/RepeatableInputStreamRequestEntity <init> (Lsoftware/amazon/awssdk/http/HttpExecuteRequest;)V 128 <appendix> member <vmtarget> ; # software/amazon/awssdk/http/apache/internal/RepeatableInputStreamRequestEntity$$Lambda+0x00000160c9481f38
instanceKlass  @bci software/amazon/awssdk/http/apache/internal/RepeatableInputStreamRequestEntity getContent (Ljava/util/Optional;)Ljava/io/InputStream; 9 <appendix> argL0 ; # software/amazon/awssdk/http/apache/internal/RepeatableInputStreamRequestEntity$$Lambda+0x00000160c9481a18
instanceKlass  @bci software/amazon/awssdk/http/apache/internal/RepeatableInputStreamRequestEntity getContent (Ljava/util/Optional;)Ljava/io/InputStream; 1 <appendix> argL0 ; # software/amazon/awssdk/http/apache/internal/RepeatableInputStreamRequestEntity$$Lambda+0x00000160c94817c8
instanceKlass  @bci software/amazon/awssdk/http/apache/internal/RepeatableInputStreamRequestEntity <init> (Lsoftware/amazon/awssdk/http/HttpExecuteRequest;)V 51 <appendix> member <vmtarget> ; # software/amazon/awssdk/http/apache/internal/RepeatableInputStreamRequestEntity$$Lambda+0x00000160c9481570
instanceKlass org/apache/http/entity/AbstractHttpEntity
instanceKlass java/util/concurrent/atomic/AtomicMarkableReference$Pair
instanceKlass java/util/concurrent/atomic/AtomicMarkableReference
instanceKlass org/apache/http/message/HeaderGroup
instanceKlass org/apache/http/params/HttpParams
instanceKlass software/amazon/awssdk/http/apache/internal/impl/ApacheHttpRequestFactory$1
instanceKlass software/amazon/awssdk/http/HttpMetric
instanceKlass  @bci software/amazon/awssdk/http/apache/ApacheHttpClient prepareRequest (Lsoftware/amazon/awssdk/http/HttpExecuteRequest;)Lsoftware/amazon/awssdk/http/ExecutableHttpRequest; 4 <appendix> argL0 ; # software/amazon/awssdk/http/apache/ApacheHttpClient$$Lambda+0x00000160c9480270
instanceKlass software/amazon/awssdk/http/HttpExecuteRequest$BuilderImpl
instanceKlass software/amazon/awssdk/http/HttpExecuteRequest$Builder
instanceKlass software/amazon/awssdk/http/HttpExecuteRequest
instanceKlass  @bci software/amazon/awssdk/core/interceptor/ExecutionInterceptorChain beforeTransmission (Lsoftware/amazon/awssdk/core/interceptor/Context$BeforeTransmission;Lsoftware/amazon/awssdk/core/interceptor/ExecutionAttributes;)V 6 <appendix> member <vmtarget> ; # software/amazon/awssdk/core/interceptor/ExecutionInterceptorChain$$Lambda+0x00000160c947dbc0
instanceKlass software/amazon/awssdk/http/auth/spi/internal/signer/DefaultBaseSignedRequest$BuilderImpl
instanceKlass software/amazon/awssdk/http/auth/spi/internal/signer/DefaultBaseSignedRequest
instanceKlass software/amazon/awssdk/http/auth/spi/signer/SignedRequest$Builder
instanceKlass software/amazon/awssdk/http/auth/spi/signer/BaseSignedRequest$Builder
instanceKlass software/amazon/awssdk/http/auth/spi/signer/SignedRequest
instanceKlass software/amazon/awssdk/http/auth/spi/signer/BaseSignedRequest
instanceKlass software/amazon/awssdk/utils/DateUtils
instanceKlass software/amazon/awssdk/http/auth/aws/internal/signer/util/SignerKey
instanceKlass javax/crypto/MacSpi
instanceKlass  @bci javax/crypto/spec/SecretKeySpec <clinit> ()V 0 <appendix> argL0 ; # javax/crypto/spec/SecretKeySpec$$Lambda+0x00000160c93e9d58
instanceKlass jdk/internal/access/JavaxCryptoSpecAccess
instanceKlass javax/crypto/spec/SecretKeySpec
instanceKlass javax/crypto/SecretKey
instanceKlass javax/security/auth/Destroyable
instanceKlass javax/crypto/Mac
instanceKlass  @bci software/amazon/awssdk/http/auth/aws/internal/signer/util/SignerUtils deriveSigningKey (Lsoftware/amazon/awssdk/identity/spi/AwsCredentialsIdentity;Lsoftware/amazon/awssdk/http/auth/aws/internal/signer/CredentialScope;)[B 48 <appendix> member <vmtarget> ; # software/amazon/awssdk/http/auth/aws/internal/signer/util/SignerUtils$$Lambda+0x00000160c947f8e8
instanceKlass  @bci software/amazon/awssdk/http/auth/aws/internal/signer/DefaultV4RequestSigner createSignString (Ljava/lang/String;)Ljava/lang/String; 72 <appendix> member <vmtarget> ; # software/amazon/awssdk/http/auth/aws/internal/signer/DefaultV4RequestSigner$$Lambda+0x00000160c947f6b0
instanceKlass  @bci software/amazon/awssdk/http/auth/aws/internal/signer/DefaultV4RequestSigner createSignString (Ljava/lang/String;)Ljava/lang/String; 4 <appendix> member <vmtarget> ; # software/amazon/awssdk/http/auth/aws/internal/signer/DefaultV4RequestSigner$$Lambda+0x00000160c947f478
instanceKlass  @bci software/amazon/awssdk/http/auth/aws/internal/signer/DefaultV4RequestSigner sign (Lsoftware/amazon/awssdk/http/SdkHttpRequest$Builder;)Lsoftware/amazon/awssdk/http/auth/aws/internal/signer/V4RequestSigningResult; 27 <appendix> member <vmtarget> ; # software/amazon/awssdk/http/auth/aws/internal/signer/DefaultV4RequestSigner$$Lambda+0x00000160c947f240
instanceKlass  @bci software/amazon/awssdk/http/auth/aws/internal/signer/V4CanonicalRequest getCanonicalHeadersString (Ljava/util/List;)Ljava/lang/String; 13 <appendix> member <vmtarget> ; # software/amazon/awssdk/http/auth/aws/internal/signer/V4CanonicalRequest$$Lambda+0x00000160c947eff8
instanceKlass  @bci java/util/Comparator comparing (Ljava/util/function/Function;)Ljava/util/Comparator; 6 <appendix> member <vmtarget> ; # java/util/Comparator$$Lambda+0x00000160c93e95c0
instanceKlass  @bci software/amazon/awssdk/http/auth/aws/internal/signer/V4CanonicalRequest getCanonicalHeaders (Lsoftware/amazon/awssdk/http/SdkHttpRequest;)Ljava/util/List; 27 <appendix> argL0 ; # software/amazon/awssdk/http/auth/aws/internal/signer/V4CanonicalRequest$$Lambda+0x00000160c947eda8
instanceKlass  @bci software/amazon/awssdk/http/DefaultSdkHttpFullRequest forEachHeader (Ljava/util/function/BiConsumer;)V 8 <appendix> member <vmtarget> ; # software/amazon/awssdk/http/DefaultSdkHttpFullRequest$$Lambda+0x00000160c947eb60
instanceKlass  @bci software/amazon/awssdk/http/auth/aws/internal/signer/V4CanonicalRequest getCanonicalHeaders (Lsoftware/amazon/awssdk/http/SdkHttpRequest;)Ljava/util/List; 16 <appendix> member <vmtarget> ; # software/amazon/awssdk/http/auth/aws/internal/signer/V4CanonicalRequest$$Lambda+0x00000160c947e918
instanceKlass  @bci software/amazon/awssdk/http/DefaultSdkHttpFullRequest forEachRawQueryParameter (Ljava/util/function/BiConsumer;)V 8 <appendix> member <vmtarget> ; # software/amazon/awssdk/http/DefaultSdkHttpFullRequest$$Lambda+0x00000160c947e6d0
instanceKlass  @bci software/amazon/awssdk/http/auth/aws/internal/signer/V4CanonicalRequest getCanonicalQueryParams (Lsoftware/amazon/awssdk/http/SdkHttpRequest;)Ljava/util/SortedMap; 10 <appendix> member <vmtarget> ; # software/amazon/awssdk/http/auth/aws/internal/signer/V4CanonicalRequest$$Lambda+0x00000160c947e488
instanceKlass  @bci software/amazon/awssdk/http/DefaultSdkHttpFullRequest port ()I 8 <appendix> member <vmtarget> ; # software/amazon/awssdk/http/DefaultSdkHttpFullRequest$$Lambda+0x00000160c947e250
instanceKlass  @bci software/amazon/awssdk/http/SdkHttpRequest getUri ()Ljava/net/URI; 6 <appendix> argL0 ; # software/amazon/awssdk/http/SdkHttpRequest$$Lambda+0x00000160c947e000
instanceKlass  @bci software/amazon/awssdk/utils/http/SdkHttpUtils encodeAndFlattenQueryParameters (Ljava/util/Map;)Ljava/util/Optional; 1 <appendix> argL0 ; # software/amazon/awssdk/utils/http/SdkHttpUtils$$Lambda+0x00000160c947bcd0
instanceKlass software/amazon/awssdk/http/auth/aws/internal/signer/V4CanonicalRequest$Options
instanceKlass software/amazon/awssdk/http/auth/aws/internal/signer/V4CanonicalRequest
instanceKlass software/amazon/awssdk/http/auth/aws/internal/signer/DefaultV4RequestSigner
instanceKlass  @bci software/amazon/awssdk/http/auth/aws/internal/signer/util/SignerUtils getContentHash (Lsoftware/amazon/awssdk/http/SdkHttpRequest$Builder;)Ljava/lang/String; 8 <appendix> argL0 ; # software/amazon/awssdk/http/auth/aws/internal/signer/util/SignerUtils$$Lambda+0x00000160c947b430
instanceKlass java/time/LocalTime$1
instanceKlass java/time/format/DateTimeFormatterBuilder$2
instanceKlass java/time/LocalDate$1
instanceKlass java/time/ZonedDateTime$1
instanceKlass java/time/temporal/TemporalQueries$7
instanceKlass java/time/temporal/TemporalQueries$6
instanceKlass java/time/temporal/TemporalQueries$5
instanceKlass java/time/temporal/TemporalQueries$4
instanceKlass java/time/temporal/TemporalQueries$3
instanceKlass java/time/temporal/TemporalQueries$2
instanceKlass java/time/temporal/TemporalQueries$1
instanceKlass java/time/temporal/TemporalQueries
instanceKlass java/time/format/DateTimePrintContext
instanceKlass software/amazon/awssdk/utils/internal/CodecUtils
instanceKlass software/amazon/awssdk/utils/internal/Base16Codec
instanceKlass software/amazon/awssdk/utils/internal/Base16Lower
instanceKlass  @bci software/amazon/awssdk/http/auth/aws/internal/signer/FlexibleChecksummer addChecksums (Lsoftware/amazon/awssdk/http/SdkHttpRequest$Builder;)V 5 <appendix> member <vmtarget> ; # software/amazon/awssdk/http/auth/aws/internal/signer/FlexibleChecksummer$$Lambda+0x00000160c947ab98
instanceKlass  @bci software/amazon/awssdk/core/internal/io/SdkLengthAwareInputStream read ([BII)I 11 <appendix> member <vmtarget> ; # software/amazon/awssdk/core/internal/io/SdkLengthAwareInputStream$$Lambda+0x00000160c947a960
instanceKlass  @bci software/amazon/awssdk/http/auth/aws/internal/signer/io/ChecksumInputStream read ([BII)I 25 <adapter> ; # java/lang/invoke/LambdaForm$MH+0x00000160c947c800
instanceKlass  @bci software/amazon/awssdk/http/auth/aws/internal/signer/io/ChecksumInputStream read ([BII)I 25 <appendix> form vmentry <vmtarget> ; # java/lang/invoke/LambdaForm$DMH+0x00000160c947c400
instanceKlass  @bci software/amazon/awssdk/http/auth/aws/internal/signer/io/ChecksumInputStream read ([BII)I 25 <appendix> member <vmtarget> ; # software/amazon/awssdk/http/auth/aws/internal/signer/io/ChecksumInputStream$$Lambda+0x00000160c947a718
instanceKlass  @cpi software/amazon/awssdk/http/auth/aws/internal/signer/io/ChecksumInputStream 69 form vmentry <vmtarget> ; # java/lang/invoke/LambdaForm$DMH+0x00000160c947c000
instanceKlass  @bci java/time/format/DateTimeFormatter <clinit> ()V 1075 <appendix> argL0 ; # java/time/format/DateTimeFormatter$$Lambda+0x80000001c
instanceKlass  @bci java/time/format/DateTimeFormatter <clinit> ()V 1067 <appendix> argL0 ; # java/time/format/DateTimeFormatter$$Lambda+0x80000001b
instanceKlass java/time/Period
instanceKlass java/time/chrono/ChronoPeriod
instanceKlass java/time/format/DateTimeFormatterBuilder$TextPrinterParser
instanceKlass java/time/format/DateTimeTextProvider$1
instanceKlass java/time/format/DateTimeTextProvider
instanceKlass java/time/format/DateTimeTextProvider$LocaleStore
instanceKlass java/time/format/DateTimeFormatterBuilder$InstantPrinterParser
instanceKlass java/time/format/DateTimeFormatterBuilder$StringLiteralPrinterParser
instanceKlass java/time/format/DateTimeFormatterBuilder$ZoneIdPrinterParser
instanceKlass java/time/format/DateTimeFormatterBuilder$OffsetIdPrinterParser
instanceKlass java/time/format/DecimalStyle
instanceKlass java/time/format/DateTimeFormatterBuilder$CompositePrinterParser
instanceKlass java/time/chrono/AbstractChronology
instanceKlass java/time/chrono/Chronology
instanceKlass java/time/format/DateTimeFormatterBuilder$CharLiteralPrinterParser
instanceKlass java/time/format/DateTimeFormatterBuilder$NumberPrinterParser
instanceKlass java/time/format/DateTimeFormatterBuilder$DateTimePrinterParser
instanceKlass java/time/temporal/JulianFields
instanceKlass java/time/temporal/IsoFields
instanceKlass  @bci java/time/format/DateTimeFormatterBuilder <clinit> ()V 0 <appendix> argL0 ; # java/time/format/DateTimeFormatterBuilder$$Lambda+0x80000001d
instanceKlass java/time/temporal/TemporalQuery
instanceKlass java/time/format/DateTimeFormatterBuilder
instanceKlass java/time/format/DateTimeFormatter
instanceKlass software/amazon/awssdk/http/auth/aws/internal/signer/util/FifoCache
instanceKlass software/amazon/awssdk/http/auth/aws/internal/signer/util/SignerUtils
instanceKlass software/amazon/awssdk/http/auth/aws/internal/signer/DefaultV4PayloadSigner
instanceKlass  @bci software/amazon/awssdk/http/auth/aws/internal/signer/V4RequestSigner header (Lsoftware/amazon/awssdk/http/auth/aws/internal/signer/V4Properties;)Lsoftware/amazon/awssdk/http/auth/aws/internal/signer/V4RequestSigner; 1 <appendix> member <vmtarget> ; # software/amazon/awssdk/http/auth/aws/internal/signer/V4RequestSigner$$Lambda+0x00000160c94795d8
instanceKlass software/amazon/awssdk/http/auth/aws/internal/signer/V4RequestSigningResult
instanceKlass  @bci software/amazon/awssdk/http/auth/aws/internal/signer/DefaultAwsV4HttpSigner v4RequestSigner (Lsoftware/amazon/awssdk/http/auth/spi/signer/BaseSignRequest;Lsoftware/amazon/awssdk/http/auth/aws/internal/signer/V4Properties;)Lsoftware/amazon/awssdk/http/auth/aws/internal/signer/V4RequestSigner; 121 <appendix> argL0 ; # software/amazon/awssdk/http/auth/aws/internal/signer/DefaultAwsV4HttpSigner$$Lambda+0x00000160c9479168
instanceKlass software/amazon/awssdk/http/auth/aws/internal/signer/V4RequestSigner
instanceKlass software/amazon/awssdk/http/auth/aws/internal/signer/DefaultAwsV4HttpSigner$1
instanceKlass  @bci software/amazon/awssdk/http/auth/aws/internal/signer/V4Properties <init> (Lsoftware/amazon/awssdk/http/auth/aws/internal/signer/V4Properties$Builder;)V 79 <appendix> argL0 ; # software/amazon/awssdk/http/auth/aws/internal/signer/V4Properties$$Lambda+0x00000160c94788c0
instanceKlass  @bci software/amazon/awssdk/http/auth/aws/internal/signer/V4Properties <init> (Lsoftware/amazon/awssdk/http/auth/aws/internal/signer/V4Properties$Builder;)V 57 <appendix> argL0 ; # software/amazon/awssdk/http/auth/aws/internal/signer/V4Properties$$Lambda+0x00000160c9478690
instanceKlass software/amazon/awssdk/http/auth/aws/internal/signer/V4Properties$Builder
instanceKlass software/amazon/awssdk/http/auth/aws/internal/signer/V4Properties
instanceKlass software/amazon/awssdk/http/auth/aws/internal/signer/CredentialScope
instanceKlass software/amazon/awssdk/identity/spi/internal/DefaultAwsCredentialsIdentity$Builder
instanceKlass software/amazon/awssdk/identity/spi/AwsCredentialsIdentity$Builder
instanceKlass software/amazon/awssdk/identity/spi/internal/DefaultAwsCredentialsIdentity
instanceKlass software/amazon/awssdk/identity/spi/AwsSessionCredentialsIdentity
instanceKlass  @bci software/amazon/awssdk/http/auth/aws/internal/signer/util/ChecksumUtil <clinit> ()V 60 <appendix> argL0 ; # software/amazon/awssdk/http/auth/aws/internal/signer/util/ChecksumUtil$$Lambda+0x00000160c9471a40
instanceKlass software/amazon/awssdk/http/auth/aws/internal/signer/checksums/Md5Checksum
instanceKlass  @bci software/amazon/awssdk/http/auth/aws/internal/signer/util/ChecksumUtil <clinit> ()V 47 <appendix> argL0 ; # software/amazon/awssdk/http/auth/aws/internal/signer/util/ChecksumUtil$$Lambda+0x00000160c9471520
instanceKlass software/amazon/awssdk/http/auth/aws/internal/signer/checksums/Crc32CChecksum
instanceKlass  @bci software/amazon/awssdk/http/auth/aws/internal/signer/util/ChecksumUtil <clinit> ()V 34 <appendix> argL0 ; # software/amazon/awssdk/http/auth/aws/internal/signer/util/ChecksumUtil$$Lambda+0x00000160c9471000
instanceKlass software/amazon/awssdk/http/auth/aws/internal/signer/checksums/Crc32Checksum
instanceKlass  @bci software/amazon/awssdk/http/auth/aws/internal/signer/util/ChecksumUtil <clinit> ()V 21 <appendix> argL0 ; # software/amazon/awssdk/http/auth/aws/internal/signer/util/ChecksumUtil$$Lambda+0x00000160c9473a30
instanceKlass software/amazon/awssdk/http/auth/aws/internal/signer/checksums/Sha1Checksum
instanceKlass  @bci software/amazon/awssdk/http/auth/aws/internal/signer/util/ChecksumUtil <clinit> ()V 8 <appendix> argL0 ; # software/amazon/awssdk/http/auth/aws/internal/signer/util/ChecksumUtil$$Lambda+0x00000160c9473510
instanceKlass software/amazon/awssdk/http/auth/aws/internal/signer/checksums/Sha256Checksum
instanceKlass software/amazon/awssdk/http/auth/aws/internal/signer/util/ChecksumUtil
instanceKlass  @bci java/util/stream/Collectors uniqKeysMapMerger ()Ljava/util/function/BinaryOperator; 0 <appendix> argL0 ; # java/util/stream/Collectors$$Lambda+0x00000160c93e8110
instanceKlass  @bci java/util/stream/Collectors uniqKeysMapAccumulator (Ljava/util/function/Function;Ljava/util/function/Function;)Ljava/util/function/BiConsumer; 2 <appendix> member <vmtarget> ; # java/util/stream/Collectors$$Lambda+0x00000160c93e7ec8
instanceKlass  @bci java/util/stream/Collectors toMap (Ljava/util/function/Function;Ljava/util/function/Function;)Ljava/util/stream/Collector; 4 <appendix> argL0 ; # java/util/stream/Collectors$$Lambda+0x00000160c93e7c98
instanceKlass  @bci software/amazon/awssdk/http/auth/aws/internal/signer/FlexibleChecksummer <init> ([Lsoftware/amazon/awssdk/http/auth/aws/internal/signer/FlexibleChecksummer$Option;)V 25 <appendix> argL0 ; # software/amazon/awssdk/http/auth/aws/internal/signer/FlexibleChecksummer$$Lambda+0x00000160c9472db8
instanceKlass software/amazon/awssdk/http/auth/aws/internal/signer/checksums/SdkChecksum
instanceKlass  @bci java/util/function/Function identity ()Ljava/util/function/Function; 0 <appendix> argL0 ; # java/util/function/Function$$Lambda+0x00000160c93e7a48
instanceKlass  @bci software/amazon/awssdk/http/auth/aws/internal/signer/Checksummer create ()Lsoftware/amazon/awssdk/http/auth/aws/internal/signer/Checksummer; 24 <appendix> argL0 ; # software/amazon/awssdk/http/auth/aws/internal/signer/Checksummer$$Lambda+0x00000160c9472b68
instanceKlass software/amazon/awssdk/http/auth/aws/internal/signer/FlexibleChecksummer$Option$Builder
instanceKlass software/amazon/awssdk/http/auth/aws/internal/signer/FlexibleChecksummer$Option
instanceKlass org/reactivestreams/Subscriber
instanceKlass software/amazon/awssdk/http/auth/aws/internal/signer/FlexibleChecksummer
instanceKlass software/amazon/awssdk/http/auth/aws/internal/signer/Checksummer
instanceKlass  @bci software/amazon/awssdk/http/auth/spi/signer/BaseSignRequest requireProperty (Lsoftware/amazon/awssdk/http/auth/spi/signer/SignerProperty;Ljava/lang/Object;)Ljava/lang/Object; 8 <appendix> member <vmtarget> ; # software/amazon/awssdk/http/auth/spi/signer/BaseSignRequest$$Lambda+0x00000160c9477c38
instanceKlass software/amazon/awssdk/http/auth/aws/internal/signer/util/CredentialUtils
instanceKlass  @bci software/amazon/awssdk/core/internal/http/pipeline/stages/SigningStage doSraSign (Lsoftware/amazon/awssdk/http/SdkHttpFullRequest;Lsoftware/amazon/awssdk/core/SelectedAuthScheme;Lsoftware/amazon/awssdk/identity/spi/Identity;)Lsoftware/amazon/awssdk/http/SdkHttpFullRequest; 66 <appendix> member <vmtarget> ; # software/amazon/awssdk/core/internal/http/pipeline/stages/SigningStage$$Lambda+0x00000160c94777e8
instanceKlass software/amazon/awssdk/http/auth/spi/signer/SignRequest$Builder
instanceKlass software/amazon/awssdk/http/auth/spi/internal/signer/DefaultBaseSignRequest$BuilderImpl
instanceKlass software/amazon/awssdk/http/auth/spi/signer/BaseSignRequest$Builder
instanceKlass software/amazon/awssdk/http/auth/spi/internal/signer/DefaultBaseSignRequest
instanceKlass software/amazon/awssdk/http/auth/spi/signer/SignRequest
instanceKlass  @bci software/amazon/awssdk/core/internal/http/pipeline/stages/SigningStage sraSignRequest (Lsoftware/amazon/awssdk/http/SdkHttpFullRequest;Lsoftware/amazon/awssdk/core/internal/http/RequestExecutionContext;Lsoftware/amazon/awssdk/core/SelectedAuthScheme;)Lsoftware/amazon/awssdk/http/SdkHttpFullRequest; 29 <appendix> member <vmtarget> ; # software/amazon/awssdk/core/internal/http/pipeline/stages/SigningStage$$Lambda+0x00000160c9476f98
instanceKlass  @bci software/amazon/awssdk/core/internal/http/pipeline/stages/SigningStage execute (Lsoftware/amazon/awssdk/http/SdkHttpFullRequest;Lsoftware/amazon/awssdk/core/internal/http/RequestExecutionContext;)Lsoftware/amazon/awssdk/http/SdkHttpFullRequest; 57 <appendix> member <vmtarget> ; # software/amazon/awssdk/core/internal/http/pipeline/stages/SigningStage$$Lambda+0x00000160c9476d60
instanceKlass  @bci software/amazon/awssdk/core/internal/http/pipeline/stages/SigningStage updateHttpRequestInInterceptorContext (Lsoftware/amazon/awssdk/http/SdkHttpFullRequest;Lsoftware/amazon/awssdk/core/http/ExecutionContext;)V 6 <appendix> member <vmtarget> ; # software/amazon/awssdk/core/internal/http/pipeline/stages/SigningStage$$Lambda+0x00000160c9476b18
instanceKlass  @bci software/amazon/awssdk/core/internal/http/pipeline/stages/ApiCallAttemptTimeoutTrackingStage execute (Lsoftware/amazon/awssdk/http/SdkHttpFullRequest;Lsoftware/amazon/awssdk/core/internal/http/RequestExecutionContext;)Lsoftware/amazon/awssdk/core/Response; 9 <appendix> member <vmtarget> ; # software/amazon/awssdk/core/internal/http/pipeline/stages/ApiCallAttemptTimeoutTrackingStage$$Lambda+0x00000160c94768e0
instanceKlass  @bci software/amazon/awssdk/core/internal/http/pipeline/stages/utils/RetryableStageHelper logSendingRequest ()V 4 <appendix> member <vmtarget> ; # software/amazon/awssdk/core/internal/http/pipeline/stages/utils/RetryableStageHelper$$Lambda+0x00000160c94766a8
instanceKlass software/amazon/awssdk/core/SdkStandardLogger
instanceKlass software/amazon/awssdk/core/internal/http/pipeline/stages/utils/RetryableStageHelper
instanceKlass software/amazon/awssdk/core/internal/util/HttpChecksumUtils
instanceKlass  @bci software/amazon/awssdk/core/internal/http/pipeline/stages/MergeCustomQueryParamsStage mergeParams (Lsoftware/amazon/awssdk/http/SdkHttpFullRequest$Builder;Lsoftware/amazon/awssdk/core/internal/http/RequestExecutionContext;)Ljava/util/Map; 39 <appendix> member <vmtarget> ; # software/amazon/awssdk/core/internal/http/pipeline/stages/MergeCustomQueryParamsStage$$Lambda+0x00000160c9475d78
instanceKlass  @bci software/amazon/awssdk/http/DefaultSdkHttpFullRequest$Builder forEachRawQueryParameter (Ljava/util/function/BiConsumer;)V 8 <appendix> member <vmtarget> ; # software/amazon/awssdk/http/DefaultSdkHttpFullRequest$Builder$$Lambda+0x00000160c9475b30
instanceKlass  @bci software/amazon/awssdk/core/internal/http/pipeline/stages/MergeCustomQueryParamsStage mergeParams (Lsoftware/amazon/awssdk/http/SdkHttpFullRequest$Builder;Lsoftware/amazon/awssdk/core/internal/http/RequestExecutionContext;)Ljava/util/Map; 21 <appendix> member <vmtarget> ; # software/amazon/awssdk/core/internal/http/pipeline/stages/MergeCustomQueryParamsStage$$Lambda+0x00000160c94758e8
instanceKlass  @bci software/amazon/awssdk/core/internal/http/pipeline/stages/MergeCustomHeadersStage addOverrideHeaders (Lsoftware/amazon/awssdk/http/SdkHttpFullRequest$Builder;[Ljava/util/Map;)V 25 <appendix> member <vmtarget> ; # software/amazon/awssdk/core/internal/http/pipeline/stages/MergeCustomHeadersStage$$Lambda+0x00000160c94756a0
instanceKlass  @bci software/amazon/awssdk/core/internal/http/pipeline/stages/ApplyUserAgentStage getUserAgent (Lsoftware/amazon/awssdk/core/client/config/SdkClientConfiguration;Lsoftware/amazon/awssdk/core/internal/http/RequestExecutionContext;)Ljava/lang/String; 77 <appendix> member <vmtarget> ; # software/amazon/awssdk/core/internal/http/pipeline/stages/ApplyUserAgentStage$$Lambda+0x00000160c9475458
instanceKlass  @bci software/amazon/awssdk/core/internal/http/pipeline/stages/ApplyUserAgentStage getUserAgent (Lsoftware/amazon/awssdk/core/client/config/SdkClientConfiguration;Lsoftware/amazon/awssdk/core/internal/http/RequestExecutionContext;)Ljava/lang/String; 51 <appendix> member <vmtarget> ; # software/amazon/awssdk/core/internal/http/pipeline/stages/ApplyUserAgentStage$$Lambda+0x00000160c9475210
instanceKlass  @bci software/amazon/awssdk/core/internal/useragent/IdentityProviderNameMapping mapFrom (Ljava/lang/String;)Ljava/util/Optional; 36 <appendix> member <vmtarget> ; # software/amazon/awssdk/core/internal/useragent/IdentityProviderNameMapping$$Lambda+0x00000160c9474fd8
instanceKlass  @bci software/amazon/awssdk/core/internal/useragent/IdentityProviderNameMapping mapFrom (Ljava/lang/String;)Ljava/util/Optional; 27 <appendix> argL0 ; # software/amazon/awssdk/core/internal/useragent/IdentityProviderNameMapping$$Lambda+0x00000160c9474d88
instanceKlass  @bci software/amazon/awssdk/core/internal/useragent/IdentityProviderNameMapping <clinit> ()V 351 <appendix> argL0 ; # software/amazon/awssdk/core/internal/useragent/IdentityProviderNameMapping$$Lambda+0x00000160c9474b38
instanceKlass  @bci software/amazon/awssdk/core/internal/http/pipeline/stages/ApplyUserAgentStage providerNameFromIdentity (Lsoftware/amazon/awssdk/core/SelectedAuthScheme;)Ljava/util/Optional; 19 <appendix> argL0 ; # software/amazon/awssdk/core/internal/http/pipeline/stages/ApplyUserAgentStage$$Lambda+0x00000160c94746e0
instanceKlass jdk/internal/util/HexDigits
instanceKlass java/util/UUID
instanceKlass software/amazon/awssdk/core/internal/http/InterruptMonitor
instanceKlass software/amazon/awssdk/core/internal/http/StreamManagingStage$ClosingStreamProvider
instanceKlass software/amazon/awssdk/core/internal/http/timers/NoOpTimeoutTracker
instanceKlass  @bci software/amazon/awssdk/core/internal/http/timers/TimerUtils resolveTimeoutInMillis (Ljava/util/function/Supplier;Ljava/time/Duration;)J 18 <appendix> argL0 ; # software/amazon/awssdk/core/internal/http/timers/TimerUtils$$Lambda+0x00000160c946f770
instanceKlass  @cpi software/amazon/awssdk/core/internal/http/timers/TimerUtils 111 form vmentry <vmtarget> ; # java/lang/invoke/LambdaForm$DMH+0x00000160c9470000
instanceKlass  @bci software/amazon/awssdk/core/internal/http/timers/TimerUtils resolveTimeoutInMillis (Ljava/util/function/Supplier;Ljava/time/Duration;)J 10 <appendix> member <vmtarget> ; # software/amazon/awssdk/core/internal/http/timers/TimerUtils$$Lambda+0x00000160c946f538
instanceKlass software/amazon/awssdk/core/internal/http/timers/TimeoutTask
instanceKlass software/amazon/awssdk/core/internal/http/timers/TimeoutTracker
instanceKlass software/amazon/awssdk/core/internal/http/timers/TimerUtils
instanceKlass  @bci software/amazon/awssdk/core/internal/http/pipeline/stages/ApiCallTimeoutTrackingStage executeWithTimer (Lsoftware/amazon/awssdk/http/SdkHttpFullRequest;Lsoftware/amazon/awssdk/core/internal/http/RequestExecutionContext;)Lsoftware/amazon/awssdk/core/Response; 9 <appendix> member <vmtarget> ; # software/amazon/awssdk/core/internal/http/pipeline/stages/ApiCallTimeoutTrackingStage$$Lambda+0x00000160c946f0e8
instanceKlass  @bci software/amazon/awssdk/core/internal/http/RequestExecutionContext requestConfig ()Lsoftware/amazon/awssdk/core/RequestOverrideConfiguration; 7 <appendix> argL0 ; # software/amazon/awssdk/core/internal/http/RequestExecutionContext$$Lambda+0x00000160c946ee98
instanceKlass software/amazon/awssdk/core/internal/http/RequestExecutionContext$Builder
instanceKlass  @bci software/amazon/awssdk/utils/CollectionUtils deepCopyMap (Ljava/util/Map;)Ljava/util/Map; 2 <appendix> member <vmtarget> ; # software/amazon/awssdk/utils/CollectionUtils$$Lambda+0x00000160c946ea40
instanceKlass  @bci software/amazon/awssdk/utils/UnmodifiableMapOfLists forEach (Ljava/util/function/BiConsumer;)V 5 <appendix> member <vmtarget> ; # software/amazon/awssdk/utils/UnmodifiableMapOfLists$$Lambda+0x00000160c946e7f8
instanceKlass  @bci software/amazon/awssdk/utils/CollectionUtils deepCopyMap (Ljava/util/Map;Ljava/util/function/Supplier;)Ljava/util/Map; 12 <appendix> member <vmtarget> ; # software/amazon/awssdk/utils/CollectionUtils$$Lambda+0x00000160c946e5b0
instanceKlass  @bci software/amazon/awssdk/core/RequestOverrideConfiguration <init> (Lsoftware/amazon/awssdk/core/RequestOverrideConfiguration$Builder;)V 11 <appendix> argL0 ; # software/amazon/awssdk/core/RequestOverrideConfiguration$$Lambda+0x00000160c946e380
instanceKlass software/amazon/awssdk/utils/UnmodifiableMapOfLists
instanceKlass software/amazon/awssdk/core/interceptor/ExecutionAttributes$Builder
instanceKlass software/amazon/awssdk/core/RequestOverrideConfiguration$BuilderImpl
instanceKlass software/amazon/awssdk/core/SdkRequestOverrideConfiguration$Builder
instanceKlass software/amazon/awssdk/core/internal/http/RequestExecutionContext
instanceKlass software/amazon/awssdk/core/internal/http/pipeline/stages/AfterExecutionInterceptorsStage
instanceKlass software/amazon/awssdk/core/internal/http/pipeline/stages/UnwrapResponseContainer
instanceKlass software/amazon/awssdk/core/internal/http/pipeline/stages/ApiCallMetricCollectionStage
instanceKlass software/amazon/awssdk/core/internal/http/pipeline/stages/ApiCallAttemptMetricCollectionStage
instanceKlass software/amazon/awssdk/core/internal/http/pipeline/stages/HandleResponseStage
instanceKlass software/amazon/awssdk/core/internal/http/pipeline/stages/HttpChecksumStage
instanceKlass software/amazon/awssdk/core/internal/http/pipeline/stages/CompressRequestStage
instanceKlass software/amazon/awssdk/core/internal/http/pipeline/RequestPipelineBuilder$ComposingRequestPipelineStage
instanceKlass  @bci software/amazon/awssdk/core/internal/http/AmazonSyncHttpClient$RequestExecutionBuilderImpl execute (Lsoftware/amazon/awssdk/core/http/HttpResponseHandler;)Ljava/lang/Object; 261 <appendix> argL0 ; # software/amazon/awssdk/core/internal/http/AmazonSyncHttpClient$RequestExecutionBuilderImpl$$Lambda+0x00000160c946bb48
instanceKlass software/amazon/awssdk/core/internal/http/pipeline/stages/ExecutionFailureExceptionReportingStage
instanceKlass  @bci software/amazon/awssdk/core/internal/http/AmazonSyncHttpClient$RequestExecutionBuilderImpl execute (Lsoftware/amazon/awssdk/core/http/HttpResponseHandler;)Ljava/lang/Object; 253 <appendix> argL0 ; # software/amazon/awssdk/core/internal/http/AmazonSyncHttpClient$RequestExecutionBuilderImpl$$Lambda+0x00000160c946b6e0
instanceKlass  @bci software/amazon/awssdk/core/internal/http/AmazonSyncHttpClient$RequestExecutionBuilderImpl execute (Lsoftware/amazon/awssdk/core/http/HttpResponseHandler;)Ljava/lang/Object; 245 <appendix> argL0 ; # software/amazon/awssdk/core/internal/http/AmazonSyncHttpClient$RequestExecutionBuilderImpl$$Lambda+0x00000160c946b4b0
instanceKlass  @bci software/amazon/awssdk/core/internal/http/AmazonSyncHttpClient$RequestExecutionBuilderImpl execute (Lsoftware/amazon/awssdk/core/http/HttpResponseHandler;)Ljava/lang/Object; 237 <appendix> argL0 ; # software/amazon/awssdk/core/internal/http/AmazonSyncHttpClient$RequestExecutionBuilderImpl$$Lambda+0x00000160c946b270
instanceKlass  @bci software/amazon/awssdk/core/internal/http/AmazonSyncHttpClient$RequestExecutionBuilderImpl execute (Lsoftware/amazon/awssdk/core/http/HttpResponseHandler;)Ljava/lang/Object; 229 <appendix> member <vmtarget> ; # software/amazon/awssdk/core/internal/http/AmazonSyncHttpClient$RequestExecutionBuilderImpl$$Lambda+0x00000160c946b018
instanceKlass  @bci software/amazon/awssdk/core/internal/http/AmazonSyncHttpClient$RequestExecutionBuilderImpl execute (Lsoftware/amazon/awssdk/core/http/HttpResponseHandler;)Ljava/lang/Object; 216 <appendix> argL0 ; # software/amazon/awssdk/core/internal/http/AmazonSyncHttpClient$RequestExecutionBuilderImpl$$Lambda+0x00000160c946add8
instanceKlass software/amazon/awssdk/core/internal/http/pipeline/stages/ApiCallTimeoutTrackingStage
instanceKlass  @bci software/amazon/awssdk/core/internal/http/pipeline/RequestPipelineBuilder wrappedWith (Ljava/util/function/Function;)Lsoftware/amazon/awssdk/core/internal/http/pipeline/RequestPipelineBuilder; 6 <appendix> member <vmtarget> ; # software/amazon/awssdk/core/internal/http/pipeline/RequestPipelineBuilder$$Lambda+0x00000160c946a6b0
instanceKlass  @bci software/amazon/awssdk/core/internal/http/AmazonSyncHttpClient$RequestExecutionBuilderImpl execute (Lsoftware/amazon/awssdk/core/http/HttpResponseHandler;)Ljava/lang/Object; 208 <appendix> argL0 ; # software/amazon/awssdk/core/internal/http/AmazonSyncHttpClient$RequestExecutionBuilderImpl$$Lambda+0x00000160c946a460
instanceKlass software/amazon/awssdk/core/internal/http/StreamManagingStage
instanceKlass  @bci software/amazon/awssdk/core/internal/http/AmazonSyncHttpClient$RequestExecutionBuilderImpl execute (Lsoftware/amazon/awssdk/core/http/HttpResponseHandler;)Ljava/lang/Object; 200 <appendix> member <vmtarget> ; # software/amazon/awssdk/core/internal/http/AmazonSyncHttpClient$RequestExecutionBuilderImpl$$Lambda+0x00000160c9469fd0
instanceKlass  @bci software/amazon/awssdk/core/internal/http/AmazonSyncHttpClient$RequestExecutionBuilderImpl execute (Lsoftware/amazon/awssdk/core/http/HttpResponseHandler;)Ljava/lang/Object; 187 <appendix> argL0 ; # software/amazon/awssdk/core/internal/http/AmazonSyncHttpClient$RequestExecutionBuilderImpl$$Lambda+0x00000160c9469d90
instanceKlass software/amazon/awssdk/core/internal/http/pipeline/stages/RetryableStage
instanceKlass  @bci software/amazon/awssdk/core/internal/http/AmazonSyncHttpClient$RequestExecutionBuilderImpl execute (Lsoftware/amazon/awssdk/core/http/HttpResponseHandler;)Ljava/lang/Object; 179 <appendix> argL0 ; # software/amazon/awssdk/core/internal/http/AmazonSyncHttpClient$RequestExecutionBuilderImpl$$Lambda+0x00000160c9469908
instanceKlass  @bci software/amazon/awssdk/core/internal/http/AmazonSyncHttpClient$RequestExecutionBuilderImpl execute (Lsoftware/amazon/awssdk/core/http/HttpResponseHandler;)Ljava/lang/Object; 171 <appendix> argL0 ; # software/amazon/awssdk/core/internal/http/AmazonSyncHttpClient$RequestExecutionBuilderImpl$$Lambda+0x00000160c94696c8
instanceKlass software/amazon/awssdk/core/internal/http/pipeline/stages/TimeoutExceptionHandlingStage
instanceKlass  @bci software/amazon/awssdk/core/internal/http/pipeline/RequestPipelineBuilder wrappedWith (Ljava/util/function/BiFunction;)Lsoftware/amazon/awssdk/core/internal/http/pipeline/RequestPipelineBuilder; 6 <appendix> member <vmtarget> ; # software/amazon/awssdk/core/internal/http/pipeline/RequestPipelineBuilder$$Lambda+0x00000160c9469228
instanceKlass  @bci software/amazon/awssdk/core/internal/http/AmazonSyncHttpClient$RequestExecutionBuilderImpl execute (Lsoftware/amazon/awssdk/core/http/HttpResponseHandler;)Ljava/lang/Object; 163 <appendix> argL0 ; # software/amazon/awssdk/core/internal/http/AmazonSyncHttpClient$RequestExecutionBuilderImpl$$Lambda+0x00000160c9468fe8
instanceKlass software/amazon/awssdk/core/internal/http/pipeline/stages/ApiCallAttemptTimeoutTrackingStage
instanceKlass software/amazon/awssdk/core/internal/http/pipeline/RequestToResponsePipeline
instanceKlass  @bci software/amazon/awssdk/core/internal/http/AmazonSyncHttpClient$RequestExecutionBuilderImpl execute (Lsoftware/amazon/awssdk/core/http/HttpResponseHandler;)Ljava/lang/Object; 155 <appendix> member <vmtarget> ; # software/amazon/awssdk/core/internal/http/AmazonSyncHttpClient$RequestExecutionBuilderImpl$$Lambda+0x00000160c94688e0
instanceKlass  @bci software/amazon/awssdk/core/internal/http/AmazonSyncHttpClient$RequestExecutionBuilderImpl execute (Lsoftware/amazon/awssdk/core/http/HttpResponseHandler;)Ljava/lang/Object; 146 <appendix> argL0 ; # software/amazon/awssdk/core/internal/http/AmazonSyncHttpClient$RequestExecutionBuilderImpl$$Lambda+0x00000160c94686b0
instanceKlass software/amazon/awssdk/core/internal/http/pipeline/stages/BeforeUnmarshallingExecutionInterceptorsStage
instanceKlass  @bci software/amazon/awssdk/core/internal/http/AmazonSyncHttpClient$RequestExecutionBuilderImpl execute (Lsoftware/amazon/awssdk/core/http/HttpResponseHandler;)Ljava/lang/Object; 138 <appendix> argL0 ; # software/amazon/awssdk/core/internal/http/AmazonSyncHttpClient$RequestExecutionBuilderImpl$$Lambda+0x00000160c9468240
instanceKlass software/amazon/awssdk/core/internal/http/pipeline/stages/AfterTransmissionExecutionInterceptorsStage
instanceKlass  @bci software/amazon/awssdk/core/internal/http/AmazonSyncHttpClient$RequestExecutionBuilderImpl execute (Lsoftware/amazon/awssdk/core/http/HttpResponseHandler;)Ljava/lang/Object; 130 <appendix> argL0 ; # software/amazon/awssdk/core/internal/http/AmazonSyncHttpClient$RequestExecutionBuilderImpl$$Lambda+0x00000160c9464400
instanceKlass software/amazon/awssdk/core/internal/http/pipeline/stages/MakeHttpRequestStage
instanceKlass  @bci software/amazon/awssdk/core/internal/http/AmazonSyncHttpClient$RequestExecutionBuilderImpl execute (Lsoftware/amazon/awssdk/core/http/HttpResponseHandler;)Ljava/lang/Object; 122 <appendix> argL0 ; # software/amazon/awssdk/core/internal/http/AmazonSyncHttpClient$RequestExecutionBuilderImpl$$Lambda+0x00000160c9464a50
instanceKlass software/amazon/awssdk/core/internal/http/pipeline/stages/BeforeTransmissionExecutionInterceptorsStage
instanceKlass  @bci software/amazon/awssdk/core/internal/http/AmazonSyncHttpClient$RequestExecutionBuilderImpl execute (Lsoftware/amazon/awssdk/core/http/HttpResponseHandler;)Ljava/lang/Object; 114 <appendix> argL0 ; # software/amazon/awssdk/core/internal/http/AmazonSyncHttpClient$RequestExecutionBuilderImpl$$Lambda+0x00000160c9465d60
instanceKlass software/amazon/awssdk/core/internal/http/pipeline/stages/SigningStage
instanceKlass software/amazon/awssdk/core/internal/http/pipeline/RequestToRequestPipeline
instanceKlass  @bci software/amazon/awssdk/core/internal/http/AmazonSyncHttpClient$RequestExecutionBuilderImpl execute (Lsoftware/amazon/awssdk/core/http/HttpResponseHandler;)Ljava/lang/Object; 106 <appendix> argL0 ; # software/amazon/awssdk/core/internal/http/AmazonSyncHttpClient$RequestExecutionBuilderImpl$$Lambda+0x00000160c94658d8
instanceKlass software/amazon/awssdk/core/internal/http/pipeline/stages/MakeRequestImmutableStage
instanceKlass  @bci software/amazon/awssdk/core/internal/http/AmazonSyncHttpClient$RequestExecutionBuilderImpl execute (Lsoftware/amazon/awssdk/core/http/HttpResponseHandler;)Ljava/lang/Object; 98 <appendix> argL0 ; # software/amazon/awssdk/core/internal/http/AmazonSyncHttpClient$RequestExecutionBuilderImpl$$Lambda+0x00000160c9465468
instanceKlass  @bci software/amazon/awssdk/core/internal/http/AmazonSyncHttpClient$RequestExecutionBuilderImpl execute (Lsoftware/amazon/awssdk/core/http/HttpResponseHandler;)Ljava/lang/Object; 90 <appendix> member <vmtarget> ; # software/amazon/awssdk/core/internal/http/AmazonSyncHttpClient$RequestExecutionBuilderImpl$$Lambda+0x00000160c9465230
instanceKlass  @bci software/amazon/awssdk/core/internal/http/AmazonSyncHttpClient$RequestExecutionBuilderImpl execute (Lsoftware/amazon/awssdk/core/http/HttpResponseHandler;)Ljava/lang/Object; 81 <appendix> argL0 ; # software/amazon/awssdk/core/internal/http/AmazonSyncHttpClient$RequestExecutionBuilderImpl$$Lambda+0x00000160c9465000
instanceKlass software/amazon/awssdk/core/internal/http/pipeline/stages/QueryParametersToBodyStage
instanceKlass  @bci software/amazon/awssdk/core/internal/http/AmazonSyncHttpClient$RequestExecutionBuilderImpl execute (Lsoftware/amazon/awssdk/core/http/HttpResponseHandler;)Ljava/lang/Object; 73 <appendix> argL0 ; # software/amazon/awssdk/core/internal/http/AmazonSyncHttpClient$RequestExecutionBuilderImpl$$Lambda+0x00000160c9467b68
instanceKlass software/amazon/awssdk/core/internal/http/pipeline/stages/MergeCustomQueryParamsStage
instanceKlass  @bci software/amazon/awssdk/core/internal/http/AmazonSyncHttpClient$RequestExecutionBuilderImpl execute (Lsoftware/amazon/awssdk/core/http/HttpResponseHandler;)Ljava/lang/Object; 65 <appendix> argL0 ; # software/amazon/awssdk/core/internal/http/AmazonSyncHttpClient$RequestExecutionBuilderImpl$$Lambda+0x00000160c94676c8
instanceKlass software/amazon/awssdk/core/internal/http/pipeline/stages/MergeCustomHeadersStage
instanceKlass  @bci software/amazon/awssdk/core/internal/http/pipeline/RequestPipelineBuilder then (Ljava/util/function/Function;)Lsoftware/amazon/awssdk/core/internal/http/pipeline/RequestPipelineBuilder; 6 <appendix> member <vmtarget> ; # software/amazon/awssdk/core/internal/http/pipeline/RequestPipelineBuilder$$Lambda+0x00000160c9467218
instanceKlass  @bci software/amazon/awssdk/core/internal/http/AmazonSyncHttpClient$RequestExecutionBuilderImpl execute (Lsoftware/amazon/awssdk/core/http/HttpResponseHandler;)Ljava/lang/Object; 57 <appendix> argL0 ; # software/amazon/awssdk/core/internal/http/AmazonSyncHttpClient$RequestExecutionBuilderImpl$$Lambda+0x00000160c9466fc8
instanceKlass  @bci software/amazon/awssdk/core/internal/http/pipeline/RequestPipelineBuilder then (Ljava/util/function/Supplier;)Lsoftware/amazon/awssdk/core/internal/http/pipeline/RequestPipelineBuilder; 6 <appendix> member <vmtarget> ; # software/amazon/awssdk/core/internal/http/pipeline/RequestPipelineBuilder$$Lambda+0x00000160c9466d70
instanceKlass  @bci software/amazon/awssdk/core/internal/http/AmazonSyncHttpClient$RequestExecutionBuilderImpl execute (Lsoftware/amazon/awssdk/core/http/HttpResponseHandler;)Ljava/lang/Object; 49 <appendix> argL0 ; # software/amazon/awssdk/core/internal/http/AmazonSyncHttpClient$RequestExecutionBuilderImpl$$Lambda+0x00000160c9466b40
instanceKlass software/amazon/awssdk/core/internal/http/pipeline/stages/ApplyTransactionIdStage
instanceKlass  @bci software/amazon/awssdk/core/internal/http/pipeline/RequestPipelineBuilder first (Ljava/util/function/Supplier;)Lsoftware/amazon/awssdk/core/internal/http/pipeline/RequestPipelineBuilder; 5 <appendix> member <vmtarget> ; # software/amazon/awssdk/core/internal/http/pipeline/RequestPipelineBuilder$$Lambda+0x00000160c9466690
instanceKlass software/amazon/awssdk/core/internal/http/pipeline/RequestPipelineBuilder
instanceKlass  @bci software/amazon/awssdk/core/internal/http/AmazonSyncHttpClient$RequestExecutionBuilderImpl execute (Lsoftware/amazon/awssdk/core/http/HttpResponseHandler;)Ljava/lang/Object; 41 <appendix> argL0 ; # software/amazon/awssdk/core/internal/http/AmazonSyncHttpClient$RequestExecutionBuilderImpl$$Lambda+0x00000160c9466240
instanceKlass software/amazon/awssdk/core/internal/http/pipeline/stages/MakeRequestMutableStage
instanceKlass  @bci software/amazon/awssdk/core/internal/http/AmazonSyncHttpClient$RequestExecutionBuilderImpl execute (Lsoftware/amazon/awssdk/core/http/HttpResponseHandler;)Ljava/lang/Object; 26 <appendix> member <vmtarget> ; # software/amazon/awssdk/core/internal/http/AmazonSyncHttpClient$RequestExecutionBuilderImpl$$Lambda+0x00000160c9463ca8
instanceKlass  @bci software/amazon/awssdk/core/internal/handler/BaseSyncClientHandler invoke (Lsoftware/amazon/awssdk/core/client/config/SdkClientConfiguration;Lsoftware/amazon/awssdk/http/SdkHttpFullRequest;Lsoftware/amazon/awssdk/core/SdkRequest;Lsoftware/amazon/awssdk/core/http/ExecutionContext;Lsoftware/amazon/awssdk/core/http/HttpResponseHandler;)Ljava/lang/Object; 27 <appendix> member <vmtarget> ; # software/amazon/awssdk/core/internal/handler/BaseSyncClientHandler$$Lambda+0x00000160c9463a60
instanceKlass software/amazon/awssdk/core/internal/http/AmazonSyncHttpClient$RequestExecutionBuilderImpl
instanceKlass software/amazon/awssdk/core/internal/http/AmazonSyncHttpClient$RequestExecutionBuilder
instanceKlass  @bci software/amazon/awssdk/core/interceptor/ExecutionInterceptorChain modifyHttpRequestAndHttpContent (Lsoftware/amazon/awssdk/core/interceptor/InterceptorContext;Lsoftware/amazon/awssdk/core/interceptor/ExecutionAttributes;)Lsoftware/amazon/awssdk/core/interceptor/InterceptorContext; 138 <appendix> member <vmtarget> ; # software/amazon/awssdk/core/interceptor/ExecutionInterceptorChain$$Lambda+0x00000160c9463578
instanceKlass software/amazon/awssdk/core/async/AsyncRequestBody
instanceKlass software/amazon/awssdk/core/async/SdkPublisher
instanceKlass  @bci software/amazon/awssdk/core/interceptor/ExecutionInterceptorChain validateInterceptorResult (Ljava/lang/Object;Ljava/lang/Object;Lsoftware/amazon/awssdk/core/interceptor/ExecutionInterceptor;Ljava/lang/String;)V 27 <appendix> member <vmtarget> ; # software/amazon/awssdk/core/interceptor/ExecutionInterceptorChain$$Lambda+0x00000160c9463340
instanceKlass  @bci software/amazon/awssdk/core/interceptor/ExecutionInterceptorChain validateInterceptorResult (Ljava/lang/Object;Ljava/lang/Object;Lsoftware/amazon/awssdk/core/interceptor/ExecutionInterceptor;Ljava/lang/String;)V 14 <appendix> member <vmtarget> ; # software/amazon/awssdk/core/interceptor/ExecutionInterceptorChain$$Lambda+0x00000160c9463108
instanceKlass  @bci software/amazon/awssdk/core/interceptor/ExecutionInterceptorChain afterMarshalling (Lsoftware/amazon/awssdk/core/interceptor/Context$AfterMarshalling;Lsoftware/amazon/awssdk/core/interceptor/ExecutionAttributes;)V 6 <appendix> member <vmtarget> ; # software/amazon/awssdk/core/interceptor/ExecutionInterceptorChain$$Lambda+0x00000160c94629c8
instanceKlass software/amazon/awssdk/core/internal/io/Releasable
instanceKlass software/amazon/awssdk/core/sync/RequestBody
instanceKlass  @bci software/amazon/awssdk/core/internal/handler/BaseClientHandler getBody (Lsoftware/amazon/awssdk/http/SdkHttpFullRequest;)Lsoftware/amazon/awssdk/core/sync/RequestBody; 82 <appendix> member <vmtarget> ; # software/amazon/awssdk/core/internal/handler/BaseClientHandler$$Lambda+0x00000160c9461fa0
instanceKlass  @cpi software/amazon/awssdk/core/internal/handler/BaseClientHandler 411 form vmentry <vmtarget> ; # java/lang/invoke/LambdaForm$DMH+0x00000160c9464000
instanceKlass  @bci software/amazon/awssdk/core/internal/handler/BaseClientHandler addHttpRequest (Lsoftware/amazon/awssdk/core/http/ExecutionContext;Lsoftware/amazon/awssdk/http/SdkHttpFullRequest;)V 21 <appendix> member <vmtarget> ; # software/amazon/awssdk/core/internal/handler/BaseClientHandler$$Lambda+0x00000160c9461d58
instanceKlass  @bci software/amazon/awssdk/internal/http/LowCopyListMap$ForBuildable <init> (Lsoftware/amazon/awssdk/internal/http/LowCopyListMap$ForBuilder;)V 26 <appendix> member <vmtarget> ; # software/amazon/awssdk/internal/http/LowCopyListMap$ForBuildable$$Lambda+0x00000160c9461b20
instanceKlass software/amazon/awssdk/internal/http/LowCopyListMap$ForBuildable
instanceKlass software/amazon/awssdk/http/DefaultSdkHttpFullRequest
instanceKlass  @bci software/amazon/awssdk/protocols/json/internal/marshall/JsonProtocolMarshaller finishMarshalling ()Lsoftware/amazon/awssdk/http/SdkHttpFullRequest; 48 <appendix> member <vmtarget> ; # software/amazon/awssdk/protocols/json/internal/marshall/JsonProtocolMarshaller$$Lambda+0x00000160c9461348
instanceKlass software/amazon/awssdk/http/ContentStreamProvider
instanceKlass software/amazon/awssdk/core/traits/RequiredTrait
instanceKlass software/amazon/awssdk/thirdparty/jackson/core/Base64Variant
instanceKlass software/amazon/awssdk/thirdparty/jackson/core/Base64Variants
instanceKlass software/amazon/awssdk/utils/BinaryUtils
instanceKlass software/amazon/awssdk/core/traits/PayloadTrait
instanceKlass software/amazon/awssdk/core/traits/DefaultValueTrait
instanceKlass software/amazon/awssdk/protocols/json/internal/marshall/NullAsEmptyBodyProtocolRequestMarshaller
instanceKlass software/amazon/awssdk/protocols/json/internal/marshall/JsonMarshallerContext$Builder
instanceKlass  @bci software/amazon/awssdk/protocols/json/internal/marshall/JsonProtocolMarshaller fillBasicRequestParams (Lsoftware/amazon/awssdk/protocols/core/OperationInfo;)Lsoftware/amazon/awssdk/http/SdkHttpFullRequest$Builder; 9 <appendix> member <vmtarget> ; # software/amazon/awssdk/protocols/json/internal/marshall/JsonProtocolMarshaller$$Lambda+0x00000160c945cc60
instanceKlass  @bci software/amazon/awssdk/internal/http/LowCopyListMap emptyHeaders ()Lsoftware/amazon/awssdk/internal/http/LowCopyListMap$ForBuilder; 4 <appendix> argL0 ; # software/amazon/awssdk/internal/http/LowCopyListMap$$Lambda+0x00000160c945ca30
instanceKlass  @bci software/amazon/awssdk/internal/http/LowCopyListMap emptyQueryParameters ()Lsoftware/amazon/awssdk/internal/http/LowCopyListMap$ForBuilder; 4 <appendix> argL0 ; # software/amazon/awssdk/internal/http/LowCopyListMap$$Lambda+0x00000160c945c800
instanceKlass software/amazon/awssdk/internal/http/LowCopyListMap$ForBuilder
instanceKlass software/amazon/awssdk/internal/http/LowCopyListMap
instanceKlass software/amazon/awssdk/http/DefaultSdkHttpFullRequest$Builder
instanceKlass software/amazon/awssdk/http/SdkHttpFullRequest$Builder
instanceKlass software/amazon/awssdk/http/SdkHttpRequest$Builder
instanceKlass software/amazon/awssdk/protocols/core/ProtocolUtils
instanceKlass  @bci software/amazon/awssdk/protocols/json/internal/marshall/SimpleTypePathMarshaller <clinit> ()V 85 <appendix> argL0 ; # software/amazon/awssdk/protocols/json/internal/marshall/SimpleTypePathMarshaller$$Lambda+0x00000160c945d000
instanceKlass software/amazon/awssdk/protocols/core/PathMarshaller
instanceKlass software/amazon/awssdk/protocols/json/internal/marshall/SimpleTypePathMarshaller$SimplePathMarshaller
instanceKlass software/amazon/awssdk/protocols/json/internal/marshall/SimpleTypePathMarshaller
instanceKlass  @bci software/amazon/awssdk/protocols/json/internal/marshall/QueryParamMarshaller <clinit> ()V 128 <appendix> argL0 ; # software/amazon/awssdk/protocols/json/internal/marshall/QueryParamMarshaller$$Lambda+0x00000160c945f1c8
instanceKlass  @bci software/amazon/awssdk/protocols/json/internal/marshall/QueryParamMarshaller <clinit> ()V 120 <appendix> argL0 ; # software/amazon/awssdk/protocols/json/internal/marshall/QueryParamMarshaller$$Lambda+0x00000160c945ef98
instanceKlass  @bci software/amazon/awssdk/protocols/json/internal/marshall/QueryParamMarshaller <clinit> ()V 112 <appendix> argL0 ; # software/amazon/awssdk/protocols/json/internal/marshall/QueryParamMarshaller$$Lambda+0x00000160c945ed68
instanceKlass software/amazon/awssdk/protocols/json/internal/marshall/QueryParamMarshaller$SimpleQueryParamMarshaller
instanceKlass software/amazon/awssdk/protocols/json/internal/marshall/QueryParamMarshaller
instanceKlass  @bci software/amazon/awssdk/protocols/json/internal/marshall/HeaderMarshaller <clinit> ()V 122 <appendix> argL0 ; # software/amazon/awssdk/protocols/json/internal/marshall/HeaderMarshaller$$Lambda+0x00000160c945e6e0
instanceKlass  @bci software/amazon/awssdk/protocols/json/internal/marshall/HeaderMarshaller <clinit> ()V 114 <appendix> argL0 ; # software/amazon/awssdk/protocols/json/internal/marshall/HeaderMarshaller$$Lambda+0x00000160c945e4b0
instanceKlass  @bci software/amazon/awssdk/protocols/core/ValueToStringConverter <clinit> ()V 64 <appendix> argL0 ; # software/amazon/awssdk/protocols/core/ValueToStringConverter$$Lambda+0x00000160c945e258
instanceKlass  @bci software/amazon/awssdk/protocols/core/ValueToStringConverter <clinit> ()V 56 <appendix> argL0 ; # software/amazon/awssdk/protocols/core/ValueToStringConverter$$Lambda+0x00000160c945e000
instanceKlass  @bci software/amazon/awssdk/protocols/core/ValueToStringConverter <clinit> ()V 48 <appendix> argL0 ; # software/amazon/awssdk/protocols/core/ValueToStringConverter$$Lambda+0x00000160c945bd00
instanceKlass  @bci software/amazon/awssdk/protocols/core/ValueToStringConverter <clinit> ()V 40 <appendix> argL0 ; # software/amazon/awssdk/protocols/core/ValueToStringConverter$$Lambda+0x00000160c945baa8
instanceKlass  @bci software/amazon/awssdk/protocols/core/ValueToStringConverter <clinit> ()V 32 <appendix> argL0 ; # software/amazon/awssdk/protocols/core/ValueToStringConverter$$Lambda+0x00000160c945b850
instanceKlass  @bci software/amazon/awssdk/protocols/core/ValueToStringConverter <clinit> ()V 24 <appendix> argL0 ; # software/amazon/awssdk/protocols/core/ValueToStringConverter$$Lambda+0x00000160c945b5f8
instanceKlass  @bci software/amazon/awssdk/protocols/core/ValueToStringConverter <clinit> ()V 16 <appendix> argL0 ; # software/amazon/awssdk/protocols/core/ValueToStringConverter$$Lambda+0x00000160c945b3a0
instanceKlass  @bci software/amazon/awssdk/protocols/core/ValueToStringConverter <clinit> ()V 8 <appendix> argL0 ; # software/amazon/awssdk/protocols/core/ValueToStringConverter$$Lambda+0x00000160c945b148
instanceKlass  @bci software/amazon/awssdk/protocols/core/ValueToStringConverter <clinit> ()V 0 <appendix> argL0 ; # software/amazon/awssdk/protocols/core/ValueToStringConverter$$Lambda+0x00000160c945aef0
instanceKlass software/amazon/awssdk/protocols/core/ValueToStringConverter$SimpleValueToString
instanceKlass software/amazon/awssdk/protocols/core/ValueToStringConverter
instanceKlass  @bci software/amazon/awssdk/protocols/json/internal/marshall/HeaderMarshaller <clinit> ()V 4 <appendix> argL0 ; # software/amazon/awssdk/protocols/json/internal/marshall/HeaderMarshaller$$Lambda+0x00000160c945aaa8
instanceKlass software/amazon/awssdk/protocols/json/internal/marshall/HeaderMarshaller$SimpleHeaderMarshaller
instanceKlass software/amazon/awssdk/protocols/json/internal/marshall/HeaderMarshaller
instanceKlass software/amazon/awssdk/core/document/VoidDocumentVisitor
instanceKlass  @bci software/amazon/awssdk/protocols/json/internal/marshall/SimpleTypeJsonMarshaller <clinit> ()V 88 <appendix> argL0 ; # software/amazon/awssdk/protocols/json/internal/marshall/SimpleTypeJsonMarshaller$$Lambda+0x00000160c94598a8
instanceKlass software/amazon/awssdk/protocols/json/internal/marshall/SimpleTypeJsonMarshaller$BaseJsonMarshaller
instanceKlass  @bci software/amazon/awssdk/protocols/json/internal/marshall/SimpleTypeJsonMarshaller <clinit> ()V 0 <appendix> argL0 ; # software/amazon/awssdk/protocols/json/internal/marshall/SimpleTypeJsonMarshaller$$Lambda+0x00000160c9458438
instanceKlass  @cpi software/amazon/awssdk/protocols/json/internal/marshall/SimpleTypePathMarshaller 86 form vmentry <vmtarget> ; # java/lang/invoke/LambdaForm$DMH+0x00000160c945c000
instanceKlass software/amazon/awssdk/protocols/json/internal/marshall/JsonMarshallerContext
instanceKlass software/amazon/awssdk/protocols/json/internal/marshall/JsonMarshaller
instanceKlass software/amazon/awssdk/protocols/core/Marshaller
instanceKlass software/amazon/awssdk/protocols/json/internal/marshall/SimpleTypeJsonMarshaller
instanceKlass software/amazon/awssdk/protocols/core/InstantToString
instanceKlass software/amazon/awssdk/protocols/core/ValueToStringConverter$ValueToString
instanceKlass software/amazon/awssdk/protocols/json/internal/marshall/JsonProtocolMarshaller
instanceKlass software/amazon/awssdk/thirdparty/jackson/core/util/JacksonFeatureSet
instanceKlass software/amazon/awssdk/thirdparty/jackson/core/JsonStreamContext
instanceKlass java/util/concurrent/atomic/AtomicReferenceArray
instanceKlass software/amazon/awssdk/thirdparty/jackson/core/util/BufferRecycler
instanceKlass software/amazon/awssdk/thirdparty/jackson/core/util/BufferRecyclers
instanceKlass software/amazon/awssdk/thirdparty/jackson/core/util/TextBuffer
instanceKlass software/amazon/awssdk/thirdparty/jackson/core/io/IOContext
instanceKlass software/amazon/awssdk/thirdparty/jackson/core/io/ContentReference
instanceKlass software/amazon/awssdk/protocols/json/SdkJsonGenerator
instanceKlass software/amazon/awssdk/protocols/core/ProtocolMarshaller
instanceKlass software/amazon/awssdk/protocols/json/internal/marshall/JsonProtocolMarshallerBuilder
instanceKlass  @bci software/amazon/awssdk/core/internal/handler/BaseClientHandler finalizeSdkHttpFullRequest (Lsoftware/amazon/awssdk/core/client/handler/ClientExecutionParams;Lsoftware/amazon/awssdk/core/http/ExecutionContext;Lsoftware/amazon/awssdk/core/SdkRequest;Lsoftware/amazon/awssdk/core/client/config/SdkClientConfiguration;)Lsoftware/amazon/awssdk/core/interceptor/InterceptorContext; 6 <appendix> member <vmtarget> ; # software/amazon/awssdk/core/internal/handler/BaseClientHandler$$Lambda+0x00000160c94549d0
instanceKlass software/amazon/awssdk/http/SdkHttpFullRequest
instanceKlass  @bci software/amazon/awssdk/core/interceptor/ExecutionInterceptorChain beforeMarshalling (Lsoftware/amazon/awssdk/core/interceptor/Context$BeforeMarshalling;Lsoftware/amazon/awssdk/core/interceptor/ExecutionAttributes;)V 6 <appendix> member <vmtarget> ; # software/amazon/awssdk/core/interceptor/ExecutionInterceptorChain$$Lambda+0x00000160c9454788
instanceKlass software/amazon/awssdk/core/internal/http/CombinedResponseHandler
instanceKlass  @bci software/amazon/awssdk/core/internal/handler/BaseClientHandler resultTransformationResponseHandler (Lsoftware/amazon/awssdk/core/http/HttpResponseHandler;Ljava/util/function/BiFunction;)Lsoftware/amazon/awssdk/core/http/HttpResponseHandler; 2 <appendix> member <vmtarget> ; # software/amazon/awssdk/core/internal/handler/BaseClientHandler$$Lambda+0x00000160c94542e8
instanceKlass  @bci software/amazon/awssdk/core/internal/handler/BaseClientHandler composeResponseFunctions (Ljava/util/function/BiFunction;Ljava/util/function/BiFunction;)Ljava/util/function/BiFunction; 2 <appendix> member <vmtarget> ; # software/amazon/awssdk/core/internal/handler/BaseClientHandler$$Lambda+0x00000160c94540a0
instanceKlass  @bci software/amazon/awssdk/core/internal/handler/BaseClientHandler attachHttpResponseToResult ()Ljava/util/function/BiFunction; 0 <appendix> argL0 ; # software/amazon/awssdk/core/internal/handler/BaseClientHandler$$Lambda+0x00000160c9453e60
instanceKlass  @bci software/amazon/awssdk/core/internal/handler/BaseClientHandler runAfterUnmarshallingInterceptors (Lsoftware/amazon/awssdk/core/http/ExecutionContext;)Ljava/util/function/BiFunction; 1 <appendix> member <vmtarget> ; # software/amazon/awssdk/core/internal/handler/BaseClientHandler$$Lambda+0x00000160c9453c18
instanceKlass software/amazon/awssdk/core/http/ExecutionContext$Builder
instanceKlass software/amazon/awssdk/core/http/ExecutionContext
instanceKlass software/amazon/awssdk/auth/signer/internal/util/SignerMethodResolver
instanceKlass software/amazon/awssdk/core/HttpChecksumConstant
instanceKlass  @bci software/amazon/awssdk/awscore/util/SignerOverrideUtils isSignerOverridden (Lsoftware/amazon/awssdk/core/SdkRequest;Lsoftware/amazon/awssdk/core/interceptor/ExecutionAttributes;)Z 18 <appendix> argL0 ; # software/amazon/awssdk/awscore/util/SignerOverrideUtils$$Lambda+0x00000160c9452c30
instanceKlass software/amazon/awssdk/awscore/util/SignerOverrideUtils
instanceKlass software/amazon/awssdk/endpoints/EndpointAttributeKey
instanceKlass software/amazon/awssdk/awscore/endpoints/AwsEndpointAttribute
instanceKlass  @bci software/amazon/awssdk/services/rekognition/endpoints/internal/RekognitionResolveEndpointInterceptor modifyRequest (Lsoftware/amazon/awssdk/core/interceptor/Context$ModifyRequest;Lsoftware/amazon/awssdk/core/interceptor/ExecutionAttributes;)Lsoftware/amazon/awssdk/core/SdkRequest; 77 <appendix> member <vmtarget> ; # software/amazon/awssdk/services/rekognition/endpoints/internal/RekognitionResolveEndpointInterceptor$$Lambda+0x00000160c9452398
instanceKlass software/amazon/awssdk/endpoints/Endpoint$BuilderImpl
instanceKlass software/amazon/awssdk/endpoints/Endpoint$Builder
instanceKlass software/amazon/awssdk/endpoints/Endpoint
instanceKlass software/amazon/awssdk/services/rekognition/endpoints/internal/DefaultRekognitionEndpointProvider$LocalStateBuilder
instanceKlass software/amazon/awssdk/services/rekognition/endpoints/internal/RulePartition$Builder
instanceKlass software/amazon/awssdk/services/rekognition/endpoints/internal/RulePartition
instanceKlass  @bci software/amazon/awssdk/services/rekognition/endpoints/internal/RulesFunctions lambda$loadPartitionData$1 (Lsoftware/amazon/awssdk/services/rekognition/endpoints/internal/RulesFunctions$PartitionData;Lsoftware/amazon/awssdk/services/rekognition/endpoints/internal/Partition;)V 17 <appendix> member <vmtarget> ; # software/amazon/awssdk/services/rekognition/endpoints/internal/RulesFunctions$$Lambda+0x00000160c9451600
instanceKlass  @bci software/amazon/awssdk/services/rekognition/endpoints/internal/RulesFunctions loadPartitionData ()Lsoftware/amazon/awssdk/services/rekognition/endpoints/internal/RulesFunctions$PartitionData; 29 <appendix> member <vmtarget> ; # software/amazon/awssdk/services/rekognition/endpoints/internal/RulesFunctions$$Lambda+0x00000160c94513b8
instanceKlass software/amazon/awssdk/services/rekognition/endpoints/internal/Outputs$Builder
instanceKlass software/amazon/awssdk/services/rekognition/endpoints/internal/Outputs
instanceKlass software/amazon/awssdk/services/rekognition/endpoints/internal/RegionOverride$Builder
instanceKlass software/amazon/awssdk/services/rekognition/endpoints/internal/RegionOverride
instanceKlass software/amazon/awssdk/services/rekognition/endpoints/internal/Partition$Builder
instanceKlass software/amazon/awssdk/services/rekognition/endpoints/internal/Partitions$Builder
instanceKlass software/amazon/awssdk/services/rekognition/endpoints/internal/Partitions
instanceKlass software/amazon/awssdk/services/rekognition/endpoints/internal/DefaultPartitionDataProvider$LazyPartitionsContainer
instanceKlass software/amazon/awssdk/services/rekognition/endpoints/internal/DefaultPartitionDataProvider
instanceKlass  @bci software/amazon/awssdk/services/rekognition/endpoints/internal/RulesFunctions <clinit> ()V 112 <appendix> argL0 ; # software/amazon/awssdk/services/rekognition/endpoints/internal/RulesFunctions$$Lambda+0x00000160c944dc70
instanceKlass software/amazon/awssdk/services/rekognition/endpoints/internal/Partition
instanceKlass  @bci software/amazon/awssdk/services/rekognition/endpoints/internal/RulesFunctions <clinit> ()V 95 <appendix> argL0 ; # software/amazon/awssdk/services/rekognition/endpoints/internal/RulesFunctions$$Lambda+0x00000160c944d800
instanceKlass software/amazon/awssdk/services/rekognition/endpoints/internal/RulesFunctions$PartitionData
instanceKlass software/amazon/awssdk/services/rekognition/endpoints/internal/RulesFunctions$LazyValue$Builder
instanceKlass software/amazon/awssdk/services/rekognition/endpoints/internal/RulesFunctions$LazyValue
instanceKlass software/amazon/awssdk/services/rekognition/endpoints/internal/PartitionDataProvider
instanceKlass software/amazon/awssdk/services/rekognition/endpoints/internal/RulesFunctions
instanceKlass software/amazon/awssdk/services/rekognition/endpoints/internal/RuleResult
instanceKlass software/amazon/awssdk/services/rekognition/endpoints/internal/DefaultRekognitionEndpointProvider$LocalState
instanceKlass software/amazon/awssdk/services/rekognition/endpoints/RekognitionEndpointParams$BuilderImpl
instanceKlass software/amazon/awssdk/services/rekognition/endpoints/RekognitionEndpointParams$Builder
instanceKlass software/amazon/awssdk/services/rekognition/endpoints/RekognitionEndpointParams
instanceKlass software/amazon/awssdk/services/rekognition/endpoints/internal/AwsEndpointProviderUtils
instanceKlass  @bci software/amazon/awssdk/http/auth/spi/internal/scheme/DefaultAuthSchemeOption forEachSignerProperty (Lsoftware/amazon/awssdk/http/auth/spi/scheme/AuthSchemeOption$SignerPropertyConsumer;)V 11 <appendix> member <vmtarget> ; # software/amazon/awssdk/http/auth/spi/internal/scheme/DefaultAuthSchemeOption$$Lambda+0x00000160c944e8f8
instanceKlass  @bci software/amazon/awssdk/services/rekognition/auth/scheme/internal/RekognitionAuthSchemeInterceptor putSelectedAuthScheme (Lsoftware/amazon/awssdk/core/interceptor/ExecutionAttributes;Lsoftware/amazon/awssdk/core/SelectedAuthScheme;)V 61 <appendix> member <vmtarget> ; # software/amazon/awssdk/services/rekognition/auth/scheme/internal/RekognitionAuthSchemeInterceptor$$Lambda+0x00000160c944e6c0
instanceKlass software/amazon/awssdk/http/auth/spi/scheme/AuthSchemeOption$SignerPropertyConsumer
instanceKlass  @bci software/amazon/awssdk/services/rekognition/auth/scheme/internal/RekognitionAuthSchemeInterceptor putSelectedAuthScheme (Lsoftware/amazon/awssdk/core/interceptor/ExecutionAttributes;Lsoftware/amazon/awssdk/core/SelectedAuthScheme;)V 40 <appendix> member <vmtarget> ; # software/amazon/awssdk/services/rekognition/auth/scheme/internal/RekognitionAuthSchemeInterceptor$$Lambda+0x00000160c944e488
instanceKlass  @bci software/amazon/awssdk/core/internal/util/MetricUtils reportDuration (Ljava/util/function/Supplier;Lsoftware/amazon/awssdk/metrics/MetricCollector;Lsoftware/amazon/awssdk/metrics/SdkMetric;)Ljava/util/concurrent/CompletableFuture; 20 <adapter> ; # java/lang/invoke/LambdaForm$MH+0x00000160c944d400
# instanceKlass java/lang/invoke/LambdaForm$DMH+0x00000160c944d000
instanceKlass  @bci software/amazon/awssdk/core/internal/util/MetricUtils reportDuration (Ljava/util/function/Supplier;Lsoftware/amazon/awssdk/metrics/MetricCollector;Lsoftware/amazon/awssdk/metrics/SdkMetric;)Ljava/util/concurrent/CompletableFuture; 20 <appendix> form vmentry <vmtarget> ; # java/lang/invoke/LambdaForm$DMH+0x00000160c944cc00
instanceKlass  @bci software/amazon/awssdk/core/internal/util/MetricUtils reportDuration (Ljava/util/function/Supplier;Lsoftware/amazon/awssdk/metrics/MetricCollector;Lsoftware/amazon/awssdk/metrics/SdkMetric;)Ljava/util/concurrent/CompletableFuture; 20 <appendix> member <vmtarget> ; # software/amazon/awssdk/core/internal/util/MetricUtils$$Lambda+0x00000160c944e238
instanceKlass  @cpi software/amazon/awssdk/core/internal/util/MetricUtils 178 form vmentry <vmtarget> ; # java/lang/invoke/LambdaForm$DMH+0x00000160c944c800
instanceKlass  @bci software/amazon/awssdk/auth/credentials/AwsCredentialsProviderChain resolveCredentials ()Lsoftware/amazon/awssdk/auth/credentials/AwsCredentials; 82 <appendix> member <vmtarget> ; # software/amazon/awssdk/auth/credentials/AwsCredentialsProviderChain$$Lambda+0x00000160c944e000
instanceKlass software/amazon/awssdk/utils/CompletableFutureUtils
instanceKlass  @bci software/amazon/awssdk/auth/credentials/ProfileCredentialsProvider createCredentialsProvider (Lsoftware/amazon/awssdk/profiles/ProfileFile;Ljava/lang/String;)Lsoftware/amazon/awssdk/auth/credentials/AwsCredentialsProvider; 16 <appendix> member <vmtarget> ; # software/amazon/awssdk/auth/credentials/ProfileCredentialsProvider$$Lambda+0x00000160c944bb88
instanceKlass  @bci software/amazon/awssdk/auth/credentials/StaticCredentialsProvider withProviderName (Lsoftware/amazon/awssdk/auth/credentials/AwsCredentials;)Lsoftware/amazon/awssdk/auth/credentials/AwsCredentials; 11 <appendix> argL0 ; # software/amazon/awssdk/auth/credentials/StaticCredentialsProvider$$Lambda+0x00000160c944b948
instanceKlass software/amazon/awssdk/auth/credentials/StaticCredentialsProvider
instanceKlass software/amazon/awssdk/auth/credentials/AwsBasicCredentials$Builder
instanceKlass software/amazon/awssdk/auth/credentials/AwsBasicCredentials
instanceKlass  @bci software/amazon/awssdk/auth/credentials/internal/ProfileCredentialsUtils requireProperties ([Ljava/lang/String;)V 5 <appendix> member <vmtarget> ; # software/amazon/awssdk/auth/credentials/internal/ProfileCredentialsUtils$$Lambda+0x00000160c944af30
instanceKlass  @bci software/amazon/awssdk/auth/credentials/ProfileCredentialsProvider lambda$createCredentialsProvider$1 (Lsoftware/amazon/awssdk/profiles/ProfileFile;Lsoftware/amazon/awssdk/profiles/Profile;)Ljava/util/Optional; 12 <appendix> member <vmtarget> ; # software/amazon/awssdk/auth/credentials/ProfileCredentialsProvider$$Lambda+0x00000160c944acd8
instanceKlass software/amazon/awssdk/auth/credentials/internal/ProfileCredentialsUtils
instanceKlass  @bci software/amazon/awssdk/auth/credentials/ProfileCredentialsProvider createCredentialsProvider (Lsoftware/amazon/awssdk/profiles/ProfileFile;Ljava/lang/String;)Lsoftware/amazon/awssdk/auth/credentials/AwsCredentialsProvider; 6 <appendix> member <vmtarget> ; # software/amazon/awssdk/auth/credentials/ProfileCredentialsProvider$$Lambda+0x00000160c944a860
instanceKlass  @bci software/amazon/awssdk/auth/credentials/AwsCredentialsProviderChain resolveCredentials ()Lsoftware/amazon/awssdk/auth/credentials/AwsCredentials; 137 <appendix> member <vmtarget> ; # software/amazon/awssdk/auth/credentials/AwsCredentialsProviderChain$$Lambda+0x00000160c944a628
instanceKlass software/amazon/awssdk/core/exception/SdkException$BuilderImpl
instanceKlass software/amazon/awssdk/core/exception/SdkClientException$Builder
instanceKlass software/amazon/awssdk/auth/credentials/AwsCredentialsProviderChain$BuilderImpl
instanceKlass software/amazon/awssdk/auth/credentials/AwsCredentialsProviderChain$Builder
instanceKlass software/amazon/awssdk/auth/credentials/AwsCredentialsProviderChain
instanceKlass  @bci software/amazon/awssdk/auth/credentials/InstanceProfileCredentialsProvider <init> (Lsoftware/amazon/awssdk/auth/credentials/InstanceProfileCredentialsProvider$BuilderImpl;)V 214 <appendix> member <vmtarget> ; # software/amazon/awssdk/auth/credentials/InstanceProfileCredentialsProvider$$Lambda+0x00000160c9449790
instanceKlass  @bci software/amazon/awssdk/auth/credentials/internal/Ec2MetadataDisableV1Resolver <init> (Ljava/util/function/Supplier;Ljava/lang/String;)V 20 <appendix> member <vmtarget> ; # software/amazon/awssdk/auth/credentials/internal/Ec2MetadataDisableV1Resolver$$Lambda+0x00000160c9449558
instanceKlass software/amazon/awssdk/auth/credentials/internal/Ec2MetadataDisableV1Resolver
instanceKlass software/amazon/awssdk/auth/credentials/internal/Ec2MetadataConfigProvider$Builder
instanceKlass software/amazon/awssdk/auth/credentials/internal/Ec2MetadataConfigProvider
instanceKlass  @bci software/amazon/awssdk/auth/credentials/InstanceProfileCredentialsProvider <init> (Lsoftware/amazon/awssdk/auth/credentials/InstanceProfileCredentialsProvider$BuilderImpl;)V 74 <appendix> member <vmtarget> ; # software/amazon/awssdk/auth/credentials/InstanceProfileCredentialsProvider$$Lambda+0x00000160c9448ca8
instanceKlass  @bci software/amazon/awssdk/auth/credentials/InstanceProfileCredentialsProvider <init> (Lsoftware/amazon/awssdk/auth/credentials/InstanceProfileCredentialsProvider$BuilderImpl;)V 44 <appendix> argL0 ; # software/amazon/awssdk/auth/credentials/InstanceProfileCredentialsProvider$$Lambda+0x00000160c9448a78
instanceKlass software/amazon/awssdk/auth/credentials/InstanceProfileCredentialsProvider$BuilderImpl
instanceKlass software/amazon/awssdk/auth/credentials/InstanceProfileCredentialsProvider$Builder
instanceKlass software/amazon/awssdk/auth/credentials/InstanceProfileCredentialsProvider
instanceKlass  @bci software/amazon/awssdk/utils/cache/CachedSupplier jitteredPrefetchValueSupplier (Ljava/util/function/Supplier;Z)Ljava/util/function/Supplier; 3 <adapter> ; # java/lang/invoke/LambdaForm$MH+0x00000160c944c400
instanceKlass  @bci software/amazon/awssdk/utils/cache/CachedSupplier jitteredPrefetchValueSupplier (Ljava/util/function/Supplier;Z)Ljava/util/function/Supplier; 3 <appendix> form vmentry <vmtarget> ; # java/lang/invoke/LambdaForm$DMH+0x00000160c944c000
instanceKlass  @bci software/amazon/awssdk/utils/cache/CachedSupplier jitteredPrefetchValueSupplier (Ljava/util/function/Supplier;Z)Ljava/util/function/Supplier; 3 <appendix> member <vmtarget> ; # software/amazon/awssdk/utils/cache/CachedSupplier$$Lambda+0x00000160c9448220
instanceKlass software/amazon/awssdk/utils/ToString
instanceKlass software/amazon/awssdk/utils/cache/OneCallerBlocks
instanceKlass software/amazon/awssdk/utils/cache/CachedSupplier$Builder
instanceKlass software/amazon/awssdk/utils/cache/CachedSupplier
instanceKlass  @bci software/amazon/awssdk/auth/credentials/ContainerCredentialsProvider <init> (Lsoftware/amazon/awssdk/auth/credentials/ContainerCredentialsProvider$BuilderImpl;)V 102 <appendix> member <vmtarget> ; # software/amazon/awssdk/auth/credentials/ContainerCredentialsProvider$$Lambda+0x00000160c9445248
instanceKlass software/amazon/awssdk/utils/cache/RefreshResult
instanceKlass software/amazon/awssdk/auth/credentials/internal/HttpCredentialsLoader
instanceKlass software/amazon/awssdk/auth/credentials/ContainerCredentialsProvider$BuilderImpl
instanceKlass  @bci software/amazon/awssdk/auth/credentials/ContainerCredentialsProvider <clinit> ()V 0 <appendix> argL0 ; # software/amazon/awssdk/auth/credentials/ContainerCredentialsProvider$$Lambda+0x00000160c9447800
instanceKlass  @cpi software/amazon/awssdk/auth/credentials/ContainerCredentialsProvider 223 form vmentry <vmtarget> ; # java/lang/invoke/LambdaForm$DMH+0x00000160c9444800
instanceKlass software/amazon/awssdk/regions/util/ResourcesEndpointProvider
instanceKlass software/amazon/awssdk/auth/credentials/ContainerCredentialsProvider$Builder
instanceKlass software/amazon/awssdk/auth/credentials/HttpCredentialsProvider$Builder
instanceKlass software/amazon/awssdk/utils/cache/CachedSupplier$PrefetchStrategy
instanceKlass software/amazon/awssdk/auth/credentials/ContainerCredentialsProvider
instanceKlass software/amazon/awssdk/auth/credentials/HttpCredentialsProvider
instanceKlass  @bci software/amazon/awssdk/auth/credentials/ProfileCredentialsProvider <init> (Lsoftware/amazon/awssdk/auth/credentials/ProfileCredentialsProvider$BuilderImpl;)V 65 <appendix> member <vmtarget> ; # software/amazon/awssdk/auth/credentials/ProfileCredentialsProvider$$Lambda+0x00000160c94472b8
instanceKlass  @bci software/amazon/awssdk/auth/credentials/ProfileCredentialsProvider <init> (Lsoftware/amazon/awssdk/auth/credentials/ProfileCredentialsProvider$BuilderImpl;)V 45 <appendix> member <vmtarget> ; # software/amazon/awssdk/auth/credentials/ProfileCredentialsProvider$$Lambda+0x00000160c9447080
instanceKlass  @bci software/amazon/awssdk/auth/credentials/ProfileCredentialsProvider$BuilderImpl <init> ()V 5 <appendix> argL0 ; # software/amazon/awssdk/auth/credentials/ProfileCredentialsProvider$BuilderImpl$$Lambda+0x00000160c9446e50
instanceKlass software/amazon/awssdk/auth/credentials/ProfileCredentialsProvider$BuilderImpl
instanceKlass software/amazon/awssdk/auth/credentials/ProfileCredentialsProvider$Builder
instanceKlass software/amazon/awssdk/auth/credentials/ProfileCredentialsProvider
instanceKlass software/amazon/awssdk/auth/credentials/WebIdentityTokenFileCredentialsProvider$BuilderImpl
instanceKlass software/amazon/awssdk/auth/credentials/WebIdentityTokenFileCredentialsProvider$Builder
instanceKlass software/amazon/awssdk/auth/credentials/WebIdentityTokenFileCredentialsProvider
instanceKlass software/amazon/awssdk/auth/credentials/internal/SystemSettingsCredentialsProvider
instanceKlass software/amazon/awssdk/core/internal/util/MetricUtils
instanceKlass  @bci software/amazon/awssdk/services/rekognition/auth/scheme/internal/RekognitionAuthSchemeInterceptor trySelectAuthScheme (Lsoftware/amazon/awssdk/http/auth/spi/scheme/AuthSchemeOption;Lsoftware/amazon/awssdk/http/auth/spi/scheme/AuthScheme;Lsoftware/amazon/awssdk/identity/spi/IdentityProviders;Ljava/util/List;Lsoftware/amazon/awssdk/metrics/MetricCollector;Lsoftware/amazon/awssdk/core/interceptor/ExecutionAttributes;)Lsoftware/amazon/awssdk/core/SelectedAuthScheme; 143 <appendix> member <vmtarget> ; # software/amazon/awssdk/services/rekognition/auth/scheme/internal/RekognitionAuthSchemeInterceptor$$Lambda+0x00000160c94434a8
instanceKlass  @bci software/amazon/awssdk/http/auth/spi/internal/scheme/DefaultAuthSchemeOption forEachIdentityProperty (Lsoftware/amazon/awssdk/http/auth/spi/scheme/AuthSchemeOption$IdentityPropertyConsumer;)V 11 <appendix> member <vmtarget> ; # software/amazon/awssdk/http/auth/spi/internal/scheme/DefaultAuthSchemeOption$$Lambda+0x00000160c9443260
instanceKlass  @bci software/amazon/awssdk/services/rekognition/auth/scheme/internal/RekognitionAuthSchemeInterceptor trySelectAuthScheme (Lsoftware/amazon/awssdk/http/auth/spi/scheme/AuthSchemeOption;Lsoftware/amazon/awssdk/http/auth/spi/scheme/AuthScheme;Lsoftware/amazon/awssdk/identity/spi/IdentityProviders;Ljava/util/List;Lsoftware/amazon/awssdk/metrics/MetricCollector;Lsoftware/amazon/awssdk/core/interceptor/ExecutionAttributes;)Lsoftware/amazon/awssdk/core/SelectedAuthScheme; 94 <appendix> member <vmtarget> ; # software/amazon/awssdk/services/rekognition/auth/scheme/internal/RekognitionAuthSchemeInterceptor$$Lambda+0x00000160c9443028
instanceKlass  @cpi software/amazon/awssdk/core/internal/http/pipeline/stages/SigningStage 255 form vmentry <vmtarget> ; # java/lang/invoke/LambdaForm$DMH+0x00000160c9444400
instanceKlass software/amazon/awssdk/identity/spi/IdentityProperty
instanceKlass software/amazon/awssdk/http/auth/spi/scheme/AuthSchemeOption$IdentityPropertyConsumer
instanceKlass software/amazon/awssdk/identity/spi/internal/DefaultResolveIdentityRequest$BuilderImpl
instanceKlass software/amazon/awssdk/identity/spi/ResolveIdentityRequest$Builder
instanceKlass software/amazon/awssdk/identity/spi/internal/DefaultResolveIdentityRequest
instanceKlass software/amazon/awssdk/identity/spi/ResolveIdentityRequest
instanceKlass software/amazon/awssdk/services/rekognition/auth/scheme/internal/DefaultRekognitionAuthSchemeParams$Builder
instanceKlass software/amazon/awssdk/services/rekognition/auth/scheme/RekognitionAuthSchemeParams$Builder
instanceKlass software/amazon/awssdk/services/rekognition/auth/scheme/internal/DefaultRekognitionAuthSchemeParams
instanceKlass software/amazon/awssdk/services/rekognition/auth/scheme/RekognitionAuthSchemeParams
instanceKlass  @bci software/amazon/awssdk/core/interceptor/ExecutionInterceptorChain beforeExecution (Lsoftware/amazon/awssdk/core/interceptor/Context$BeforeExecution;Lsoftware/amazon/awssdk/core/interceptor/ExecutionAttributes;)V 6 <appendix> member <vmtarget> ; # software/amazon/awssdk/core/interceptor/ExecutionInterceptorChain$$Lambda+0x00000160c9442180
instanceKlass software/amazon/awssdk/core/interceptor/InterceptorContext$Builder
instanceKlass software/amazon/awssdk/core/interceptor/InterceptorContext
instanceKlass software/amazon/awssdk/core/interceptor/Context$AfterExecution
instanceKlass  @bci software/amazon/awssdk/core/interceptor/ExecutionInterceptorChain <init> (Ljava/util/List;)V 28 <appendix> member <vmtarget> ; # software/amazon/awssdk/core/interceptor/ExecutionInterceptorChain$$Lambda+0x00000160c9441978
instanceKlass software/amazon/awssdk/core/interceptor/Context$FailedExecution
instanceKlass software/amazon/awssdk/core/interceptor/Context$ModifyResponse
instanceKlass software/amazon/awssdk/core/interceptor/ExecutionInterceptorChain
instanceKlass  @bci software/amazon/awssdk/awscore/internal/AwsExecutionContextBuilder resolveIdentityProviders (Lsoftware/amazon/awssdk/core/SdkRequest;Lsoftware/amazon/awssdk/core/client/config/SdkClientConfiguration;)Lsoftware/amazon/awssdk/identity/spi/IdentityProviders; 46 <appendix> member <vmtarget> ; # software/amazon/awssdk/awscore/internal/AwsExecutionContextBuilder$$Lambda+0x00000160c9441488
instanceKlass  @bci software/amazon/awssdk/awscore/internal/AwsExecutionContextBuilder resolveIdentityProviders (Lsoftware/amazon/awssdk/core/SdkRequest;Lsoftware/amazon/awssdk/core/client/config/SdkClientConfiguration;)Lsoftware/amazon/awssdk/identity/spi/IdentityProviders; 37 <appendix> argL0 ; # software/amazon/awssdk/awscore/internal/AwsExecutionContextBuilder$$Lambda+0x00000160c9441238
instanceKlass software/amazon/awssdk/awscore/AwsRequestOverrideConfiguration$Builder
instanceKlass software/amazon/awssdk/core/RequestOverrideConfiguration$Builder
instanceKlass  @bci software/amazon/awssdk/awscore/internal/AwsExecutionContextBuilder resolveIdentityProviders (Lsoftware/amazon/awssdk/core/SdkRequest;Lsoftware/amazon/awssdk/core/client/config/SdkClientConfiguration;)Lsoftware/amazon/awssdk/identity/spi/IdentityProviders; 29 <appendix> argL0 ; # software/amazon/awssdk/awscore/internal/AwsExecutionContextBuilder$$Lambda+0x00000160c9440fe8
instanceKlass  @bci software/amazon/awssdk/awscore/internal/AwsExecutionContextBuilder resolveIdentityProviders (Lsoftware/amazon/awssdk/core/SdkRequest;Lsoftware/amazon/awssdk/core/client/config/SdkClientConfiguration;)Lsoftware/amazon/awssdk/identity/spi/IdentityProviders; 21 <appendix> argL0 ; # software/amazon/awssdk/awscore/internal/AwsExecutionContextBuilder$$Lambda+0x00000160c9440d88
instanceKlass  @bci software/amazon/awssdk/core/interceptor/SdkExecutionAttribute signerChecksumWriteMapping (Lsoftware/amazon/awssdk/core/SelectedAuthScheme;Lsoftware/amazon/awssdk/core/checksums/ChecksumSpecs;)Lsoftware/amazon/awssdk/core/SelectedAuthScheme; 97 <appendix> member <vmtarget> ; # software/amazon/awssdk/core/interceptor/SdkExecutionAttribute$$Lambda+0x00000160c9440b40
instanceKlass  @bci software/amazon/awssdk/core/interceptor/ExecutionAttribute$MappedValueStorage set (Ljava/util/Map;Ljava/lang/Object;)V 35 <appendix> member <vmtarget> ; # software/amazon/awssdk/core/interceptor/ExecutionAttribute$MappedValueStorage$$Lambda+0x00000160c94408f8
instanceKlass software/amazon/awssdk/core/internal/util/HttpChecksumResolver
instanceKlass  @bci software/amazon/awssdk/awscore/internal/AwsExecutionContextBuilder resolveEndpointProvider (Lsoftware/amazon/awssdk/core/SdkRequest;Lsoftware/amazon/awssdk/core/client/config/SdkClientConfiguration;)Lsoftware/amazon/awssdk/endpoints/EndpointProvider; 4 <appendix> argL0 ; # software/amazon/awssdk/awscore/internal/AwsExecutionContextBuilder$$Lambda+0x00000160c9440490
instanceKlass  @bci software/amazon/awssdk/utils/builder/ToCopyableBuilder copy (Ljava/util/function/Consumer;)Lsoftware/amazon/awssdk/utils/builder/ToCopyableBuilder; 12 <appendix> member <vmtarget> ; # software/amazon/awssdk/utils/builder/ToCopyableBuilder$$Lambda+0x00000160c9440248
instanceKlass  @cpi software/amazon/awssdk/utils/builder/ToCopyableBuilder 37 form vmentry <vmtarget> ; # java/lang/invoke/LambdaForm$DMH+0x00000160c9444000
instanceKlass  @bci software/amazon/awssdk/auth/signer/AwsSignerExecutionAttribute signingRegionWriteMapping (Lsoftware/amazon/awssdk/core/SelectedAuthScheme;Lsoftware/amazon/awssdk/regions/Region;)Lsoftware/amazon/awssdk/core/SelectedAuthScheme; 88 <appendix> member <vmtarget> ; # software/amazon/awssdk/auth/signer/AwsSignerExecutionAttribute$$Lambda+0x00000160c9440000
instanceKlass software/amazon/awssdk/http/auth/spi/internal/scheme/DefaultAuthSchemeOption$BuilderImpl
instanceKlass software/amazon/awssdk/http/auth/spi/scheme/AuthSchemeOption$Builder
instanceKlass software/amazon/awssdk/http/auth/spi/internal/scheme/DefaultAuthSchemeOption
instanceKlass software/amazon/awssdk/http/auth/spi/scheme/AuthSchemeOption
instanceKlass software/amazon/awssdk/auth/signer/AwsSignerExecutionAttribute$UnsetHttpSigner
instanceKlass java/util/concurrent/CompletableFuture$AsynchronousCompletionTask
instanceKlass java/util/concurrent/CompletableFuture$AltResult
instanceKlass java/util/concurrent/CompletableFuture
instanceKlass java/util/concurrent/CompletionStage
instanceKlass software/amazon/awssdk/auth/signer/AwsSignerExecutionAttribute$UnsetIdentity
instanceKlass  @bci software/amazon/awssdk/core/interceptor/ExecutionAttribute$DerivationValueStorage set (Ljava/util/Map;Ljava/lang/Object;)V 7 <appendix> member <vmtarget> ; # software/amazon/awssdk/core/interceptor/ExecutionAttribute$DerivationValueStorage$$Lambda+0x00000160c943f188
instanceKlass  @bci software/amazon/awssdk/auth/signer/AwsSignerExecutionAttribute <clinit> ()V 210 <appendix> argL0 ; # software/amazon/awssdk/auth/signer/AwsSignerExecutionAttribute$$Lambda+0x00000160c943ef48
instanceKlass  @bci software/amazon/awssdk/auth/signer/AwsSignerExecutionAttribute <clinit> ()V 202 <appendix> argL0 ; # software/amazon/awssdk/auth/signer/AwsSignerExecutionAttribute$$Lambda+0x00000160c943ecf8
instanceKlass java/time/Clock
instanceKlass java/time/InstantSource
instanceKlass  @bci software/amazon/awssdk/auth/signer/AwsSignerExecutionAttribute <clinit> ()V 178 <appendix> argL0 ; # software/amazon/awssdk/auth/signer/AwsSignerExecutionAttribute$$Lambda+0x00000160c943eab8
instanceKlass  @bci software/amazon/awssdk/auth/signer/AwsSignerExecutionAttribute <clinit> ()V 170 <appendix> argL0 ; # software/amazon/awssdk/auth/signer/AwsSignerExecutionAttribute$$Lambda+0x00000160c943e868
instanceKlass  @bci software/amazon/awssdk/auth/signer/AwsSignerExecutionAttribute <clinit> ()V 146 <appendix> argL0 ; # software/amazon/awssdk/auth/signer/AwsSignerExecutionAttribute$$Lambda+0x00000160c943e628
instanceKlass  @bci software/amazon/awssdk/auth/signer/AwsSignerExecutionAttribute <clinit> ()V 138 <appendix> argL0 ; # software/amazon/awssdk/auth/signer/AwsSignerExecutionAttribute$$Lambda+0x00000160c943e3d8
instanceKlass  @bci software/amazon/awssdk/auth/signer/AwsSignerExecutionAttribute <clinit> ()V 114 <appendix> argL0 ; # software/amazon/awssdk/auth/signer/AwsSignerExecutionAttribute$$Lambda+0x00000160c943e198
instanceKlass  @bci software/amazon/awssdk/auth/signer/AwsSignerExecutionAttribute <clinit> ()V 106 <appendix> argL0 ; # software/amazon/awssdk/auth/signer/AwsSignerExecutionAttribute$$Lambda+0x00000160c943df48
instanceKlass  @bci software/amazon/awssdk/auth/signer/AwsSignerExecutionAttribute <clinit> ()V 82 <appendix> argL0 ; # software/amazon/awssdk/auth/signer/AwsSignerExecutionAttribute$$Lambda+0x00000160c943dd08
instanceKlass  @bci software/amazon/awssdk/auth/signer/AwsSignerExecutionAttribute <clinit> ()V 74 <appendix> argL0 ; # software/amazon/awssdk/auth/signer/AwsSignerExecutionAttribute$$Lambda+0x00000160c943dab8
instanceKlass software/amazon/awssdk/regions/RegionScope
instanceKlass  @bci software/amazon/awssdk/auth/signer/AwsSignerExecutionAttribute <clinit> ()V 50 <appendix> argL0 ; # software/amazon/awssdk/auth/signer/AwsSignerExecutionAttribute$$Lambda+0x00000160c943d658
instanceKlass  @bci software/amazon/awssdk/auth/signer/AwsSignerExecutionAttribute <clinit> ()V 42 <appendix> argL0 ; # software/amazon/awssdk/auth/signer/AwsSignerExecutionAttribute$$Lambda+0x00000160c943d408
instanceKlass software/amazon/awssdk/core/interceptor/ExecutionAttribute$DerivationValueStorage
instanceKlass  @bci software/amazon/awssdk/auth/signer/AwsSignerExecutionAttribute <clinit> ()V 18 <appendix> argL0 ; # software/amazon/awssdk/auth/signer/AwsSignerExecutionAttribute$$Lambda+0x00000160c943cf80
instanceKlass  @bci software/amazon/awssdk/auth/signer/AwsSignerExecutionAttribute <clinit> ()V 10 <appendix> argL0 ; # software/amazon/awssdk/auth/signer/AwsSignerExecutionAttribute$$Lambda+0x00000160c943cd30
instanceKlass software/amazon/awssdk/core/interceptor/ExecutionAttribute$DerivedAttributeBuilder
instanceKlass  @bci software/amazon/awssdk/core/checksums/Algorithm <clinit> ()V 101 <appendix> argL0 ; # software/amazon/awssdk/core/checksums/Algorithm$$Lambda+0x00000160c943c278
instanceKlass  @bci software/amazon/awssdk/checksums/DefaultChecksumAlgorithm$ChecksumAlgorithmsCache lambda$put$1 (Ljava/lang/String;)Lsoftware/amazon/awssdk/checksums/spi/ChecksumAlgorithm; 1 <appendix> member <vmtarget> ; # software/amazon/awssdk/checksums/DefaultChecksumAlgorithm$ChecksumAlgorithmsCache$$Lambda+0x00000160c943bbd8
instanceKlass  @bci software/amazon/awssdk/checksums/DefaultChecksumAlgorithm$ChecksumAlgorithmsCache put (Ljava/lang/String;)Lsoftware/amazon/awssdk/checksums/spi/ChecksumAlgorithm; 4 <appendix> argL0 ; # software/amazon/awssdk/checksums/DefaultChecksumAlgorithm$ChecksumAlgorithmsCache$$Lambda+0x00000160c943b988
instanceKlass software/amazon/awssdk/checksums/spi/ChecksumAlgorithm
instanceKlass software/amazon/awssdk/checksums/DefaultChecksumAlgorithm$ChecksumAlgorithmsCache
instanceKlass software/amazon/awssdk/checksums/DefaultChecksumAlgorithm
instanceKlass software/amazon/awssdk/core/interceptor/ExecutionAttribute$MappedValueStorage
instanceKlass  @bci software/amazon/awssdk/core/interceptor/SdkExecutionAttribute <clinit> ()V 179 <appendix> argL0 ; # software/amazon/awssdk/core/interceptor/SdkExecutionAttribute$$Lambda+0x00000160c943b0d0
instanceKlass  @bci software/amazon/awssdk/core/interceptor/SdkExecutionAttribute <clinit> ()V 171 <appendix> argL0 ; # software/amazon/awssdk/core/interceptor/SdkExecutionAttribute$$Lambda+0x00000160c943ae90
instanceKlass software/amazon/awssdk/core/SelectedAuthScheme
instanceKlass software/amazon/awssdk/core/checksums/ChecksumSpecs
instanceKlass software/amazon/awssdk/core/interceptor/ExecutionAttribute$MappedAttributeBuilder
instanceKlass  @bci software/amazon/awssdk/core/interceptor/SdkExecutionAttribute <clinit> ()V 163 <appendix> argL0 ; # software/amazon/awssdk/core/interceptor/SdkExecutionAttribute$$Lambda+0x00000160c943a5d0
instanceKlass  @bci software/amazon/awssdk/core/interceptor/SdkExecutionAttribute <clinit> ()V 158 <appendix> argL0 ; # software/amazon/awssdk/core/interceptor/SdkExecutionAttribute$$Lambda+0x00000160c943a3a0
instanceKlass software/amazon/awssdk/core/interceptor/SdkExecutionAttribute
instanceKlass  @bci software/amazon/awssdk/awscore/internal/AwsExecutionContextBuilder invokeInterceptorsAndCreateExecutionContext (Lsoftware/amazon/awssdk/core/client/handler/ClientExecutionParams;Lsoftware/amazon/awssdk/core/client/config/SdkClientConfiguration;)Lsoftware/amazon/awssdk/core/http/ExecutionContext; 28 <appendix> argL0 ; # software/amazon/awssdk/awscore/internal/AwsExecutionContextBuilder$$Lambda+0x00000160c9439f38
instanceKlass software/amazon/awssdk/awscore/internal/AwsExecutionContextBuilder
instanceKlass  @bci software/amazon/awssdk/core/internal/handler/BaseSyncClientHandler execute (Lsoftware/amazon/awssdk/core/client/handler/ClientExecutionParams;)Lsoftware/amazon/awssdk/core/SdkResponse; 4 <appendix> member <vmtarget> ; # software/amazon/awssdk/core/internal/handler/BaseSyncClientHandler$$Lambda+0x00000160c9439ae8
instanceKlass software/amazon/awssdk/awscore/client/handler/AwsSyncClientHandler$Crc32ValidationResponseHandler
instanceKlass software/amazon/awssdk/protocols/core/OperationInfo$Builder
instanceKlass software/amazon/awssdk/protocols/core/OperationInfo
instanceKlass software/amazon/awssdk/services/rekognition/transform/DetectFacesRequestMarshaller
instanceKlass software/amazon/awssdk/core/client/handler/ClientExecutionParams
instanceKlass software/amazon/awssdk/metrics/MetricCollection
instanceKlass software/amazon/awssdk/metrics/NoOpMetricCollector
instanceKlass  @bci software/amazon/awssdk/services/rekognition/DefaultRekognitionClient updateSdkClientConfiguration (Lsoftware/amazon/awssdk/core/SdkRequest;Lsoftware/amazon/awssdk/core/client/config/SdkClientConfiguration;)Lsoftware/amazon/awssdk/core/client/config/SdkClientConfiguration; 4 <appendix> argL0 ; # software/amazon/awssdk/services/rekognition/DefaultRekognitionClient$$Lambda+0x00000160c9438240
instanceKlass software/amazon/awssdk/protocols/json/internal/unmarshall/SdkJsonErrorMessageParser
instanceKlass software/amazon/awssdk/protocols/json/internal/unmarshall/AwsJsonErrorMessageParser
instanceKlass software/amazon/awssdk/protocols/json/internal/unmarshall/ErrorMessageParser
instanceKlass software/amazon/awssdk/protocols/json/internal/unmarshall/JsonErrorCodeParser
instanceKlass software/amazon/awssdk/protocols/json/internal/unmarshall/AwsJsonProtocolErrorUnmarshaller$Builder
instanceKlass software/amazon/awssdk/protocols/json/internal/unmarshall/AwsJsonProtocolErrorUnmarshaller
instanceKlass software/amazon/awssdk/core/http/MetricCollectingHttpResponseHandler
instanceKlass java/util/stream/Streams$2
instanceKlass java/util/stream/Streams$ConcatSpliterator
instanceKlass software/amazon/awssdk/metrics/SdkMetric
instanceKlass software/amazon/awssdk/core/metrics/CoreMetric
instanceKlass software/amazon/awssdk/protocols/json/internal/unmarshall/JsonResponseHandler
instanceKlass software/amazon/awssdk/protocols/json/internal/unmarshall/AwsJsonResponseHandler
instanceKlass  @bci software/amazon/awssdk/protocols/json/BaseAwsJsonProtocolFactory createResponseHandler (Lsoftware/amazon/awssdk/protocols/json/JsonOperationMetadata;Ljava/util/function/Supplier;)Lsoftware/amazon/awssdk/core/http/HttpResponseHandler; 3 <appendix> member <vmtarget> ; # software/amazon/awssdk/protocols/json/BaseAwsJsonProtocolFactory$$Lambda+0x00000160c9432d78
instanceKlass software/amazon/awssdk/http/SdkHttpFullResponse
instanceKlass  @bci software/amazon/awssdk/services/rekognition/DefaultRekognitionClient detectFaces (Lsoftware/amazon/awssdk/services/rekognition/model/DetectFacesRequest;)Lsoftware/amazon/awssdk/services/rekognition/model/DetectFacesResponse; 20 <appendix> argL0 ; # software/amazon/awssdk/services/rekognition/DefaultRekognitionClient$$Lambda+0x00000160c9432b48
instanceKlass software/amazon/awssdk/services/rekognition/model/DetectFacesResponse$Builder
instanceKlass software/amazon/awssdk/services/rekognition/model/RekognitionResponse$Builder
instanceKlass software/amazon/awssdk/awscore/AwsResponseMetadata
instanceKlass software/amazon/awssdk/awscore/AwsResponse$Builder
instanceKlass software/amazon/awssdk/core/SdkResponse$Builder
instanceKlass software/amazon/awssdk/core/SdkResponse
instanceKlass software/amazon/awssdk/protocols/json/JsonOperationMetadata$Builder
instanceKlass software/amazon/awssdk/protocols/json/JsonOperationMetadata
instanceKlass  @bci software/amazon/awssdk/services/rekognition/model/AttributesCopier copyEnumToString (Ljava/util/Collection;)Ljava/util/List; 28 <appendix> member <vmtarget> ; # software/amazon/awssdk/services/rekognition/model/AttributesCopier$$Lambda+0x00000160c9432000
instanceKlass software/amazon/awssdk/services/rekognition/model/AttributesCopier
instanceKlass  @bci software/amazon/awssdk/services/rekognition/model/Attribute <clinit> ()V 342 <appendix> argL0 ; # software/amazon/awssdk/services/rekognition/model/Attribute$$Lambda+0x00000160c94379e0
instanceKlass software/amazon/awssdk/core/util/DefaultSdkAutoConstructList
instanceKlass software/amazon/awssdk/core/util/SdkAutoConstructList
instanceKlass software/amazon/awssdk/awscore/AwsRequest$BuilderImpl
instanceKlass software/amazon/awssdk/core/traits/ListTrait$Builder
instanceKlass software/amazon/awssdk/core/traits/ListTrait
instanceKlass  @bci software/amazon/awssdk/services/rekognition/model/DetectFacesRequest <clinit> ()V 96 <appendix> argL0 ; # software/amazon/awssdk/services/rekognition/model/DetectFacesRequest$$Lambda+0x00000160c94364d8
instanceKlass  @bci software/amazon/awssdk/services/rekognition/model/DetectFacesRequest <clinit> ()V 85 <appendix> argL0 ; # software/amazon/awssdk/services/rekognition/model/DetectFacesRequest$$Lambda+0x00000160c9436288
instanceKlass  @bci software/amazon/awssdk/services/rekognition/model/DetectFacesRequest <clinit> ()V 33 <appendix> argL0 ; # software/amazon/awssdk/services/rekognition/model/DetectFacesRequest$$Lambda+0x00000160c9436058
instanceKlass  @bci software/amazon/awssdk/services/rekognition/model/DetectFacesRequest setter (Ljava/util/function/BiConsumer;)Ljava/util/function/BiConsumer; 1 <appendix> member <vmtarget> ; # software/amazon/awssdk/services/rekognition/model/DetectFacesRequest$$Lambda+0x00000160c9435e10
instanceKlass  @bci software/amazon/awssdk/services/rekognition/model/DetectFacesRequest <clinit> ()V 22 <appendix> argL0 ; # software/amazon/awssdk/services/rekognition/model/DetectFacesRequest$$Lambda+0x00000160c9435bd0
instanceKlass software/amazon/awssdk/core/RequestOverrideConfiguration
instanceKlass  @bci software/amazon/awssdk/services/rekognition/model/DetectFacesRequest getter (Ljava/util/function/Function;)Ljava/util/function/Function; 1 <appendix> member <vmtarget> ; # software/amazon/awssdk/services/rekognition/model/DetectFacesRequest$$Lambda+0x00000160c94356f8
instanceKlass  @bci software/amazon/awssdk/services/rekognition/model/DetectFacesRequest <clinit> ()V 11 <appendix> argL0 ; # software/amazon/awssdk/services/rekognition/model/DetectFacesRequest$$Lambda+0x00000160c94354a8
instanceKlass software/amazon/awssdk/services/rekognition/model/DetectFacesRequest$Builder
instanceKlass software/amazon/awssdk/services/rekognition/model/RekognitionRequest$Builder
instanceKlass software/amazon/awssdk/awscore/AwsRequest$Builder
instanceKlass software/amazon/awssdk/core/SdkRequest$Builder
instanceKlass software/amazon/awssdk/services/rekognition/model/Image$BuilderImpl
instanceKlass  @bci software/amazon/awssdk/services/rekognition/model/Image <clinit> ()V 99 <appendix> argL0 ; # software/amazon/awssdk/services/rekognition/model/Image$$Lambda+0x00000160c9434d80
instanceKlass software/amazon/awssdk/services/rekognition/model/S3Object$Builder
instanceKlass  @bci software/amazon/awssdk/services/rekognition/model/Image <clinit> ()V 88 <appendix> argL0 ; # software/amazon/awssdk/services/rekognition/model/Image$$Lambda+0x00000160c9434b40
instanceKlass  @bci software/amazon/awssdk/services/rekognition/model/Image <clinit> ()V 77 <appendix> argL0 ; # software/amazon/awssdk/services/rekognition/model/Image$$Lambda+0x00000160c94348f0
instanceKlass software/amazon/awssdk/services/rekognition/model/S3Object
instanceKlass  @bci software/amazon/awssdk/core/SdkField$Builder traits ([Lsoftware/amazon/awssdk/core/traits/Trait;)Lsoftware/amazon/awssdk/core/SdkField$Builder; 5 <appendix> member <vmtarget> ; # software/amazon/awssdk/core/SdkField$Builder$$Lambda+0x00000160c9434440
instanceKlass software/amazon/awssdk/core/traits/LocationTrait$Builder
instanceKlass software/amazon/awssdk/core/traits/LocationTrait
instanceKlass software/amazon/awssdk/core/traits/Trait
instanceKlass  @bci software/amazon/awssdk/services/rekognition/model/Image setter (Ljava/util/function/BiConsumer;)Ljava/util/function/BiConsumer; 1 <appendix> member <vmtarget> ; # software/amazon/awssdk/services/rekognition/model/Image$$Lambda+0x00000160c942fb50
instanceKlass  @cpi software/amazon/awssdk/services/rekognition/model/EyeDirection 204 form vmentry <vmtarget> ; # java/lang/invoke/LambdaForm$DMH+0x00000160c9430c00
instanceKlass  @bci software/amazon/awssdk/services/rekognition/model/Image <clinit> ()V 22 <appendix> argL0 ; # software/amazon/awssdk/services/rekognition/model/Image$$Lambda+0x00000160c942f910
instanceKlass  @bci software/amazon/awssdk/services/rekognition/model/Image getter (Ljava/util/function/Function;)Ljava/util/function/Function; 1 <appendix> member <vmtarget> ; # software/amazon/awssdk/services/rekognition/model/Image$$Lambda+0x00000160c942f6b8
instanceKlass  @bci software/amazon/awssdk/services/rekognition/model/Image <clinit> ()V 11 <appendix> argL0 ; # software/amazon/awssdk/services/rekognition/model/Image$$Lambda+0x00000160c942f468
instanceKlass software/amazon/awssdk/core/SdkField$Builder
instanceKlass software/amazon/awssdk/services/rekognition/model/Image$Builder
instanceKlass software/amazon/awssdk/services/rekognition/model/Image
instanceKlass  @bci software/amazon/awssdk/protocols/json/internal/unmarshall/JsonProtocolUnmarshaller createUnmarshallerRegistry (Lsoftware/amazon/awssdk/protocols/core/StringToValueConverter$StringToValue;)Lsoftware/amazon/awssdk/protocols/json/internal/unmarshall/JsonUnmarshallerRegistry; 294 <appendix> argL0 ; # software/amazon/awssdk/protocols/json/internal/unmarshall/JsonProtocolUnmarshaller$$Lambda+0x00000160c942edb0
instanceKlass  @bci software/amazon/awssdk/protocols/json/internal/unmarshall/JsonProtocolUnmarshaller createUnmarshallerRegistry (Lsoftware/amazon/awssdk/protocols/core/StringToValueConverter$StringToValue;)Lsoftware/amazon/awssdk/protocols/json/internal/unmarshall/JsonUnmarshallerRegistry; 283 <appendix> argL0 ; # software/amazon/awssdk/protocols/json/internal/unmarshall/JsonProtocolUnmarshaller$$Lambda+0x00000160c942eb80
instanceKlass  @bci software/amazon/awssdk/protocols/json/internal/unmarshall/JsonProtocolUnmarshaller createUnmarshallerRegistry (Lsoftware/amazon/awssdk/protocols/core/StringToValueConverter$StringToValue;)Lsoftware/amazon/awssdk/protocols/json/internal/unmarshall/JsonUnmarshallerRegistry; 272 <appendix> argL0 ; # software/amazon/awssdk/protocols/json/internal/unmarshall/JsonProtocolUnmarshaller$$Lambda+0x00000160c942e950
instanceKlass  @bci software/amazon/awssdk/protocols/json/internal/unmarshall/JsonProtocolUnmarshaller createUnmarshallerRegistry (Lsoftware/amazon/awssdk/protocols/core/StringToValueConverter$StringToValue;)Lsoftware/amazon/awssdk/protocols/json/internal/unmarshall/JsonUnmarshallerRegistry; 261 <appendix> argL0 ; # software/amazon/awssdk/protocols/json/internal/unmarshall/JsonProtocolUnmarshaller$$Lambda+0x00000160c942e720
instanceKlass  @bci software/amazon/awssdk/protocols/json/internal/unmarshall/JsonProtocolUnmarshaller createUnmarshallerRegistry (Lsoftware/amazon/awssdk/protocols/core/StringToValueConverter$StringToValue;)Lsoftware/amazon/awssdk/protocols/json/internal/unmarshall/JsonUnmarshallerRegistry; 235 <appendix> argL0 ; # software/amazon/awssdk/protocols/json/internal/unmarshall/JsonProtocolUnmarshaller$$Lambda+0x00000160c942e4f0
instanceKlass software/amazon/awssdk/protocols/json/internal/unmarshall/JsonProtocolUnmarshaller$SimpleTypeJsonUnmarshaller
instanceKlass  @bci software/amazon/awssdk/protocols/json/internal/unmarshall/HeaderUnmarshaller <clinit> ()V 100 <appendix> argL0 ; # software/amazon/awssdk/protocols/json/internal/unmarshall/HeaderUnmarshaller$$Lambda+0x00000160c942e080
instanceKlass  @bci software/amazon/awssdk/protocols/core/StringToValueConverter <clinit> ()V 64 <appendix> argL0 ; # software/amazon/awssdk/protocols/core/StringToValueConverter$$Lambda+0x00000160c942de28
instanceKlass  @bci software/amazon/awssdk/protocols/core/StringToValueConverter <clinit> ()V 56 <appendix> argL0 ; # software/amazon/awssdk/protocols/core/StringToValueConverter$$Lambda+0x00000160c942dbd0
instanceKlass  @bci software/amazon/awssdk/protocols/core/StringToValueConverter <clinit> ()V 48 <appendix> argL0 ; # software/amazon/awssdk/protocols/core/StringToValueConverter$$Lambda+0x00000160c942d978
instanceKlass  @bci software/amazon/awssdk/protocols/core/StringToValueConverter <clinit> ()V 40 <appendix> argL0 ; # software/amazon/awssdk/protocols/core/StringToValueConverter$$Lambda+0x00000160c942d720
instanceKlass  @cpi software/amazon/awssdk/protocols/core/StringToValueConverter 92 form vmentry <vmtarget> ; # java/lang/invoke/LambdaForm$DMH+0x00000160c9430800
instanceKlass  @bci software/amazon/awssdk/protocols/core/StringToValueConverter <clinit> ()V 32 <appendix> argL0 ; # software/amazon/awssdk/protocols/core/StringToValueConverter$$Lambda+0x00000160c942d4c8
instanceKlass  @cpi software/amazon/awssdk/protocols/core/StringToValueConverter 89 form vmentry <vmtarget> ; # java/lang/invoke/LambdaForm$DMH+0x00000160c9430400
instanceKlass  @bci software/amazon/awssdk/protocols/core/StringToValueConverter <clinit> ()V 24 <appendix> argL0 ; # software/amazon/awssdk/protocols/core/StringToValueConverter$$Lambda+0x00000160c942d270
instanceKlass  @bci software/amazon/awssdk/protocols/core/StringToValueConverter <clinit> ()V 16 <appendix> argL0 ; # software/amazon/awssdk/protocols/core/StringToValueConverter$$Lambda+0x00000160c942d018
instanceKlass  @cpi software/amazon/awssdk/protocols/core/StringToValueConverter 83 form vmentry <vmtarget> ; # java/lang/invoke/LambdaForm$DMH+0x00000160c9430000
instanceKlass  @bci software/amazon/awssdk/protocols/core/StringToValueConverter <clinit> ()V 8 <appendix> argL0 ; # software/amazon/awssdk/protocols/core/StringToValueConverter$$Lambda+0x00000160c942cdc0
instanceKlass  @bci software/amazon/awssdk/protocols/core/StringToValueConverter <clinit> ()V 0 <appendix> argL0 ; # software/amazon/awssdk/protocols/core/StringToValueConverter$$Lambda+0x00000160c942cb68
instanceKlass software/amazon/awssdk/protocols/core/StringToValueConverter$SimpleStringToValue
instanceKlass software/amazon/awssdk/protocols/core/StringToValueConverter
instanceKlass  @bci software/amazon/awssdk/protocols/json/internal/unmarshall/HeaderUnmarshaller <clinit> ()V 4 <appendix> argL0 ; # software/amazon/awssdk/protocols/json/internal/unmarshall/HeaderUnmarshaller$$Lambda+0x00000160c942c720
instanceKlass software/amazon/awssdk/protocols/json/internal/unmarshall/HeaderUnmarshaller$SimpleHeaderUnmarshaller
instanceKlass software/amazon/awssdk/protocols/json/internal/unmarshall/HeaderUnmarshaller
instanceKlass  @bci software/amazon/awssdk/protocols/json/internal/unmarshall/JsonProtocolUnmarshaller createUnmarshallerRegistry (Lsoftware/amazon/awssdk/protocols/core/StringToValueConverter$StringToValue;)Lsoftware/amazon/awssdk/protocols/json/internal/unmarshall/JsonUnmarshallerRegistry; 6 <appendix> argL0 ; # software/amazon/awssdk/protocols/json/internal/unmarshall/JsonProtocolUnmarshaller$$Lambda+0x00000160c942c098
instanceKlass software/amazon/awssdk/core/SdkField
instanceKlass software/amazon/awssdk/protocols/json/internal/unmarshall/JsonUnmarshallerContext
instanceKlass software/amazon/awssdk/core/document/Document
instanceKlass software/amazon/awssdk/core/BytesWrapper
instanceKlass software/amazon/awssdk/core/protocol/MarshallingType$1
instanceKlass software/amazon/awssdk/core/protocol/MarshallingType
instanceKlass software/amazon/awssdk/protocols/core/AbstractMarshallingRegistry$Builder
instanceKlass software/amazon/awssdk/protocols/core/AbstractMarshallingRegistry
instanceKlass software/amazon/awssdk/protocols/core/StringToInstant
instanceKlass java/util/EnumMap$EntryIterator$Entry
instanceKlass software/amazon/awssdk/protocols/json/StructuredJsonGenerator
instanceKlass software/amazon/awssdk/protocols/json/ErrorCodeParser
instanceKlass software/amazon/awssdk/protocols/json/BaseAwsStructuredJsonFactory
instanceKlass software/amazon/awssdk/protocols/json/internal/AwsStructuredPlainJsonFactory
instanceKlass software/amazon/awssdk/protocols/jsoncore/JsonNodeParser$Builder
instanceKlass software/amazon/awssdk/thirdparty/jackson/core/StreamReadConstraints
instanceKlass software/amazon/awssdk/thirdparty/jackson/core/sym/ByteQuadsCanonicalizer$TableInfo
instanceKlass software/amazon/awssdk/thirdparty/jackson/core/sym/ByteQuadsCanonicalizer
instanceKlass software/amazon/awssdk/thirdparty/jackson/core/sym/CharsToNameCanonicalizer$Bucket
instanceKlass software/amazon/awssdk/thirdparty/jackson/core/sym/CharsToNameCanonicalizer$TableInfo
instanceKlass software/amazon/awssdk/thirdparty/jackson/core/sym/CharsToNameCanonicalizer
instanceKlass software/amazon/awssdk/thirdparty/jackson/core/FormatFeature
instanceKlass software/amazon/awssdk/thirdparty/jackson/core/io/CharTypes
instanceKlass software/amazon/awssdk/thirdparty/jackson/core/io/JsonStringEncoder
instanceKlass software/amazon/awssdk/thirdparty/jackson/core/io/SerializedString
instanceKlass software/amazon/awssdk/thirdparty/jackson/core/util/DefaultPrettyPrinter$Indenter
instanceKlass software/amazon/awssdk/thirdparty/jackson/core/util/DefaultPrettyPrinter
instanceKlass software/amazon/awssdk/thirdparty/jackson/core/util/Instantiatable
instanceKlass software/amazon/awssdk/thirdparty/jackson/core/PrettyPrinter
instanceKlass software/amazon/awssdk/thirdparty/jackson/core/util/JacksonFeature
instanceKlass software/amazon/awssdk/thirdparty/jackson/core/JsonGenerator
instanceKlass software/amazon/awssdk/thirdparty/jackson/core/async/ByteBufferFeeder
instanceKlass software/amazon/awssdk/thirdparty/jackson/core/async/ByteArrayFeeder
instanceKlass software/amazon/awssdk/thirdparty/jackson/core/async/NonBlockingInputFeeder
instanceKlass software/amazon/awssdk/thirdparty/jackson/core/JsonParser
instanceKlass software/amazon/awssdk/thirdparty/jackson/core/TSFBuilder
instanceKlass software/amazon/awssdk/thirdparty/jackson/core/SerializableString
instanceKlass software/amazon/awssdk/thirdparty/jackson/core/TokenStreamFactory
instanceKlass software/amazon/awssdk/thirdparty/jackson/core/Versioned
instanceKlass software/amazon/awssdk/protocols/jsoncore/JsonNode
instanceKlass software/amazon/awssdk/protocols/jsoncore/JsonNodeParser
instanceKlass software/amazon/awssdk/protocols/json/internal/unmarshall/JsonProtocolUnmarshaller$Builder
instanceKlass software/amazon/awssdk/protocols/json/internal/unmarshall/JsonUnmarshaller
instanceKlass software/amazon/awssdk/protocols/jsoncore/JsonNodeVisitor
instanceKlass software/amazon/awssdk/protocols/core/StringToValueConverter$StringToValue
instanceKlass software/amazon/awssdk/protocols/json/internal/unmarshall/JsonProtocolUnmarshaller
instanceKlass  @bci software/amazon/awssdk/services/rekognition/DefaultRekognitionClient init (Lsoftware/amazon/awssdk/protocols/json/BaseAwsJsonProtocolFactory$Builder;)Lsoftware/amazon/awssdk/protocols/json/BaseAwsJsonProtocolFactory$Builder; 741 <appendix> argL0 ; # software/amazon/awssdk/services/rekognition/DefaultRekognitionClient$$Lambda+0x00000160c9422338
instanceKlass software/amazon/awssdk/services/rekognition/model/InternalServerErrorException$Builder
instanceKlass  @bci software/amazon/awssdk/services/rekognition/DefaultRekognitionClient init (Lsoftware/amazon/awssdk/protocols/json/BaseAwsJsonProtocolFactory$Builder;)Lsoftware/amazon/awssdk/protocols/json/BaseAwsJsonProtocolFactory$Builder; 709 <appendix> argL0 ; # software/amazon/awssdk/services/rekognition/DefaultRekognitionClient$$Lambda+0x00000160c9421de0
instanceKlass software/amazon/awssdk/services/rekognition/model/InvalidManifestException$Builder
instanceKlass  @bci software/amazon/awssdk/services/rekognition/DefaultRekognitionClient init (Lsoftware/amazon/awssdk/protocols/json/BaseAwsJsonProtocolFactory$Builder;)Lsoftware/amazon/awssdk/protocols/json/BaseAwsJsonProtocolFactory$Builder; 677 <appendix> argL0 ; # software/amazon/awssdk/services/rekognition/DefaultRekognitionClient$$Lambda+0x00000160c9421888
instanceKlass software/amazon/awssdk/services/rekognition/model/ImageTooLargeException$Builder
instanceKlass  @bci software/amazon/awssdk/services/rekognition/DefaultRekognitionClient init (Lsoftware/amazon/awssdk/protocols/json/BaseAwsJsonProtocolFactory$Builder;)Lsoftware/amazon/awssdk/protocols/json/BaseAwsJsonProtocolFactory$Builder; 645 <appendix> argL0 ; # software/amazon/awssdk/services/rekognition/DefaultRekognitionClient$$Lambda+0x00000160c9421330
instanceKlass software/amazon/awssdk/services/rekognition/model/ConflictException$Builder
instanceKlass  @bci software/amazon/awssdk/services/rekognition/DefaultRekognitionClient init (Lsoftware/amazon/awssdk/protocols/json/BaseAwsJsonProtocolFactory$Builder;)Lsoftware/amazon/awssdk/protocols/json/BaseAwsJsonProtocolFactory$Builder; 613 <appendix> argL0 ; # software/amazon/awssdk/services/rekognition/DefaultRekognitionClient$$Lambda+0x00000160c9420dd8
instanceKlass software/amazon/awssdk/services/rekognition/model/AccessDeniedException$Builder
instanceKlass  @bci software/amazon/awssdk/services/rekognition/DefaultRekognitionClient init (Lsoftware/amazon/awssdk/protocols/json/BaseAwsJsonProtocolFactory$Builder;)Lsoftware/amazon/awssdk/protocols/json/BaseAwsJsonProtocolFactory$Builder; 581 <appendix> argL0 ; # software/amazon/awssdk/services/rekognition/DefaultRekognitionClient$$Lambda+0x00000160c9420880
instanceKlass software/amazon/awssdk/services/rekognition/model/VideoTooLargeException$Builder
instanceKlass  @bci software/amazon/awssdk/services/rekognition/DefaultRekognitionClient init (Lsoftware/amazon/awssdk/protocols/json/BaseAwsJsonProtocolFactory$Builder;)Lsoftware/amazon/awssdk/protocols/json/BaseAwsJsonProtocolFactory$Builder; 549 <appendix> argL0 ; # software/amazon/awssdk/services/rekognition/DefaultRekognitionClient$$Lambda+0x00000160c9420328
instanceKlass software/amazon/awssdk/services/rekognition/model/InvalidS3ObjectException$Builder
instanceKlass  @bci software/amazon/awssdk/services/rekognition/DefaultRekognitionClient init (Lsoftware/amazon/awssdk/protocols/json/BaseAwsJsonProtocolFactory$Builder;)Lsoftware/amazon/awssdk/protocols/json/BaseAwsJsonProtocolFactory$Builder; 517 <appendix> argL0 ; # software/amazon/awssdk/services/rekognition/DefaultRekognitionClient$$Lambda+0x00000160c941fc88
instanceKlass software/amazon/awssdk/services/rekognition/model/SessionNotFoundException$Builder
instanceKlass  @bci software/amazon/awssdk/services/rekognition/DefaultRekognitionClient init (Lsoftware/amazon/awssdk/protocols/json/BaseAwsJsonProtocolFactory$Builder;)Lsoftware/amazon/awssdk/protocols/json/BaseAwsJsonProtocolFactory$Builder; 485 <appendix> argL0 ; # software/amazon/awssdk/services/rekognition/DefaultRekognitionClient$$Lambda+0x00000160c941f730
instanceKlass software/amazon/awssdk/services/rekognition/model/ThrottlingException$Builder
instanceKlass  @bci software/amazon/awssdk/services/rekognition/DefaultRekognitionClient init (Lsoftware/amazon/awssdk/protocols/json/BaseAwsJsonProtocolFactory$Builder;)Lsoftware/amazon/awssdk/protocols/json/BaseAwsJsonProtocolFactory$Builder; 453 <appendix> argL0 ; # software/amazon/awssdk/services/rekognition/DefaultRekognitionClient$$Lambda+0x00000160c941f1d8
instanceKlass software/amazon/awssdk/services/rekognition/model/InvalidImageFormatException$Builder
instanceKlass  @bci software/amazon/awssdk/services/rekognition/DefaultRekognitionClient init (Lsoftware/amazon/awssdk/protocols/json/BaseAwsJsonProtocolFactory$Builder;)Lsoftware/amazon/awssdk/protocols/json/BaseAwsJsonProtocolFactory$Builder; 421 <appendix> argL0 ; # software/amazon/awssdk/services/rekognition/DefaultRekognitionClient$$Lambda+0x00000160c941ec80
instanceKlass software/amazon/awssdk/services/rekognition/model/ResourceInUseException$Builder
instanceKlass  @bci software/amazon/awssdk/services/rekognition/DefaultRekognitionClient init (Lsoftware/amazon/awssdk/protocols/json/BaseAwsJsonProtocolFactory$Builder;)Lsoftware/amazon/awssdk/protocols/json/BaseAwsJsonProtocolFactory$Builder; 389 <appendix> argL0 ; # software/amazon/awssdk/services/rekognition/DefaultRekognitionClient$$Lambda+0x00000160c941e728
instanceKlass software/amazon/awssdk/services/rekognition/model/InvalidParameterException$Builder
instanceKlass  @bci software/amazon/awssdk/services/rekognition/DefaultRekognitionClient init (Lsoftware/amazon/awssdk/protocols/json/BaseAwsJsonProtocolFactory$Builder;)Lsoftware/amazon/awssdk/protocols/json/BaseAwsJsonProtocolFactory$Builder; 357 <appendix> argL0 ; # software/amazon/awssdk/services/rekognition/DefaultRekognitionClient$$Lambda+0x00000160c941e1d0
instanceKlass software/amazon/awssdk/services/rekognition/model/InvalidPaginationTokenException$Builder
instanceKlass  @bci software/amazon/awssdk/services/rekognition/DefaultRekognitionClient init (Lsoftware/amazon/awssdk/protocols/json/BaseAwsJsonProtocolFactory$Builder;)Lsoftware/amazon/awssdk/protocols/json/BaseAwsJsonProtocolFactory$Builder; 325 <appendix> argL0 ; # software/amazon/awssdk/services/rekognition/DefaultRekognitionClient$$Lambda+0x00000160c941dc78
instanceKlass software/amazon/awssdk/services/rekognition/model/ResourceAlreadyExistsException$Builder
instanceKlass  @bci software/amazon/awssdk/services/rekognition/DefaultRekognitionClient init (Lsoftware/amazon/awssdk/protocols/json/BaseAwsJsonProtocolFactory$Builder;)Lsoftware/amazon/awssdk/protocols/json/BaseAwsJsonProtocolFactory$Builder; 293 <appendix> argL0 ; # software/amazon/awssdk/services/rekognition/DefaultRekognitionClient$$Lambda+0x00000160c941d720
instanceKlass software/amazon/awssdk/services/rekognition/model/ProvisionedThroughputExceededException$Builder
instanceKlass  @bci software/amazon/awssdk/services/rekognition/DefaultRekognitionClient init (Lsoftware/amazon/awssdk/protocols/json/BaseAwsJsonProtocolFactory$Builder;)Lsoftware/amazon/awssdk/protocols/json/BaseAwsJsonProtocolFactory$Builder; 261 <appendix> argL0 ; # software/amazon/awssdk/services/rekognition/DefaultRekognitionClient$$Lambda+0x00000160c941d1c8
instanceKlass software/amazon/awssdk/services/rekognition/model/IdempotentParameterMismatchException$Builder
instanceKlass  @bci software/amazon/awssdk/services/rekognition/DefaultRekognitionClient init (Lsoftware/amazon/awssdk/protocols/json/BaseAwsJsonProtocolFactory$Builder;)Lsoftware/amazon/awssdk/protocols/json/BaseAwsJsonProtocolFactory$Builder; 229 <appendix> argL0 ; # software/amazon/awssdk/services/rekognition/DefaultRekognitionClient$$Lambda+0x00000160c941cc70
instanceKlass software/amazon/awssdk/services/rekognition/model/ResourceNotFoundException$Builder
instanceKlass  @bci software/amazon/awssdk/services/rekognition/DefaultRekognitionClient init (Lsoftware/amazon/awssdk/protocols/json/BaseAwsJsonProtocolFactory$Builder;)Lsoftware/amazon/awssdk/protocols/json/BaseAwsJsonProtocolFactory$Builder; 197 <appendix> argL0 ; # software/amazon/awssdk/services/rekognition/DefaultRekognitionClient$$Lambda+0x00000160c941c718
instanceKlass software/amazon/awssdk/services/rekognition/model/LimitExceededException$Builder
instanceKlass  @bci software/amazon/awssdk/services/rekognition/DefaultRekognitionClient init (Lsoftware/amazon/awssdk/protocols/json/BaseAwsJsonProtocolFactory$Builder;)Lsoftware/amazon/awssdk/protocols/json/BaseAwsJsonProtocolFactory$Builder; 165 <appendix> argL0 ; # software/amazon/awssdk/services/rekognition/DefaultRekognitionClient$$Lambda+0x00000160c941c1c0
instanceKlass software/amazon/awssdk/services/rekognition/model/ServiceQuotaExceededException$Builder
instanceKlass  @bci software/amazon/awssdk/services/rekognition/DefaultRekognitionClient init (Lsoftware/amazon/awssdk/protocols/json/BaseAwsJsonProtocolFactory$Builder;)Lsoftware/amazon/awssdk/protocols/json/BaseAwsJsonProtocolFactory$Builder; 133 <appendix> argL0 ; # software/amazon/awssdk/services/rekognition/DefaultRekognitionClient$$Lambda+0x00000160c941bc68
instanceKlass software/amazon/awssdk/services/rekognition/model/HumanLoopQuotaExceededException$Builder
instanceKlass  @bci software/amazon/awssdk/services/rekognition/DefaultRekognitionClient init (Lsoftware/amazon/awssdk/protocols/json/BaseAwsJsonProtocolFactory$Builder;)Lsoftware/amazon/awssdk/protocols/json/BaseAwsJsonProtocolFactory$Builder; 101 <appendix> argL0 ; # software/amazon/awssdk/services/rekognition/DefaultRekognitionClient$$Lambda+0x00000160c941b710
instanceKlass software/amazon/awssdk/services/rekognition/model/InvalidPolicyRevisionIdException$Builder
instanceKlass  @bci software/amazon/awssdk/services/rekognition/DefaultRekognitionClient init (Lsoftware/amazon/awssdk/protocols/json/BaseAwsJsonProtocolFactory$Builder;)Lsoftware/amazon/awssdk/protocols/json/BaseAwsJsonProtocolFactory$Builder; 69 <appendix> argL0 ; # software/amazon/awssdk/services/rekognition/DefaultRekognitionClient$$Lambda+0x00000160c941b1b8
instanceKlass software/amazon/awssdk/services/rekognition/model/ResourceNotReadyException$Builder
instanceKlass  @bci software/amazon/awssdk/services/rekognition/DefaultRekognitionClient init (Lsoftware/amazon/awssdk/protocols/json/BaseAwsJsonProtocolFactory$Builder;)Lsoftware/amazon/awssdk/protocols/json/BaseAwsJsonProtocolFactory$Builder; 37 <appendix> argL0 ; # software/amazon/awssdk/services/rekognition/DefaultRekognitionClient$$Lambda+0x00000160c941ac60
instanceKlass software/amazon/awssdk/services/rekognition/model/MalformedPolicyDocumentException$Builder
instanceKlass software/amazon/awssdk/protocols/core/ExceptionMetadata$Builder
instanceKlass software/amazon/awssdk/protocols/core/ExceptionMetadata
instanceKlass  @bci software/amazon/awssdk/services/rekognition/DefaultRekognitionClient init (Lsoftware/amazon/awssdk/protocols/json/BaseAwsJsonProtocolFactory$Builder;)Lsoftware/amazon/awssdk/protocols/json/BaseAwsJsonProtocolFactory$Builder; 8 <appendix> argL0 ; # software/amazon/awssdk/services/rekognition/DefaultRekognitionClient$$Lambda+0x00000160c9419e68
instanceKlass software/amazon/awssdk/services/rekognition/model/RekognitionException$Builder
instanceKlass software/amazon/awssdk/awscore/exception/AwsServiceException$Builder
instanceKlass software/amazon/awssdk/core/exception/SdkServiceException$Builder
instanceKlass software/amazon/awssdk/core/exception/SdkException$Builder
instanceKlass software/amazon/awssdk/protocols/json/AwsJsonProtocolMetadata$Builder
instanceKlass software/amazon/awssdk/protocols/json/AwsJsonProtocolMetadata
instanceKlass software/amazon/awssdk/protocols/json/DefaultJsonContentTypeResolver
instanceKlass software/amazon/awssdk/protocols/json/StructuredJsonFactory
instanceKlass software/amazon/awssdk/protocols/json/JsonContentTypeResolver
instanceKlass software/amazon/awssdk/core/client/config/SdkClientOptionValidation
instanceKlass software/amazon/awssdk/core/internal/retry/ClockSkewAdjuster
instanceKlass software/amazon/awssdk/core/SdkGlobalTime
instanceKlass software/amazon/awssdk/core/internal/http/SdkClientTime
instanceKlass software/amazon/awssdk/core/internal/http/HttpClientDependencies$Builder
instanceKlass software/amazon/awssdk/core/internal/http/HttpClientDependencies
instanceKlass software/amazon/awssdk/core/internal/http/AmazonSyncHttpClient
instanceKlass software/amazon/awssdk/core/http/HttpResponseHandler
instanceKlass software/amazon/awssdk/http/SdkHttpRequest
instanceKlass software/amazon/awssdk/core/interceptor/Context$AfterUnmarshalling
instanceKlass software/amazon/awssdk/core/interceptor/Context$BeforeUnmarshalling
instanceKlass software/amazon/awssdk/core/interceptor/Context$ModifyHttpResponse
instanceKlass software/amazon/awssdk/core/interceptor/Context$AfterTransmission
instanceKlass software/amazon/awssdk/core/interceptor/Context$BeforeTransmission
instanceKlass software/amazon/awssdk/core/interceptor/Context$ModifyHttpRequest
instanceKlass software/amazon/awssdk/http/SdkHttpResponse
instanceKlass software/amazon/awssdk/core/interceptor/Context$AfterMarshalling
instanceKlass software/amazon/awssdk/core/interceptor/Context$BeforeMarshalling
instanceKlass software/amazon/awssdk/core/interceptor/Context$ModifyRequest
instanceKlass software/amazon/awssdk/core/interceptor/Context$BeforeExecution
instanceKlass software/amazon/awssdk/core/internal/handler/BaseClientHandler
instanceKlass software/amazon/awssdk/awscore/internal/AwsProtocolMetadata$Builder
instanceKlass software/amazon/awssdk/awscore/internal/AwsProtocolMetadata
instanceKlass software/amazon/awssdk/core/runtime/transform/Marshaller
instanceKlass software/amazon/awssdk/core/SdkProtocolMetadata
instanceKlass software/amazon/awssdk/metrics/MetricCollector
instanceKlass software/amazon/awssdk/core/SdkRequest
instanceKlass software/amazon/awssdk/core/SdkPojo
instanceKlass software/amazon/awssdk/protocols/json/BaseAwsJsonProtocolFactory
instanceKlass software/amazon/awssdk/protocols/json/BaseAwsJsonProtocolFactory$Builder
instanceKlass software/amazon/awssdk/core/client/handler/SyncClientHandler
instanceKlass software/amazon/awssdk/services/rekognition/DefaultRekognitionClient
instanceKlass  @bci software/amazon/awssdk/core/internal/http/pipeline/stages/ApplyUserAgentStage <clinit> ()V 24 <appendix> argL0 ; # software/amazon/awssdk/core/internal/http/pipeline/stages/ApplyUserAgentStage$$Lambda+0x00000160c9408b88
instanceKlass java/util/function/UnaryOperator
instanceKlass  @bci software/amazon/awssdk/core/internal/http/pipeline/stages/ApplyUserAgentStage <clinit> ()V 16 <appendix> argL0 ; # software/amazon/awssdk/core/internal/http/pipeline/stages/ApplyUserAgentStage$$Lambda+0x00000160c9408930
instanceKlass  @bci software/amazon/awssdk/core/internal/http/pipeline/stages/ApplyUserAgentStage <clinit> ()V 8 <appendix> argL0 ; # software/amazon/awssdk/core/internal/http/pipeline/stages/ApplyUserAgentStage$$Lambda+0x00000160c94086d8
instanceKlass  @cpi software/amazon/awssdk/services/rekognition/model/EyeDirection 201 form vmentry <vmtarget> ; # java/lang/invoke/LambdaForm$DMH+0x00000160c940c000
instanceKlass software/amazon/awssdk/core/internal/http/pipeline/stages/ApplyUserAgentStage
instanceKlass software/amazon/awssdk/core/internal/http/pipeline/MutableRequestToRequestPipeline
instanceKlass software/amazon/awssdk/core/internal/http/pipeline/RequestPipeline
instanceKlass software/amazon/awssdk/utils/DaemonThreadFactory
instanceKlass software/amazon/awssdk/utils/NamedThreadFactory
instanceKlass software/amazon/awssdk/utils/ThreadFactoryBuilder
instanceKlass  @bci software/amazon/awssdk/core/client/builder/SdkDefaultClientBuilder lambda$resolveMinCompressionThreshold$11 (Lsoftware/amazon/awssdk/utils/AttributeMap$LazyValueSource;)Ljava/util/Optional; 43 <appendix> argL0 ; # software/amazon/awssdk/core/client/builder/SdkDefaultClientBuilder$$Lambda+0x00000160c9407a60
instanceKlass  @bci software/amazon/awssdk/core/client/builder/SdkDefaultClientBuilder lambda$resolveMinCompressionThreshold$11 (Lsoftware/amazon/awssdk/utils/AttributeMap$LazyValueSource;)Ljava/util/Optional; 35 <appendix> argL0 ; # software/amazon/awssdk/core/client/builder/SdkDefaultClientBuilder$$Lambda+0x00000160c9407810
instanceKlass  @bci software/amazon/awssdk/core/client/builder/SdkDefaultClientBuilder resolveMinCompressionThreshold (Lsoftware/amazon/awssdk/utils/AttributeMap$LazyValueSource;Lsoftware/amazon/awssdk/core/CompressionConfiguration;)Ljava/lang/Integer; 15 <appendix> member <vmtarget> ; # software/amazon/awssdk/core/client/builder/SdkDefaultClientBuilder$$Lambda+0x00000160c94075d8
instanceKlass  @bci software/amazon/awssdk/core/client/builder/SdkDefaultClientBuilder resolveMinCompressionThreshold (Lsoftware/amazon/awssdk/utils/AttributeMap$LazyValueSource;Lsoftware/amazon/awssdk/core/CompressionConfiguration;)Ljava/lang/Integer; 8 <appendix> member <vmtarget> ; # software/amazon/awssdk/core/client/builder/SdkDefaultClientBuilder$$Lambda+0x00000160c94073a0
instanceKlass  @bci software/amazon/awssdk/core/client/builder/SdkDefaultClientBuilder lambda$resolveCompressionEnabled$9 (Lsoftware/amazon/awssdk/utils/AttributeMap$LazyValueSource;)Ljava/util/Optional; 43 <appendix> argL0 ; # software/amazon/awssdk/core/client/builder/SdkDefaultClientBuilder$$Lambda+0x00000160c9407150
instanceKlass  @bci software/amazon/awssdk/core/client/builder/SdkDefaultClientBuilder lambda$resolveCompressionEnabled$9 (Lsoftware/amazon/awssdk/utils/AttributeMap$LazyValueSource;)Ljava/util/Optional; 35 <appendix> argL0 ; # software/amazon/awssdk/core/client/builder/SdkDefaultClientBuilder$$Lambda+0x00000160c9406f00
instanceKlass  @bci software/amazon/awssdk/core/client/builder/SdkDefaultClientBuilder lambda$resolveCompressionEnabled$6 ()Ljava/util/Optional; 6 <appendix> argL0 ; # software/amazon/awssdk/core/client/builder/SdkDefaultClientBuilder$$Lambda+0x00000160c9406cb0
instanceKlass  @bci software/amazon/awssdk/core/client/builder/SdkDefaultClientBuilder resolveCompressionEnabled (Lsoftware/amazon/awssdk/utils/AttributeMap$LazyValueSource;Lsoftware/amazon/awssdk/core/CompressionConfiguration;)Ljava/lang/Boolean; 7 <appendix> member <vmtarget> ; # software/amazon/awssdk/core/client/builder/SdkDefaultClientBuilder$$Lambda+0x00000160c9406a78
instanceKlass  @bci software/amazon/awssdk/core/client/builder/SdkDefaultClientBuilder resolveCompressionEnabled (Lsoftware/amazon/awssdk/utils/AttributeMap$LazyValueSource;Lsoftware/amazon/awssdk/core/CompressionConfiguration;)Ljava/lang/Boolean; 0 <appendix> argL0 ; # software/amazon/awssdk/core/client/builder/SdkDefaultClientBuilder$$Lambda+0x00000160c9406848
instanceKlass  @bci software/amazon/awssdk/core/client/builder/SdkDefaultClientBuilder finalizeConfiguration (Lsoftware/amazon/awssdk/core/client/config/SdkClientConfiguration;)Lsoftware/amazon/awssdk/core/client/config/SdkClientConfiguration; 66 <appendix> argL0 ; # software/amazon/awssdk/core/client/builder/SdkDefaultClientBuilder$$Lambda+0x00000160c9406618
instanceKlass  @bci software/amazon/awssdk/core/client/builder/SdkDefaultClientBuilder finalizeConfiguration (Lsoftware/amazon/awssdk/core/client/config/SdkClientConfiguration;)Lsoftware/amazon/awssdk/core/client/config/SdkClientConfiguration; 55 <appendix> member <vmtarget> ; # software/amazon/awssdk/core/client/builder/SdkDefaultClientBuilder$$Lambda+0x00000160c94063e0
instanceKlass  @bci software/amazon/awssdk/core/client/builder/SdkDefaultClientBuilder finalizeConfiguration (Lsoftware/amazon/awssdk/core/client/config/SdkClientConfiguration;)Lsoftware/amazon/awssdk/core/client/config/SdkClientConfiguration; 43 <appendix> member <vmtarget> ; # software/amazon/awssdk/core/client/builder/SdkDefaultClientBuilder$$Lambda+0x00000160c94061a8
instanceKlass  @bci software/amazon/awssdk/core/internal/interceptor/HttpChecksumValidationInterceptor <clinit> ()V 0 <appendix> argL0 ; # software/amazon/awssdk/core/internal/interceptor/HttpChecksumValidationInterceptor$$Lambda+0x00000160c9405f48
instanceKlass software/amazon/awssdk/core/internal/interceptor/HttpChecksumValidationInterceptor
instanceKlass  @bci software/amazon/awssdk/core/client/builder/SdkDefaultClientBuilder finalizeConfiguration (Lsoftware/amazon/awssdk/core/client/config/SdkClientConfiguration;)Lsoftware/amazon/awssdk/core/client/config/SdkClientConfiguration; 20 <appendix> member <vmtarget> ; # software/amazon/awssdk/core/client/builder/SdkDefaultClientBuilder$$Lambda+0x00000160c94057d0
instanceKlass  @bci software/amazon/awssdk/core/client/builder/SdkDefaultClientBuilder finalizeConfiguration (Lsoftware/amazon/awssdk/core/client/config/SdkClientConfiguration;)Lsoftware/amazon/awssdk/core/client/config/SdkClientConfiguration; 8 <appendix> member <vmtarget> ; # software/amazon/awssdk/core/client/builder/SdkDefaultClientBuilder$$Lambda+0x00000160c9405598
instanceKlass  @bci software/amazon/awssdk/core/internal/http/loader/DefaultSdkHttpClientBuilder buildWithDefaults (Lsoftware/amazon/awssdk/utils/AttributeMap;)Lsoftware/amazon/awssdk/http/SdkHttpClient; 25 <appendix> argL0 ; # software/amazon/awssdk/core/internal/http/loader/DefaultSdkHttpClientBuilder$$Lambda+0x00000160c9405368
instanceKlass software/amazon/awssdk/http/apache/internal/DefaultConfiguration
instanceKlass software/amazon/awssdk/http/apache/internal/ApacheHttpRequestConfig$Builder
instanceKlass software/amazon/awssdk/http/apache/internal/ApacheHttpRequestConfig
instanceKlass org/apache/http/client/config/RequestConfig$Builder
instanceKlass org/apache/http/client/config/RequestConfig
instanceKlass org/apache/http/conn/ClientConnectionManager
instanceKlass org/apache/http/impl/client/HttpClientBuilder$2
instanceKlass org/apache/http/impl/client/BasicCredentialsProvider
instanceKlass org/apache/http/cookie/CookieIdentityComparator
instanceKlass org/apache/http/impl/client/BasicCookieStore
instanceKlass org/apache/http/impl/cookie/IgnoreSpecProvider
instanceKlass org/apache/http/impl/cookie/NetscapeDraftSpecProvider
instanceKlass org/apache/http/impl/cookie/RFC6265CookieSpecProvider
instanceKlass org/apache/http/cookie/CookieSpec
instanceKlass org/apache/http/impl/cookie/BasicPathHandler
instanceKlass org/apache/http/cookie/CommonCookieAttributeHandler
instanceKlass org/apache/http/cookie/CookieAttributeHandler
instanceKlass org/apache/http/impl/cookie/DefaultCookieSpecProvider
instanceKlass org/apache/http/cookie/CookieSpecProvider
instanceKlass org/apache/http/impl/client/CookieSpecRegistries
instanceKlass org/apache/http/impl/auth/KerberosSchemeFactory
instanceKlass org/apache/http/impl/auth/SPNegoSchemeFactory
instanceKlass org/apache/http/impl/auth/NTLMSchemeFactory
instanceKlass org/apache/http/impl/auth/DigestSchemeFactory
instanceKlass org/apache/http/auth/AuthScheme
instanceKlass org/apache/http/impl/auth/BasicSchemeFactory
instanceKlass org/apache/http/auth/AuthSchemeProvider
instanceKlass org/apache/http/auth/AuthSchemeFactory
instanceKlass org/apache/http/impl/conn/DefaultRoutePlanner
instanceKlass org/apache/http/auth/Credentials
instanceKlass org/apache/http/impl/execchain/ProtocolExec
instanceKlass org/apache/http/client/protocol/ResponseProcessCookies
instanceKlass org/apache/http/client/protocol/RequestAuthCache
instanceKlass org/apache/http/client/protocol/RequestAddCookies
instanceKlass org/apache/http/protocol/ChainBuilder
instanceKlass org/apache/http/client/protocol/RequestExpectContinue
instanceKlass org/apache/http/client/protocol/RequestClientConnControl
instanceKlass org/apache/http/protocol/RequestContent
instanceKlass org/apache/http/client/protocol/RequestDefaultHeaders
instanceKlass org/apache/http/protocol/HttpProcessorBuilder
instanceKlass org/apache/http/conn/routing/BasicRouteDirector
instanceKlass org/apache/http/impl/auth/HttpAuthenticator
instanceKlass org/apache/http/conn/routing/RouteInfo
instanceKlass org/apache/http/client/methods/CloseableHttpResponse
instanceKlass org/apache/http/conn/routing/HttpRouteDirector
instanceKlass org/apache/http/impl/execchain/MainClientExec
instanceKlass org/apache/http/protocol/RequestUserAgent
instanceKlass org/apache/http/protocol/RequestTargetHost
instanceKlass org/apache/http/protocol/ImmutableHttpProcessor
instanceKlass org/apache/http/impl/client/DefaultUserTokenHandler
instanceKlass org/apache/http/client/AuthCache
instanceKlass org/apache/http/impl/client/AuthenticationStrategyImpl
instanceKlass software/amazon/awssdk/http/apache/internal/impl/ApacheSdkHttpClient
instanceKlass software/amazon/awssdk/http/apache/internal/conn/IdleConnectionReaper$ReaperTask
instanceKlass  @bci software/amazon/awssdk/http/apache/internal/conn/IdleConnectionReaper lambda$new$1 ()Ljava/util/concurrent/ExecutorService; 0 <appendix> argL0 ; # software/amazon/awssdk/http/apache/internal/conn/IdleConnectionReaper$$Lambda+0x00000160c93bcb20
instanceKlass  @bci software/amazon/awssdk/http/apache/internal/conn/IdleConnectionReaper <init> ()V 19 <appendix> argL0 ; # software/amazon/awssdk/http/apache/internal/conn/IdleConnectionReaper$$Lambda+0x00000160c93bc8f0
instanceKlass software/amazon/awssdk/http/apache/internal/conn/IdleConnectionReaper
instanceKlass software/amazon/awssdk/http/apache/internal/conn/ClientConnectionManagerFactory$DelegatingHttpClientConnectionManager
instanceKlass software/amazon/awssdk/http/apache/internal/conn/ClientConnectionManagerFactory
instanceKlass org/apache/http/HeaderIterator
instanceKlass org/apache/http/TokenIterator
instanceKlass org/apache/http/impl/DefaultConnectionReuseStrategy
instanceKlass software/amazon/awssdk/http/apache/internal/conn/SdkConnectionKeepAliveStrategy
instanceKlass org/apache/http/protocol/HttpRequestExecutor
instanceKlass org/apache/http/config/SocketConfig$Builder
instanceKlass org/apache/http/config/SocketConfig
instanceKlass org/apache/http/impl/entity/StrictContentLengthStrategy
instanceKlass org/apache/http/impl/entity/LaxContentLengthStrategy
instanceKlass org/apache/http/impl/EnglishReasonPhraseCatalog
instanceKlass org/apache/http/HttpResponse
instanceKlass org/apache/http/ReasonPhraseCatalog
instanceKlass org/apache/http/impl/DefaultHttpResponseFactory
instanceKlass org/apache/http/StatusLine
instanceKlass org/apache/http/RequestLine
instanceKlass org/apache/http/ProtocolVersion
instanceKlass org/apache/http/Header
instanceKlass org/apache/http/NameValuePair
instanceKlass org/apache/http/message/BasicLineParser
instanceKlass org/apache/http/io/HttpMessageParser
instanceKlass org/apache/http/HttpResponseFactory
instanceKlass org/apache/http/message/LineParser
instanceKlass org/apache/http/impl/conn/DefaultHttpResponseParserFactory
instanceKlass org/apache/http/message/BasicLineFormatter
instanceKlass org/apache/http/io/HttpMessageWriter
instanceKlass org/apache/http/message/LineFormatter
instanceKlass org/apache/http/impl/io/DefaultHttpRequestWriterFactory
instanceKlass org/apache/http/impl/BHttpConnectionBase
instanceKlass org/apache/http/conn/ManagedHttpClientConnection
instanceKlass org/apache/http/HttpInetConnection
instanceKlass org/apache/http/HttpClientConnection
instanceKlass org/apache/http/HttpConnection
instanceKlass org/apache/http/entity/ContentLengthStrategy
instanceKlass org/apache/http/io/HttpMessageParserFactory
instanceKlass org/apache/http/io/HttpMessageWriterFactory
instanceKlass org/apache/http/impl/conn/ManagedHttpClientConnectionFactory
instanceKlass org/apache/http/conn/HttpConnectionFactory
instanceKlass org/apache/http/impl/conn/PoolingHttpClientConnectionManager$InternalConnectionFactory
instanceKlass org/apache/http/pool/RouteSpecificPool
instanceKlass org/apache/http/pool/AbstractConnPool
instanceKlass org/apache/http/pool/ConnPool
instanceKlass org/apache/http/impl/conn/PoolingHttpClientConnectionManager$ConfigData
instanceKlass org/apache/http/impl/conn/SystemDefaultDnsResolver
instanceKlass org/apache/http/conn/DnsResolver
instanceKlass org/apache/http/impl/conn/DefaultHttpClientConnectionOperator
instanceKlass org/apache/http/impl/conn/DefaultSchemePortResolver
instanceKlass org/apache/http/config/Registry
instanceKlass org/apache/http/util/TextUtils
instanceKlass org/apache/http/conn/socket/PlainConnectionSocketFactory
instanceKlass org/apache/http/config/RegistryBuilder
instanceKlass org/apache/http/conn/ConnectionRequest
instanceKlass org/apache/http/concurrent/Cancellable
instanceKlass org/apache/http/pool/PoolEntry
instanceKlass org/apache/http/pool/PoolEntryCallback
instanceKlass org/apache/http/conn/HttpClientConnectionOperator
instanceKlass org/apache/http/pool/ConnFactory
instanceKlass org/apache/http/impl/conn/PoolingHttpClientConnectionManager
instanceKlass org/apache/http/pool/ConnPoolControl
instanceKlass javax/net/SocketFactory
instanceKlass org/apache/http/conn/util/PublicSuffixMatcher
instanceKlass org/apache/http/conn/util/PublicSuffixList
instanceKlass org/apache/http/Consts
instanceKlass org/apache/http/conn/util/PublicSuffixListParser
instanceKlass org/apache/http/util/Args
instanceKlass org/apache/http/conn/util/PublicSuffixMatcherLoader
instanceKlass org/apache/http/conn/ssl/DefaultHostnameVerifier
instanceKlass  @bci sun/security/ssl/SSLContextImpl engineInit ([Ljavax/net/ssl/KeyManager;[Ljavax/net/ssl/TrustManager;Ljava/security/SecureRandom;)V 57 <appendix> argL0 ; # sun/security/ssl/SSLContextImpl$$Lambda+0x00000160c93e2c40
instanceKlass javax/net/ssl/X509ExtendedTrustManager
instanceKlass javax/net/ssl/X509TrustManager
instanceKlass javax/net/ssl/TrustManager
instanceKlass sun/security/validator/TrustStoreUtil
instanceKlass sun/security/x509/AccessDescription
instanceKlass sun/security/x509/DNSName
instanceKlass sun/security/x509/URIName
instanceKlass sun/security/x509/DistributionPoint
instanceKlass sun/security/x509/NetscapeCertTypeExtension$MapEntry
instanceKlass java/security/cert/PolicyQualifierInfo
instanceKlass sun/security/x509/CertificatePolicyId
instanceKlass sun/security/x509/PolicyInformation
instanceKlass java/security/interfaces/ECPublicKey
instanceKlass java/security/interfaces/ECKey
instanceKlass sun/security/x509/GeneralName
instanceKlass java/security/PKCS12Attribute
instanceKlass java/security/KeyStore$Entry$Attribute
instanceKlass sun/security/pkcs12/PKCS12KeyStore$Entry
instanceKlass jdk/internal/event/EventHelper$ThreadTrackHolder
instanceKlass jdk/internal/event/EventHelper
instanceKlass sun/security/jca/JCAUtil
instanceKlass sun/security/util/MemoryCache$CacheEntry
instanceKlass sun/security/x509/GeneralNames
instanceKlass sun/security/x509/KeyIdentifier
# instanceKlass java/lang/invoke/LambdaForm$MH+0x00000160c93b4000
instanceKlass sun/security/x509/OIDMap$OIDInfo
instanceKlass sun/security/x509/PKIXExtensions
instanceKlass sun/security/x509/OIDMap
instanceKlass sun/security/x509/Extension
instanceKlass java/security/cert/Extension
instanceKlass sun/security/x509/CertificateExtensions
instanceKlass sun/security/rsa/RSAUtil
instanceKlass java/security/interfaces/RSAPublicKey
instanceKlass java/security/interfaces/RSAKey
instanceKlass java/security/spec/PSSParameterSpec
instanceKlass java/security/spec/RSAPrivateKeySpec
instanceKlass java/security/spec/RSAPublicKeySpec
instanceKlass  @bci java/security/spec/EncodedKeySpec <clinit> ()V 0 <appendix> argL0 ; # java/security/spec/EncodedKeySpec$$Lambda+0x00000160c93da360
instanceKlass  @cpi javax/crypto/spec/SecretKeySpec 169 form vmentry <vmtarget> ; # java/lang/invoke/LambdaForm$DMH+0x00000160c93a8400
instanceKlass jdk/internal/access/JavaSecuritySpecAccess
instanceKlass java/security/spec/EncodedKeySpec
instanceKlass java/security/spec/KeySpec
instanceKlass sun/security/util/BitArray
instanceKlass sun/security/x509/X509Key
instanceKlass java/security/PublicKey
instanceKlass java/security/AsymmetricKey
instanceKlass java/security/Key
instanceKlass sun/security/x509/CertificateX509Key
instanceKlass sun/security/x509/CertificateValidity
instanceKlass sun/security/x509/AVA
instanceKlass sun/security/x509/RDN
instanceKlass sun/security/x509/X500Name
instanceKlass sun/security/x509/GeneralNameInterface
instanceKlass sun/security/x509/CertificateAlgorithmId
instanceKlass sun/security/x509/SerialNumber
instanceKlass sun/security/x509/CertificateSerialNumber
instanceKlass sun/security/x509/CertificateVersion
instanceKlass sun/security/x509/X509CertInfo
instanceKlass sun/security/x509/AlgorithmId
instanceKlass java/security/cert/X509Extension
instanceKlass sun/security/util/Cache$EqualByteArray
instanceKlass java/security/cert/CertificateFactorySpi
instanceKlass java/security/cert/CertificateFactory
instanceKlass sun/security/pkcs/ContentInfo
instanceKlass sun/security/util/IOUtils
instanceKlass sun/security/util/DerInputStream
instanceKlass sun/security/util/DerValue
instanceKlass java/security/KeyStoreSpi
instanceKlass java/security/KeyStore
instanceKlass sun/security/util/FilePaths
instanceKlass sun/security/ssl/TrustStoreManager$TrustStoreDescriptor
instanceKlass sun/security/ssl/TrustStoreManager$TrustAnchorManager
instanceKlass sun/security/ssl/TrustStoreManager
instanceKlass javax/net/ssl/TrustManagerFactorySpi
instanceKlass javax/net/ssl/TrustManagerFactory
instanceKlass javax/net/ssl/X509ExtendedKeyManager
instanceKlass javax/net/ssl/X509KeyManager
instanceKlass sun/security/util/Cache
instanceKlass sun/security/ssl/SSLSessionContextImpl
instanceKlass javax/net/ssl/SSLSessionContext
instanceKlass sun/security/ssl/EphemeralKeyManager$EphemeralKeyPair
instanceKlass sun/security/ssl/EphemeralKeyManager
instanceKlass sun/security/ssl/SSLContextImpl$CustomizedSSLProtocols
instanceKlass java/security/spec/NamedParameterSpec
instanceKlass sun/security/util/ECKeySizeParameterSpec
instanceKlass java/security/AlgorithmParametersSpi
instanceKlass java/security/AlgorithmParameters
instanceKlass sun/security/util/ECUtil
instanceKlass java/security/KeyPairGeneratorSpi
instanceKlass java/security/KeyFactorySpi
instanceKlass java/security/KeyFactory
instanceKlass javax/crypto/KeyAgreement
instanceKlass java/security/Signature$1
instanceKlass jdk/internal/access/JavaSecuritySignatureAccess
instanceKlass java/security/SignatureSpi
instanceKlass sun/security/ssl/JsseJce$EcAvailability
instanceKlass sun/security/ssl/SSLAlgorithmDecomposer$1
instanceKlass sun/security/ssl/Utilities
instanceKlass sun/security/ssl/JsseJce
instanceKlass sun/security/ssl/NamedGroup$XDHScheme
instanceKlass sun/security/ssl/NamedGroup$FFDHEScheme
instanceKlass sun/security/ssl/NamedGroup$ECDHEScheme
instanceKlass sun/security/ssl/NamedGroup$NamedGroupScheme
instanceKlass sun/security/ssl/SSLCipher$T13CC20P1305WriteCipherGenerator
instanceKlass sun/security/ssl/SSLCipher$T12CC20P1305WriteCipherGenerator
instanceKlass sun/security/ssl/SSLCipher$T13CC20P1305ReadCipherGenerator
instanceKlass sun/security/ssl/SSLCipher$T12CC20P1305ReadCipherGenerator
instanceKlass sun/security/ssl/SSLCipher$T13GcmWriteCipherGenerator
instanceKlass sun/security/ssl/SSLCipher$T13GcmReadCipherGenerator
instanceKlass sun/security/ssl/SSLCipher$T12GcmWriteCipherGenerator
instanceKlass sun/security/ssl/SSLCipher$T12GcmReadCipherGenerator
instanceKlass com/sun/crypto/provider/AESConstants
instanceKlass java/util/Vector$1
instanceKlass javax/crypto/JceSecurityManager
instanceKlass sun/security/ssl/SSLCipher$T11BlockWriteCipherGenerator
instanceKlass sun/security/ssl/SSLCipher$T11BlockReadCipherGenerator
instanceKlass com/sun/crypto/provider/PKCS5Padding
instanceKlass com/sun/crypto/provider/Padding
instanceKlass com/sun/crypto/provider/FeedbackCipher
instanceKlass com/sun/crypto/provider/SymmetricCipher
instanceKlass com/sun/crypto/provider/DESConstants
instanceKlass com/sun/crypto/provider/CipherCore
instanceKlass sun/security/ssl/SSLCipher$T10BlockWriteCipherGenerator
instanceKlass sun/security/ssl/SSLCipher$T10BlockReadCipherGenerator
instanceKlass javax/crypto/CipherSpi
instanceKlass javax/crypto/ProviderVerifier
instanceKlass java/lang/Class$Holder
instanceKlass javax/crypto/JceSecurity$1
instanceKlass java/net/spi/URLStreamHandlerProvider
instanceKlass java/net/URL$ThreadTrackHolder
instanceKlass java/util/Vector$Itr
instanceKlass javax/crypto/CryptoPolicyParser$CryptoPermissionEntry
instanceKlass javax/crypto/CryptoPolicyParser$GrantEntry
instanceKlass java/io/StreamTokenizer
instanceKlass javax/crypto/CryptoPolicyParser
instanceKlass java/nio/file/Files$1
instanceKlass sun/nio/fs/WindowsFileSystem$1
instanceKlass java/nio/file/PathMatcher
instanceKlass sun/nio/fs/Globs
instanceKlass javax/crypto/JceSecurity
instanceKlass sun/security/jca/ProviderList$ServiceIterator
instanceKlass sun/security/jca/ServiceId
instanceKlass javax/crypto/Cipher$Transform
instanceKlass javax/crypto/Cipher
instanceKlass sun/security/ssl/SSLCipher$StreamWriteCipherGenerator
instanceKlass sun/security/ssl/SSLCipher$StreamReadCipherGenerator
instanceKlass sun/security/ssl/SSLCipher$NullWriteCipherGenerator
instanceKlass sun/security/ssl/SSLCipher$WriteCipherGenerator
instanceKlass sun/security/ssl/SSLCipher$NullReadCipherGenerator
instanceKlass sun/security/ssl/SSLCipher$ReadCipherGenerator
instanceKlass java/util/AbstractMap$SimpleImmutableEntry
instanceKlass  @bci sun/security/util/DisabledAlgorithmConstraints checkDisabledPatterns (Ljava/lang/String;)Z 17 <appendix> member <vmtarget> ; # sun/security/util/DisabledAlgorithmConstraints$$Lambda+0x00000160c93c4e30
instanceKlass java/time/zone/ZoneOffsetTransition
instanceKlass java/time/temporal/ValueRange
instanceKlass java/time/temporal/TemporalUnit
instanceKlass java/time/temporal/TemporalField
instanceKlass sun/security/util/DisabledAlgorithmConstraints$Constraints$Holder
instanceKlass sun/security/util/DisabledAlgorithmConstraints$Constraint
instanceKlass sun/security/util/DisabledAlgorithmConstraints$Constraints
instanceKlass sun/security/util/AlgorithmDecomposer
instanceKlass sun/security/util/AbstractAlgorithmConstraints
instanceKlass sun/security/ssl/SSLAlgorithmConstraints
instanceKlass java/security/AlgorithmConstraints
instanceKlass sun/security/ssl/SSLLogger
instanceKlass java/security/spec/ECFieldF2m
instanceKlass sun/security/util/ObjectIdentifier
instanceKlass sun/security/util/ByteArrayTagOrder
instanceKlass sun/security/util/ByteArrayLexOrder
instanceKlass sun/security/util/DerEncoder
instanceKlass java/security/spec/ECParameterSpec
instanceKlass java/security/spec/AlgorithmParameterSpec
instanceKlass java/security/spec/ECPoint
instanceKlass java/security/spec/EllipticCurve
instanceKlass java/security/spec/ECFieldFp
instanceKlass java/security/spec/ECField
instanceKlass sun/security/util/CurveDB
instanceKlass sun/security/rsa/SunRsaSignEntries
instanceKlass javax/net/ssl/SSLContextSpi
instanceKlass javax/net/ssl/SSLContext
instanceKlass  @bci software/amazon/awssdk/http/SystemPropertyTlsKeyManagersProvider keyManagers ()[Ljavax/net/ssl/KeyManager; 4 <appendix> member <vmtarget> ; # software/amazon/awssdk/http/SystemPropertyTlsKeyManagersProvider$$Lambda+0x00000160c93b36f8
instanceKlass javax/net/ssl/KeyManager
instanceKlass  @bci java/lang/Class methodToString (Ljava/lang/String;[Ljava/lang/Class;)Ljava/lang/String; 42 <appendix> argL0 ; # java/lang/Class$$Lambda+0x00000160c927cbb0
instanceKlass java/util/logging/Logger$SystemLoggerHelper
instanceKlass org/apache/commons/logging/impl/Jdk14Logger
instanceKlass org/apache/commons/logging/impl/Log4JLogger
instanceKlass org/apache/commons/logging/Log
instanceKlass org/apache/commons/logging/impl/LogFactoryImpl$1
instanceKlass org/apache/commons/logging/impl/LogFactoryImpl$2
instanceKlass org/apache/commons/logging/LogFactory$2
instanceKlass org/apache/commons/logging/LogFactory$3
instanceKlass org/apache/commons/logging/LogFactory$4
instanceKlass org/apache/commons/logging/impl/WeakHashtable$Referenced
instanceKlass org/apache/commons/logging/LogFactory$1
instanceKlass org/apache/commons/logging/LogFactory$6
instanceKlass org/apache/commons/logging/LogFactory
instanceKlass org/apache/http/conn/ssl/AbstractVerifier
instanceKlass org/apache/http/conn/ssl/X509HostnameVerifier
instanceKlass org/apache/http/conn/ssl/SSLConnectionSocketFactory
instanceKlass  @bci software/amazon/awssdk/http/apache/ApacheHttpClient$ApacheConnectionManagerFactory getPreferredSocketFactory (Lsoftware/amazon/awssdk/http/apache/ApacheHttpClient$DefaultBuilder;Lsoftware/amazon/awssdk/utils/AttributeMap;)Lorg/apache/http/conn/socket/ConnectionSocketFactory; 9 <appendix> member <vmtarget> ; # software/amazon/awssdk/http/apache/ApacheHttpClient$ApacheConnectionManagerFactory$$Lambda+0x00000160c93a9ae0
instanceKlass org/apache/http/client/CredentialsProvider
instanceKlass org/apache/http/client/CookieStore
instanceKlass org/apache/http/client/RedirectStrategy
instanceKlass org/apache/http/client/HttpRequestRetryHandler
instanceKlass org/apache/http/impl/execchain/ClientExecChain
instanceKlass org/apache/http/config/Lookup
instanceKlass org/apache/http/protocol/HttpProcessor
instanceKlass org/apache/http/HttpResponseInterceptor
instanceKlass org/apache/http/HttpRequestInterceptor
instanceKlass org/apache/http/client/UserTokenHandler
instanceKlass org/apache/http/client/AuthenticationStrategy
instanceKlass org/apache/http/conn/socket/LayeredConnectionSocketFactory
instanceKlass org/apache/http/impl/client/HttpClientBuilder
instanceKlass org/apache/http/impl/client/CloseableHttpClient
instanceKlass org/apache/http/impl/client/HttpClients
instanceKlass javax/net/ssl/HostnameVerifier
instanceKlass org/apache/http/conn/socket/ConnectionSocketFactory
instanceKlass org/apache/http/conn/HttpClientConnectionManager
instanceKlass org/apache/http/conn/SchemePortResolver
instanceKlass software/amazon/awssdk/http/apache/ApacheHttpClient$ApacheConnectionManagerFactory
instanceKlass org/apache/http/HttpEntityEnclosingRequest
instanceKlass org/apache/http/message/AbstractHttpMessage
instanceKlass org/apache/http/client/methods/AbortableHttpRequest
instanceKlass org/apache/http/client/methods/HttpExecutionAware
instanceKlass org/apache/http/client/methods/Configurable
instanceKlass org/apache/http/HttpEntity
instanceKlass software/amazon/awssdk/http/apache/internal/impl/ApacheHttpRequestFactory
instanceKlass  @bci software/amazon/awssdk/core/internal/http/loader/DefaultSdkHttpClientBuilder buildWithDefaults (Lsoftware/amazon/awssdk/utils/AttributeMap;)Lsoftware/amazon/awssdk/http/SdkHttpClient; 17 <appendix> member <vmtarget> ; # software/amazon/awssdk/core/internal/http/loader/DefaultSdkHttpClientBuilder$$Lambda+0x00000160c93af560
instanceKlass  @bci software/amazon/awssdk/utils/internal/proxy/ProxyEnvironmentVariableConfigProvider port ()I 7 <appendix> argL0 ; # software/amazon/awssdk/utils/internal/proxy/ProxyEnvironmentVariableConfigProvider$$Lambda+0x00000160c93af310
instanceKlass  @bci software/amazon/awssdk/utils/internal/proxy/ProxyEnvironmentVariableConfigProvider host ()Ljava/lang/String; 7 <appendix> argL0 ; # software/amazon/awssdk/utils/internal/proxy/ProxyEnvironmentVariableConfigProvider$$Lambda+0x00000160c93af0c0
instanceKlass  @bci software/amazon/awssdk/utils/http/SdkHttpUtils parseNonProxyHostsEnvironmentVariable ()Ljava/util/Set; 6 <appendix> argL0 ; # software/amazon/awssdk/utils/http/SdkHttpUtils$$Lambda+0x00000160c93aee70
instanceKlass  @bci software/amazon/awssdk/http/apache/ProxyConfiguration resolvePassword (Lsoftware/amazon/awssdk/http/apache/ProxyConfiguration$DefaultClientProxyConfigurationBuilder;Lsoftware/amazon/awssdk/utils/ProxyConfigProvider;)Ljava/lang/String; 28 <appendix> member <vmtarget> ; # software/amazon/awssdk/http/apache/ProxyConfiguration$$Lambda+0x00000160c93aec38
instanceKlass  @bci software/amazon/awssdk/utils/internal/proxy/ProxyEnvironmentVariableConfigProvider password ()Ljava/util/Optional; 39 <appendix> argL0 ; # software/amazon/awssdk/utils/internal/proxy/ProxyEnvironmentVariableConfigProvider$$Lambda+0x00000160c93ae9e8
instanceKlass  @bci software/amazon/awssdk/utils/internal/proxy/ProxyEnvironmentVariableConfigProvider password ()Ljava/util/Optional; 31 <appendix> argL0 ; # software/amazon/awssdk/utils/internal/proxy/ProxyEnvironmentVariableConfigProvider$$Lambda+0x00000160c93ae788
instanceKlass  @bci software/amazon/awssdk/utils/internal/proxy/ProxyEnvironmentVariableConfigProvider password ()Ljava/util/Optional; 23 <appendix> argL0 ; # software/amazon/awssdk/utils/internal/proxy/ProxyEnvironmentVariableConfigProvider$$Lambda+0x00000160c93ae538
instanceKlass  @bci software/amazon/awssdk/utils/internal/proxy/ProxyEnvironmentVariableConfigProvider password ()Ljava/util/Optional; 15 <appendix> argL0 ; # software/amazon/awssdk/utils/internal/proxy/ProxyEnvironmentVariableConfigProvider$$Lambda+0x00000160c93ae2d8
instanceKlass  @bci software/amazon/awssdk/utils/internal/proxy/ProxyEnvironmentVariableConfigProvider password ()Ljava/util/Optional; 7 <appendix> argL0 ; # software/amazon/awssdk/utils/internal/proxy/ProxyEnvironmentVariableConfigProvider$$Lambda+0x00000160c93ae088
instanceKlass  @bci software/amazon/awssdk/http/apache/ProxyConfiguration resolveUsername (Lsoftware/amazon/awssdk/http/apache/ProxyConfiguration$DefaultClientProxyConfigurationBuilder;Lsoftware/amazon/awssdk/utils/ProxyConfigProvider;)Ljava/lang/String; 28 <appendix> member <vmtarget> ; # software/amazon/awssdk/http/apache/ProxyConfiguration$$Lambda+0x00000160c93ade50
instanceKlass  @bci software/amazon/awssdk/utils/internal/proxy/ProxyEnvironmentVariableConfigProvider userName ()Ljava/util/Optional; 15 <appendix> argL0 ; # software/amazon/awssdk/utils/internal/proxy/ProxyEnvironmentVariableConfigProvider$$Lambda+0x00000160c93adc00
instanceKlass  @bci software/amazon/awssdk/utils/internal/proxy/ProxyEnvironmentVariableConfigProvider userName ()Ljava/util/Optional; 7 <appendix> argL0 ; # software/amazon/awssdk/utils/internal/proxy/ProxyEnvironmentVariableConfigProvider$$Lambda+0x00000160c93ad9b0
instanceKlass software/amazon/awssdk/utils/internal/proxy/ProxyEnvironmentVariableConfigProvider
instanceKlass  @bci software/amazon/awssdk/utils/internal/proxy/ProxySystemPropertyConfigProvider port ()I 45 <appendix> argL0 ; # software/amazon/awssdk/utils/internal/proxy/ProxySystemPropertyConfigProvider$$Lambda+0x00000160c93acff0
instanceKlass software/amazon/awssdk/utils/internal/proxy/ProxySystemPropertyConfigProvider
instanceKlass software/amazon/awssdk/utils/ProxyConfigProvider
instanceKlass software/amazon/awssdk/http/apache/ProxyConfiguration$DefaultClientProxyConfigurationBuilder
instanceKlass software/amazon/awssdk/http/apache/ProxyConfiguration$Builder
instanceKlass software/amazon/awssdk/http/apache/ProxyConfiguration
instanceKlass software/amazon/awssdk/http/apache/ApacheHttpClient$DefaultBuilder
instanceKlass software/amazon/awssdk/http/ExecutableHttpRequest
instanceKlass software/amazon/awssdk/http/Abortable
instanceKlass org/apache/http/conn/routing/HttpRoutePlanner
instanceKlass org/apache/http/conn/ConnectionKeepAliveStrategy
instanceKlass software/amazon/awssdk/http/apache/internal/impl/ConnectionManagerAwareHttpClient
instanceKlass org/apache/http/client/HttpClient
instanceKlass org/apache/http/ConnectionReuseStrategy
instanceKlass software/amazon/awssdk/http/SdkHttpResponse$Builder
instanceKlass software/amazon/awssdk/http/SdkHttpHeaders
instanceKlass org/apache/http/client/methods/HttpUriRequest
instanceKlass org/apache/http/HttpRequest
instanceKlass org/apache/http/HttpMessage
instanceKlass org/apache/http/protocol/HttpContext
instanceKlass software/amazon/awssdk/http/apache/ApacheHttpClient$Builder
instanceKlass software/amazon/awssdk/http/apache/ApacheHttpClient
instanceKlass  @bci software/amazon/awssdk/core/internal/http/loader/DefaultSdkHttpClientBuilder buildWithDefaults (Lsoftware/amazon/awssdk/utils/AttributeMap;)Lsoftware/amazon/awssdk/http/SdkHttpClient; 8 <appendix> argL0 ; # software/amazon/awssdk/core/internal/http/loader/DefaultSdkHttpClientBuilder$$Lambda+0x00000160c93a79c8
instanceKlass  @bci software/amazon/awssdk/core/internal/http/loader/ClasspathSdkHttpServiceProvider loadService ()Ljava/util/Optional; 54 <appendix> member <vmtarget> ; # software/amazon/awssdk/core/internal/http/loader/ClasspathSdkHttpServiceProvider$$Lambda+0x00000160c93a7790
instanceKlass software/amazon/awssdk/http/apache/ApacheSdkHttpService
instanceKlass  @bci software/amazon/awssdk/core/internal/http/loader/ClasspathSdkHttpServiceProvider loadService ()Ljava/util/Optional; 26 <appendix> member <vmtarget> ; # software/amazon/awssdk/core/internal/http/loader/ClasspathSdkHttpServiceProvider$$Lambda+0x00000160c93a7310
instanceKlass  @bci software/amazon/awssdk/core/internal/http/loader/ClasspathSdkHttpServiceProvider loadService ()Ljava/util/Optional; 18 <appendix> member <vmtarget> ; # software/amazon/awssdk/core/internal/http/loader/ClasspathSdkHttpServiceProvider$$Lambda+0x00000160c93a70b8
instanceKlass  @bci java/util/Comparator comparingInt (Ljava/util/function/ToIntFunction;)Ljava/util/Comparator; 6 <appendix> member <vmtarget> ; # java/util/Comparator$$Lambda+0x00000160c927b7e8
instanceKlass java/lang/classfile/constantpool/IntegerEntry
instanceKlass sun/invoke/util/BytecodeDescriptor
instanceKlass java/lang/invoke/InnerClassLambdaMetafactory$4
instanceKlass java/lang/invoke/InnerClassLambdaMetafactory$SerializationSupport
instanceKlass  @cpi java/util/Comparator 259 form vmentry <vmtarget> ; # java/lang/invoke/LambdaForm$DMH+0x00000160c93a8000
instanceKlass  @bci software/amazon/awssdk/core/internal/http/loader/ClasspathSdkHttpServiceProvider loadService ()Ljava/util/Optional; 5 <appendix> member <vmtarget> ; # software/amazon/awssdk/core/internal/http/loader/ClasspathSdkHttpServiceProvider$$Lambda+0x00000160c93a6e80
instanceKlass  @bci software/amazon/awssdk/core/internal/http/loader/SystemPropertyHttpServiceProvider loadService ()Ljava/util/Optional; 10 <appendix> member <vmtarget> ; # software/amazon/awssdk/core/internal/http/loader/SystemPropertyHttpServiceProvider$$Lambda+0x00000160c93a6c28
instanceKlass  @bci software/amazon/awssdk/core/internal/http/loader/SdkHttpServiceProviderChain loadService ()Ljava/util/Optional; 29 <appendix> argL0 ; # software/amazon/awssdk/core/internal/http/loader/SdkHttpServiceProviderChain$$Lambda+0x00000160c93a69d8
instanceKlass  @bci software/amazon/awssdk/core/internal/http/loader/SdkHttpServiceProviderChain loadService ()Ljava/util/Optional; 19 <appendix> argL0 ; # software/amazon/awssdk/core/internal/http/loader/SdkHttpServiceProviderChain$$Lambda+0x00000160c93a6778
instanceKlass  @bci software/amazon/awssdk/core/internal/http/loader/SdkHttpServiceProviderChain loadService ()Ljava/util/Optional; 9 <appendix> argL0 ; # software/amazon/awssdk/core/internal/http/loader/SdkHttpServiceProviderChain$$Lambda+0x00000160c93a6528
instanceKlass  @bci software/amazon/awssdk/core/client/builder/SdkDefaultClientBuilder resolveSyncHttpClient (Lsoftware/amazon/awssdk/utils/AttributeMap$LazyValueSource;Lsoftware/amazon/awssdk/core/client/config/SdkClientConfiguration;)Lsoftware/amazon/awssdk/http/SdkHttpClient; 77 <appendix> member <vmtarget> ; # software/amazon/awssdk/core/client/builder/SdkDefaultClientBuilder$$Lambda+0x00000160c93a62f0
instanceKlass  @bci software/amazon/awssdk/core/client/builder/SdkDefaultClientBuilder resolveSyncHttpClient (Lsoftware/amazon/awssdk/utils/AttributeMap$LazyValueSource;Lsoftware/amazon/awssdk/core/client/config/SdkClientConfiguration;)Lsoftware/amazon/awssdk/http/SdkHttpClient; 66 <appendix> member <vmtarget> ; # software/amazon/awssdk/core/client/builder/SdkDefaultClientBuilder$$Lambda+0x00000160c93a6098
instanceKlass software/amazon/awssdk/utils/Either
instanceKlass  @bci software/amazon/awssdk/core/client/builder/SdkDefaultClientBuilder finalizeSyncConfiguration (Lsoftware/amazon/awssdk/core/client/config/SdkClientConfiguration;)Lsoftware/amazon/awssdk/core/client/config/SdkClientConfiguration; 9 <appendix> member <vmtarget> ; # software/amazon/awssdk/core/client/builder/SdkDefaultClientBuilder$$Lambda+0x00000160c93a5a38
instanceKlass software/amazon/awssdk/awscore/retry/conditions/RetryOnErrorCodeCondition
instanceKlass software/amazon/awssdk/awscore/internal/AwsErrorCode
instanceKlass software/amazon/awssdk/core/retry/conditions/AndRetryCondition
instanceKlass software/amazon/awssdk/core/retry/conditions/MaxNumberOfRetriesCondition
instanceKlass software/amazon/awssdk/core/internal/capacity/TokenBucket
instanceKlass software/amazon/awssdk/core/retry/conditions/TokenBucketRetryCondition$Builder
instanceKlass software/amazon/awssdk/core/interceptor/ExecutionAttribute$DefaultValueStorage
instanceKlass software/amazon/awssdk/core/interceptor/ExecutionAttribute$ValueStorage
instanceKlass software/amazon/awssdk/core/interceptor/ExecutionAttribute
instanceKlass software/amazon/awssdk/core/retry/conditions/TokenBucketRetryCondition
instanceKlass software/amazon/awssdk/core/retry/conditions/OrRetryCondition
instanceKlass software/amazon/awssdk/core/retry/conditions/RetryOnThrottlingCondition
instanceKlass software/amazon/awssdk/core/retry/conditions/RetryOnClockSkewCondition
instanceKlass software/amazon/awssdk/core/retry/conditions/RetryOnExceptionsCondition
instanceKlass software/amazon/awssdk/core/retry/conditions/RetryOnStatusCodeCondition
instanceKlass software/amazon/awssdk/core/retry/backoff/EqualJitterBackoffStrategy$BuilderImpl
instanceKlass software/amazon/awssdk/core/retry/backoff/EqualJitterBackoffStrategy$Builder
instanceKlass software/amazon/awssdk/core/retry/backoff/EqualJitterBackoffStrategy
instanceKlass software/amazon/awssdk/core/retry/backoff/BackoffStrategy$1
instanceKlass software/amazon/awssdk/utils/NumericUtils
instanceKlass software/amazon/awssdk/core/internal/retry/DefaultTokenBucketExceptionCostFunction
instanceKlass software/amazon/awssdk/core/internal/retry/DefaultTokenBucketExceptionCostFunction$Builder
instanceKlass software/amazon/awssdk/core/retry/conditions/TokenBucketExceptionCostFunction$Builder
instanceKlass software/amazon/awssdk/core/retry/conditions/TokenBucketExceptionCostFunction
instanceKlass software/amazon/awssdk/core/internal/retry/SdkDefaultRetrySetting$Legacy
instanceKlass software/amazon/awssdk/core/retry/backoff/FullJitterBackoffStrategy$BuilderImpl
instanceKlass software/amazon/awssdk/core/retry/backoff/FullJitterBackoffStrategy$Builder
instanceKlass software/amazon/awssdk/core/retry/backoff/FullJitterBackoffStrategy
instanceKlass software/amazon/awssdk/core/retry/backoff/BackoffStrategy
instanceKlass software/amazon/awssdk/core/internal/retry/SdkDefaultRetrySetting$1
instanceKlass  @bci software/amazon/awssdk/utils/SystemSetting getIntegerValue ()Ljava/util/Optional; 6 <appendix> argL0 ; # software/amazon/awssdk/utils/SystemSetting$$Lambda+0x00000160c93a1e78
instanceKlass java/lang/invoke/TypeConvertingMethodAdapter$BoxHolder
instanceKlass java/lang/invoke/TypeConvertingMethodAdapter$1
instanceKlass software/amazon/awssdk/core/internal/retry/SdkDefaultRetrySetting
instanceKlass software/amazon/awssdk/core/retry/RetryPolicy$BuilderImpl
instanceKlass software/amazon/awssdk/core/retry/RetryPolicy$Builder
instanceKlass software/amazon/awssdk/core/retry/conditions/RetryCondition
instanceKlass software/amazon/awssdk/awscore/retry/AwsRetryPolicy
instanceKlass  @bci software/amazon/awssdk/core/retry/RetryMode$Resolver resolve ()Lsoftware/amazon/awssdk/core/retry/RetryMode; 20 <appendix> member <vmtarget> ; # software/amazon/awssdk/core/retry/RetryMode$Resolver$$Lambda+0x00000160c93a0fe8
instanceKlass  @bci software/amazon/awssdk/core/retry/RetryMode$Resolver fromProfileFile (Ljava/util/function/Supplier;Ljava/lang/String;)Ljava/util/Optional; 50 <appendix> argL0 ; # software/amazon/awssdk/core/retry/RetryMode$Resolver$$Lambda+0x00000160c93a0d98
instanceKlass  @bci software/amazon/awssdk/core/retry/RetryMode$Resolver fromProfileFile (Ljava/util/function/Supplier;Ljava/lang/String;)Ljava/util/Optional; 42 <appendix> argL0 ; # software/amazon/awssdk/core/retry/RetryMode$Resolver$$Lambda+0x00000160c93a0b48
instanceKlass  @bci software/amazon/awssdk/core/retry/RetryMode$Resolver resolve ()Lsoftware/amazon/awssdk/core/retry/RetryMode; 10 <appendix> member <vmtarget> ; # software/amazon/awssdk/core/retry/RetryMode$Resolver$$Lambda+0x00000160c93a0910
instanceKlass  @bci software/amazon/awssdk/core/retry/RetryMode$Resolver fromSystemSettings ()Ljava/util/Optional; 6 <appendix> argL0 ; # software/amazon/awssdk/core/retry/RetryMode$Resolver$$Lambda+0x00000160c93a06c0
instanceKlass software/amazon/awssdk/core/retry/RetryMode$Resolver
instanceKlass  @bci software/amazon/awssdk/regions/GeneratedPartitionMetadataProvider partitionMetadata (Lsoftware/amazon/awssdk/regions/Region;)Lsoftware/amazon/awssdk/regions/PartitionMetadata; 14 <appendix> member <vmtarget> ; # software/amazon/awssdk/regions/GeneratedPartitionMetadataProvider$$Lambda+0x00000160c93a0218
instanceKlass software/amazon/awssdk/regions/internal/util/ServiceMetadataUtils
instanceKlass  @bci software/amazon/awssdk/utils/AttributeMap$Builder putAll (Ljava/util/Map;)Lsoftware/amazon/awssdk/utils/AttributeMap$Builder; 2 <appendix> member <vmtarget> ; # software/amazon/awssdk/utils/AttributeMap$Builder$$Lambda+0x00000160c939fd58
instanceKlass  @bci software/amazon/awssdk/awscore/endpoint/DefaultServiceEndpointBuilder getServiceEndpoint ()Ljava/net/URI; 189 <appendix> member <vmtarget> ; # software/amazon/awssdk/awscore/endpoint/DefaultServiceEndpointBuilder$$Lambda+0x00000160c939fb10
instanceKlass software/amazon/awssdk/regions/partitionmetadata/AwsIsoFPartitionMetadata
instanceKlass software/amazon/awssdk/regions/partitionmetadata/AwsIsoEPartitionMetadata
instanceKlass software/amazon/awssdk/regions/partitionmetadata/AwsIsoBPartitionMetadata
instanceKlass software/amazon/awssdk/regions/partitionmetadata/AwsIsoPartitionMetadata
instanceKlass software/amazon/awssdk/regions/partitionmetadata/AwsUsGovPartitionMetadata
instanceKlass software/amazon/awssdk/regions/partitionmetadata/AwsCnPartitionMetadata
instanceKlass software/amazon/awssdk/regions/partitionmetadata/AwsPartitionMetadata
instanceKlass software/amazon/awssdk/regions/PartitionMetadata
instanceKlass software/amazon/awssdk/regions/GeneratedPartitionMetadataProvider
instanceKlass software/amazon/awssdk/regions/servicemetadata/XrayServiceMetadata
instanceKlass software/amazon/awssdk/regions/servicemetadata/WorkspacesWebServiceMetadata
instanceKlass software/amazon/awssdk/regions/servicemetadata/WorkspacesServiceMetadata
instanceKlass software/amazon/awssdk/regions/servicemetadata/WorkmailServiceMetadata
instanceKlass software/amazon/awssdk/regions/servicemetadata/WorkdocsServiceMetadata
instanceKlass software/amazon/awssdk/regions/servicemetadata/WisdomServiceMetadata
instanceKlass software/amazon/awssdk/regions/servicemetadata/WellarchitectedServiceMetadata
instanceKlass software/amazon/awssdk/regions/servicemetadata/Wafv2ServiceMetadata
instanceKlass software/amazon/awssdk/regions/servicemetadata/WafRegionalServiceMetadata
instanceKlass software/amazon/awssdk/regions/servicemetadata/WafServiceMetadata
instanceKlass software/amazon/awssdk/regions/servicemetadata/VpcLatticeServiceMetadata
instanceKlass software/amazon/awssdk/regions/servicemetadata/VoiceidServiceMetadata
instanceKlass software/amazon/awssdk/regions/servicemetadata/VoiceChimeServiceMetadata
instanceKlass software/amazon/awssdk/regions/servicemetadata/VerifiedpermissionsServiceMetadata
instanceKlass software/amazon/awssdk/regions/servicemetadata/TranslateServiceMetadata
instanceKlass software/amazon/awssdk/regions/servicemetadata/TransferServiceMetadata
instanceKlass software/amazon/awssdk/regions/servicemetadata/TranscribestreamingServiceMetadata
instanceKlass software/amazon/awssdk/regions/servicemetadata/TranscribeServiceMetadata
instanceKlass software/amazon/awssdk/regions/servicemetadata/TnbServiceMetadata
instanceKlass software/amazon/awssdk/regions/servicemetadata/ThinclientServiceMetadata
instanceKlass software/amazon/awssdk/regions/servicemetadata/TextractServiceMetadata
instanceKlass software/amazon/awssdk/regions/servicemetadata/TaggingServiceMetadata
instanceKlass software/amazon/awssdk/regions/servicemetadata/SyntheticsServiceMetadata
instanceKlass software/amazon/awssdk/regions/servicemetadata/SwfServiceMetadata
instanceKlass software/amazon/awssdk/regions/servicemetadata/SupportappServiceMetadata
instanceKlass software/amazon/awssdk/regions/servicemetadata/SupportServiceMetadata
instanceKlass software/amazon/awssdk/regions/servicemetadata/StsServiceMetadata
instanceKlass software/amazon/awssdk/regions/servicemetadata/StreamsDynamodbServiceMetadata
instanceKlass software/amazon/awssdk/regions/servicemetadata/StoragegatewayServiceMetadata
instanceKlass software/amazon/awssdk/regions/servicemetadata/StatesServiceMetadata
instanceKlass software/amazon/awssdk/regions/servicemetadata/SsoServiceMetadata
instanceKlass software/amazon/awssdk/regions/servicemetadata/SsmSapServiceMetadata
instanceKlass software/amazon/awssdk/regions/servicemetadata/SsmIncidentsServiceMetadata
instanceKlass software/amazon/awssdk/regions/servicemetadata/SsmContactsServiceMetadata
instanceKlass software/amazon/awssdk/regions/servicemetadata/SsmServiceMetadata
instanceKlass software/amazon/awssdk/regions/servicemetadata/SqsServiceMetadata
instanceKlass software/amazon/awssdk/regions/servicemetadata/SnsServiceMetadata
instanceKlass software/amazon/awssdk/regions/servicemetadata/SnowballServiceMetadata
instanceKlass software/amazon/awssdk/regions/servicemetadata/SmsVoiceServiceMetadata
instanceKlass software/amazon/awssdk/regions/servicemetadata/SmsServiceMetadata
instanceKlass software/amazon/awssdk/regions/servicemetadata/SimspaceweaverServiceMetadata
instanceKlass software/amazon/awssdk/regions/servicemetadata/SignerServiceMetadata
instanceKlass software/amazon/awssdk/regions/servicemetadata/ShieldServiceMetadata
instanceKlass software/amazon/awssdk/regions/servicemetadata/SessionQldbServiceMetadata
instanceKlass software/amazon/awssdk/regions/servicemetadata/ServicequotasServiceMetadata
instanceKlass software/amazon/awssdk/regions/servicemetadata/ServicediscoveryServiceMetadata
instanceKlass software/amazon/awssdk/regions/servicemetadata/ServicecatalogAppregistryServiceMetadata
instanceKlass software/amazon/awssdk/regions/servicemetadata/ServicecatalogServiceMetadata
instanceKlass software/amazon/awssdk/regions/servicemetadata/ServerlessrepoServiceMetadata
instanceKlass software/amazon/awssdk/regions/servicemetadata/SecuritylakeServiceMetadata
instanceKlass software/amazon/awssdk/regions/servicemetadata/SecurityhubServiceMetadata
instanceKlass software/amazon/awssdk/regions/servicemetadata/SecretsmanagerServiceMetadata
instanceKlass software/amazon/awssdk/regions/servicemetadata/SdbServiceMetadata
instanceKlass software/amazon/awssdk/regions/servicemetadata/SchemasServiceMetadata
instanceKlass software/amazon/awssdk/regions/servicemetadata/SchedulerServiceMetadata
instanceKlass software/amazon/awssdk/regions/servicemetadata/SavingsplansServiceMetadata
instanceKlass software/amazon/awssdk/regions/servicemetadata/SagemakerGeospatialServiceMetadata
instanceKlass software/amazon/awssdk/regions/servicemetadata/S3OutpostsServiceMetadata
instanceKlass software/amazon/awssdk/regions/servicemetadata/S3ControlServiceMetadata
instanceKlass software/amazon/awssdk/regions/servicemetadata/S3ServiceMetadata
instanceKlass  @bci software/amazon/awssdk/regions/servicemetadata/EnhancedS3ServiceMetadata <init> (Lsoftware/amazon/awssdk/regions/ServiceMetadataConfiguration;)V 63 <appendix> member <vmtarget> ; # software/amazon/awssdk/regions/servicemetadata/EnhancedS3ServiceMetadata$$Lambda+0x00000160c9394d00
instanceKlass  @bci software/amazon/awssdk/regions/servicemetadata/EnhancedS3ServiceMetadata <init> (Lsoftware/amazon/awssdk/regions/ServiceMetadataConfiguration;)V 48 <appendix> member <vmtarget> ; # software/amazon/awssdk/regions/servicemetadata/EnhancedS3ServiceMetadata$$Lambda+0x00000160c9394ac8
instanceKlass  @bci software/amazon/awssdk/regions/servicemetadata/EnhancedS3ServiceMetadata <init> (Lsoftware/amazon/awssdk/regions/ServiceMetadataConfiguration;)V 18 <appendix> argL0 ; # software/amazon/awssdk/regions/servicemetadata/EnhancedS3ServiceMetadata$$Lambda+0x00000160c9394898
instanceKlass software/amazon/awssdk/regions/ServiceMetadataConfiguration$Builder
instanceKlass software/amazon/awssdk/regions/ServiceMetadataConfiguration
instanceKlass software/amazon/awssdk/regions/servicemetadata/EnhancedS3ServiceMetadata
instanceKlass software/amazon/awssdk/regions/servicemetadata/RuntimeSagemakerServiceMetadata
instanceKlass software/amazon/awssdk/regions/servicemetadata/RuntimeLexServiceMetadata
instanceKlass software/amazon/awssdk/regions/servicemetadata/RuntimeV2LexServiceMetadata
instanceKlass software/amazon/awssdk/regions/servicemetadata/RumServiceMetadata
instanceKlass software/amazon/awssdk/regions/servicemetadata/Route53resolverServiceMetadata
instanceKlass software/amazon/awssdk/regions/servicemetadata/Route53domainsServiceMetadata
instanceKlass software/amazon/awssdk/regions/servicemetadata/Route53RecoveryControlConfigServiceMetadata
instanceKlass software/amazon/awssdk/regions/servicemetadata/Route53ServiceMetadata
instanceKlass software/amazon/awssdk/regions/servicemetadata/RolesanywhereServiceMetadata
instanceKlass software/amazon/awssdk/regions/servicemetadata/RobomakerServiceMetadata
instanceKlass software/amazon/awssdk/regions/servicemetadata/ResourceGroupsServiceMetadata
instanceKlass software/amazon/awssdk/regions/servicemetadata/ResourceExplorer2ServiceMetadata
instanceKlass software/amazon/awssdk/regions/servicemetadata/ResiliencehubServiceMetadata
instanceKlass software/amazon/awssdk/regions/servicemetadata/RekognitionServiceMetadata
instanceKlass software/amazon/awssdk/regions/servicemetadata/RedshiftServerlessServiceMetadata
instanceKlass software/amazon/awssdk/regions/servicemetadata/RedshiftServiceMetadata
instanceKlass software/amazon/awssdk/regions/servicemetadata/RdsDataServiceMetadata
instanceKlass software/amazon/awssdk/regions/servicemetadata/RdsServiceMetadata
instanceKlass software/amazon/awssdk/regions/servicemetadata/RbinServiceMetadata
instanceKlass software/amazon/awssdk/regions/servicemetadata/RamServiceMetadata
instanceKlass software/amazon/awssdk/regions/servicemetadata/QuicksightServiceMetadata
instanceKlass software/amazon/awssdk/regions/servicemetadata/QldbServiceMetadata
instanceKlass software/amazon/awssdk/regions/servicemetadata/QbusinessServiceMetadata
instanceKlass software/amazon/awssdk/regions/servicemetadata/ProtonServiceMetadata
instanceKlass software/amazon/awssdk/regions/servicemetadata/ProjectsIot1clickServiceMetadata
instanceKlass software/amazon/awssdk/regions/servicemetadata/ProfileServiceMetadata
instanceKlass software/amazon/awssdk/regions/servicemetadata/PrivateNetworksServiceMetadata
instanceKlass software/amazon/awssdk/regions/servicemetadata/PortalSsoServiceMetadata
instanceKlass software/amazon/awssdk/regions/servicemetadata/PollyServiceMetadata
instanceKlass software/amazon/awssdk/regions/servicemetadata/PipesServiceMetadata
instanceKlass software/amazon/awssdk/regions/servicemetadata/PinpointServiceMetadata
instanceKlass software/amazon/awssdk/regions/servicemetadata/PiServiceMetadata
instanceKlass software/amazon/awssdk/regions/servicemetadata/PersonalizeServiceMetadata
instanceKlass software/amazon/awssdk/regions/servicemetadata/ParticipantConnectServiceMetadata
instanceKlass software/amazon/awssdk/regions/servicemetadata/OutpostsServiceMetadata
instanceKlass software/amazon/awssdk/regions/servicemetadata/OsisServiceMetadata
instanceKlass software/amazon/awssdk/regions/servicemetadata/OrganizationsServiceMetadata
instanceKlass software/amazon/awssdk/regions/servicemetadata/OpsworksCmServiceMetadata
instanceKlass software/amazon/awssdk/regions/servicemetadata/OpsworksServiceMetadata
instanceKlass software/amazon/awssdk/regions/servicemetadata/OmicsServiceMetadata
instanceKlass software/amazon/awssdk/regions/servicemetadata/OidcServiceMetadata
instanceKlass software/amazon/awssdk/regions/servicemetadata/OamServiceMetadata
instanceKlass software/amazon/awssdk/regions/servicemetadata/NimbleServiceMetadata
instanceKlass software/amazon/awssdk/regions/servicemetadata/NetworkmanagerServiceMetadata
instanceKlass software/amazon/awssdk/regions/servicemetadata/NetworkFirewallServiceMetadata
instanceKlass software/amazon/awssdk/regions/servicemetadata/NeptuneServiceMetadata
instanceKlass software/amazon/awssdk/regions/servicemetadata/MturkRequesterServiceMetadata
instanceKlass software/amazon/awssdk/regions/servicemetadata/MqServiceMetadata
instanceKlass software/amazon/awssdk/regions/servicemetadata/MonitoringServiceMetadata
instanceKlass software/amazon/awssdk/regions/servicemetadata/ModelsLexServiceMetadata
instanceKlass software/amazon/awssdk/regions/servicemetadata/ModelsV2LexServiceMetadata
instanceKlass software/amazon/awssdk/regions/servicemetadata/MobileanalyticsServiceMetadata
instanceKlass software/amazon/awssdk/regions/servicemetadata/MigrationhubStrategyServiceMetadata
instanceKlass software/amazon/awssdk/regions/servicemetadata/MigrationhubOrchestratorServiceMetadata
instanceKlass software/amazon/awssdk/regions/servicemetadata/MgnServiceMetadata
instanceKlass software/amazon/awssdk/regions/servicemetadata/MghServiceMetadata
instanceKlass software/amazon/awssdk/regions/servicemetadata/MetricsSagemakerServiceMetadata
instanceKlass software/amazon/awssdk/regions/servicemetadata/MeteringMarketplaceServiceMetadata
instanceKlass software/amazon/awssdk/regions/servicemetadata/MessagingChimeServiceMetadata
instanceKlass software/amazon/awssdk/regions/servicemetadata/MemoryDbServiceMetadata
instanceKlass software/amazon/awssdk/regions/servicemetadata/MeetingsChimeServiceMetadata
instanceKlass software/amazon/awssdk/regions/servicemetadata/MediastoreServiceMetadata
instanceKlass software/amazon/awssdk/regions/servicemetadata/Mediapackagev2ServiceMetadata
instanceKlass software/amazon/awssdk/regions/servicemetadata/MediapackageVodServiceMetadata
instanceKlass software/amazon/awssdk/regions/servicemetadata/MediapackageServiceMetadata
instanceKlass software/amazon/awssdk/regions/servicemetadata/MedialiveServiceMetadata
instanceKlass software/amazon/awssdk/regions/servicemetadata/MediaconvertServiceMetadata
instanceKlass software/amazon/awssdk/regions/servicemetadata/MediaconnectServiceMetadata
instanceKlass software/amazon/awssdk/regions/servicemetadata/MediaPipelinesChimeServiceMetadata
instanceKlass software/amazon/awssdk/regions/servicemetadata/MarketplacecommerceanalyticsServiceMetadata
instanceKlass software/amazon/awssdk/regions/servicemetadata/ManagedblockchainQueryServiceMetadata
instanceKlass software/amazon/awssdk/regions/servicemetadata/ManagedblockchainServiceMetadata
instanceKlass software/amazon/awssdk/regions/servicemetadata/Macie2ServiceMetadata
instanceKlass software/amazon/awssdk/regions/servicemetadata/MachinelearningServiceMetadata
instanceKlass software/amazon/awssdk/regions/servicemetadata/M2ServiceMetadata
instanceKlass software/amazon/awssdk/regions/servicemetadata/LookoutvisionServiceMetadata
instanceKlass software/amazon/awssdk/regions/servicemetadata/LookoutmetricsServiceMetadata
instanceKlass software/amazon/awssdk/regions/servicemetadata/LookoutequipmentServiceMetadata
instanceKlass software/amazon/awssdk/regions/servicemetadata/LogsServiceMetadata
instanceKlass software/amazon/awssdk/regions/servicemetadata/LightsailServiceMetadata
instanceKlass software/amazon/awssdk/regions/servicemetadata/LicenseManagerUserSubscriptionsServiceMetadata
instanceKlass software/amazon/awssdk/regions/servicemetadata/LicenseManagerLinuxSubscriptionsServiceMetadata
instanceKlass software/amazon/awssdk/regions/servicemetadata/LicenseManagerServiceMetadata
instanceKlass software/amazon/awssdk/regions/servicemetadata/LambdaServiceMetadata
instanceKlass software/amazon/awssdk/regions/servicemetadata/LakeformationServiceMetadata
instanceKlass software/amazon/awssdk/regions/servicemetadata/KmsServiceMetadata
instanceKlass software/amazon/awssdk/regions/servicemetadata/KinesisvideoServiceMetadata
instanceKlass software/amazon/awssdk/regions/servicemetadata/KinesisanalyticsServiceMetadata
instanceKlass software/amazon/awssdk/regions/servicemetadata/KinesisServiceMetadata
instanceKlass software/amazon/awssdk/regions/servicemetadata/KendraRankingServiceMetadata
instanceKlass software/amazon/awssdk/regions/servicemetadata/KendraServiceMetadata
instanceKlass software/amazon/awssdk/regions/servicemetadata/KafkaconnectServiceMetadata
instanceKlass software/amazon/awssdk/regions/servicemetadata/KafkaServiceMetadata
instanceKlass software/amazon/awssdk/regions/servicemetadata/IvsrealtimeServiceMetadata
instanceKlass software/amazon/awssdk/regions/servicemetadata/IvschatServiceMetadata
instanceKlass software/amazon/awssdk/regions/servicemetadata/IvsServiceMetadata
instanceKlass software/amazon/awssdk/regions/servicemetadata/IotwirelessServiceMetadata
instanceKlass software/amazon/awssdk/regions/servicemetadata/IottwinmakerServiceMetadata
instanceKlass software/amazon/awssdk/regions/servicemetadata/IotthingsgraphServiceMetadata
instanceKlass software/amazon/awssdk/regions/servicemetadata/IotsitewiseServiceMetadata
instanceKlass software/amazon/awssdk/regions/servicemetadata/IotsecuredtunnelingServiceMetadata
instanceKlass software/amazon/awssdk/regions/servicemetadata/IotfleetwiseServiceMetadata
instanceKlass software/amazon/awssdk/regions/servicemetadata/IoteventsdataServiceMetadata
instanceKlass software/amazon/awssdk/regions/servicemetadata/IoteventsServiceMetadata
instanceKlass software/amazon/awssdk/regions/servicemetadata/IotanalyticsServiceMetadata
instanceKlass software/amazon/awssdk/regions/servicemetadata/IotServiceMetadata
instanceKlass software/amazon/awssdk/regions/servicemetadata/InternetmonitorServiceMetadata
instanceKlass software/amazon/awssdk/regions/servicemetadata/Inspector2ServiceMetadata
instanceKlass software/amazon/awssdk/regions/servicemetadata/InspectorServiceMetadata
instanceKlass software/amazon/awssdk/regions/servicemetadata/IngestTimestreamServiceMetadata
instanceKlass software/amazon/awssdk/regions/servicemetadata/ImportexportServiceMetadata
instanceKlass software/amazon/awssdk/regions/servicemetadata/IdentitystoreServiceMetadata
instanceKlass software/amazon/awssdk/regions/servicemetadata/IdentityChimeServiceMetadata
instanceKlass software/amazon/awssdk/regions/servicemetadata/IamServiceMetadata
instanceKlass software/amazon/awssdk/regions/servicemetadata/HealthlakeServiceMetadata
instanceKlass software/amazon/awssdk/regions/servicemetadata/HealthServiceMetadata
instanceKlass software/amazon/awssdk/regions/servicemetadata/GuarddutyServiceMetadata
instanceKlass software/amazon/awssdk/regions/servicemetadata/GroundstationServiceMetadata
instanceKlass software/amazon/awssdk/regions/servicemetadata/GreengrassServiceMetadata
instanceKlass software/amazon/awssdk/regions/servicemetadata/GrafanaServiceMetadata
instanceKlass software/amazon/awssdk/regions/servicemetadata/GlueServiceMetadata
instanceKlass software/amazon/awssdk/regions/servicemetadata/GlacierServiceMetadata
instanceKlass software/amazon/awssdk/regions/servicemetadata/GeoServiceMetadata
instanceKlass software/amazon/awssdk/regions/servicemetadata/GameliftServiceMetadata
instanceKlass software/amazon/awssdk/regions/servicemetadata/FsxServiceMetadata
instanceKlass software/amazon/awssdk/regions/servicemetadata/FrauddetectorServiceMetadata
instanceKlass software/amazon/awssdk/regions/servicemetadata/ForecastqueryServiceMetadata
instanceKlass software/amazon/awssdk/regions/servicemetadata/ForecastServiceMetadata
instanceKlass software/amazon/awssdk/regions/servicemetadata/FmsServiceMetadata
instanceKlass software/amazon/awssdk/regions/servicemetadata/FirehoseServiceMetadata
instanceKlass software/amazon/awssdk/regions/servicemetadata/FinspaceApiServiceMetadata
instanceKlass software/amazon/awssdk/regions/servicemetadata/FinspaceServiceMetadata
instanceKlass software/amazon/awssdk/regions/servicemetadata/EvidentlyServiceMetadata
instanceKlass software/amazon/awssdk/regions/servicemetadata/EventsServiceMetadata
instanceKlass software/amazon/awssdk/regions/servicemetadata/EsServiceMetadata
instanceKlass software/amazon/awssdk/regions/servicemetadata/EntitlementMarketplaceServiceMetadata
instanceKlass software/amazon/awssdk/regions/servicemetadata/EmrServerlessServiceMetadata
instanceKlass software/amazon/awssdk/regions/servicemetadata/EmrContainersServiceMetadata
instanceKlass software/amazon/awssdk/regions/servicemetadata/EmailServiceMetadata
instanceKlass software/amazon/awssdk/regions/servicemetadata/ElastictranscoderServiceMetadata
instanceKlass software/amazon/awssdk/regions/servicemetadata/ElasticmapreduceServiceMetadata
instanceKlass software/amazon/awssdk/regions/servicemetadata/ElasticloadbalancingServiceMetadata
instanceKlass software/amazon/awssdk/regions/servicemetadata/ElasticfilesystemServiceMetadata
instanceKlass software/amazon/awssdk/regions/servicemetadata/ElasticbeanstalkServiceMetadata
instanceKlass software/amazon/awssdk/regions/servicemetadata/ElasticacheServiceMetadata
instanceKlass software/amazon/awssdk/regions/servicemetadata/EksAuthServiceMetadata
instanceKlass software/amazon/awssdk/regions/servicemetadata/EksServiceMetadata
instanceKlass software/amazon/awssdk/regions/servicemetadata/EdgeSagemakerServiceMetadata
instanceKlass software/amazon/awssdk/regions/servicemetadata/EcsServiceMetadata
instanceKlass software/amazon/awssdk/regions/servicemetadata/Ec2ServiceMetadata
instanceKlass software/amazon/awssdk/regions/servicemetadata/EbsServiceMetadata
instanceKlass software/amazon/awssdk/regions/servicemetadata/DynamodbServiceMetadata
instanceKlass software/amazon/awssdk/regions/servicemetadata/DsServiceMetadata
instanceKlass software/amazon/awssdk/regions/servicemetadata/DrsServiceMetadata
instanceKlass software/amazon/awssdk/regions/servicemetadata/DocdbServiceMetadata
instanceKlass software/amazon/awssdk/regions/servicemetadata/DmsServiceMetadata
instanceKlass software/amazon/awssdk/regions/servicemetadata/DlmServiceMetadata
instanceKlass software/amazon/awssdk/regions/servicemetadata/DiscoveryServiceMetadata
instanceKlass software/amazon/awssdk/regions/servicemetadata/DirectconnectServiceMetadata
instanceKlass software/amazon/awssdk/regions/servicemetadata/DevopsGuruServiceMetadata
instanceKlass software/amazon/awssdk/regions/servicemetadata/DevicefarmServiceMetadata
instanceKlass software/amazon/awssdk/regions/servicemetadata/DaxServiceMetadata
instanceKlass software/amazon/awssdk/regions/servicemetadata/DatazoneServiceMetadata
instanceKlass software/amazon/awssdk/regions/servicemetadata/DatasyncServiceMetadata
instanceKlass software/amazon/awssdk/regions/servicemetadata/DatapipelineServiceMetadata
instanceKlass software/amazon/awssdk/regions/servicemetadata/DataexchangeServiceMetadata
instanceKlass software/amazon/awssdk/regions/servicemetadata/DatabrewServiceMetadata
instanceKlass software/amazon/awssdk/regions/servicemetadata/DataMediastoreServiceMetadata
instanceKlass software/amazon/awssdk/regions/servicemetadata/DataJobsIotServiceMetadata
instanceKlass software/amazon/awssdk/regions/servicemetadata/DataIotServiceMetadata
instanceKlass software/amazon/awssdk/regions/servicemetadata/DataAtsIotServiceMetadata
instanceKlass software/amazon/awssdk/regions/servicemetadata/CurServiceMetadata
instanceKlass software/amazon/awssdk/regions/servicemetadata/CostOptimizationHubServiceMetadata
instanceKlass software/amazon/awssdk/regions/servicemetadata/ControltowerServiceMetadata
instanceKlass software/amazon/awssdk/regions/servicemetadata/ContactLensServiceMetadata
instanceKlass software/amazon/awssdk/regions/servicemetadata/ConnectCampaignsServiceMetadata
instanceKlass software/amazon/awssdk/regions/servicemetadata/ConnectServiceMetadata
instanceKlass software/amazon/awssdk/regions/servicemetadata/ConfigServiceMetadata
instanceKlass software/amazon/awssdk/regions/servicemetadata/ComputeOptimizerServiceMetadata
instanceKlass software/amazon/awssdk/regions/servicemetadata/ComprehendmedicalServiceMetadata
instanceKlass software/amazon/awssdk/regions/servicemetadata/ComprehendServiceMetadata
instanceKlass software/amazon/awssdk/regions/servicemetadata/CognitoSyncServiceMetadata
instanceKlass software/amazon/awssdk/regions/servicemetadata/CognitoIdpServiceMetadata
instanceKlass software/amazon/awssdk/regions/servicemetadata/CognitoIdentityServiceMetadata
instanceKlass software/amazon/awssdk/regions/servicemetadata/CodestarNotificationsServiceMetadata
instanceKlass software/amazon/awssdk/regions/servicemetadata/CodestarConnectionsServiceMetadata
instanceKlass software/amazon/awssdk/regions/servicemetadata/CodestarServiceMetadata
instanceKlass software/amazon/awssdk/regions/servicemetadata/CodepipelineServiceMetadata
instanceKlass software/amazon/awssdk/regions/servicemetadata/CodeguruReviewerServiceMetadata
instanceKlass software/amazon/awssdk/regions/servicemetadata/CodedeployServiceMetadata
instanceKlass software/amazon/awssdk/regions/servicemetadata/CodecommitServiceMetadata
instanceKlass software/amazon/awssdk/regions/servicemetadata/CodecatalystServiceMetadata
instanceKlass software/amazon/awssdk/regions/servicemetadata/CodebuildServiceMetadata
instanceKlass software/amazon/awssdk/regions/servicemetadata/CodeartifactServiceMetadata
instanceKlass software/amazon/awssdk/regions/servicemetadata/CloudtrailDataServiceMetadata
instanceKlass software/amazon/awssdk/regions/servicemetadata/CloudtrailServiceMetadata
instanceKlass software/amazon/awssdk/regions/servicemetadata/CloudsearchServiceMetadata
instanceKlass software/amazon/awssdk/regions/servicemetadata/Cloudhsmv2ServiceMetadata
instanceKlass software/amazon/awssdk/regions/servicemetadata/CloudhsmServiceMetadata
instanceKlass software/amazon/awssdk/regions/servicemetadata/CloudfrontServiceMetadata
instanceKlass software/amazon/awssdk/regions/servicemetadata/CloudformationServiceMetadata
instanceKlass software/amazon/awssdk/regions/servicemetadata/ClouddirectoryServiceMetadata
instanceKlass software/amazon/awssdk/regions/servicemetadata/CloudcontrolapiServiceMetadata
instanceKlass software/amazon/awssdk/regions/servicemetadata/Cloud9ServiceMetadata
instanceKlass software/amazon/awssdk/regions/servicemetadata/CleanroomsServiceMetadata
instanceKlass software/amazon/awssdk/regions/servicemetadata/ChimeServiceMetadata
instanceKlass software/amazon/awssdk/regions/servicemetadata/CeServiceMetadata
instanceKlass software/amazon/awssdk/regions/servicemetadata/CatalogMarketplaceServiceMetadata
instanceKlass software/amazon/awssdk/regions/servicemetadata/CassandraServiceMetadata
instanceKlass software/amazon/awssdk/regions/servicemetadata/CasesServiceMetadata
instanceKlass software/amazon/awssdk/regions/servicemetadata/BudgetsServiceMetadata
instanceKlass software/amazon/awssdk/regions/servicemetadata/BraketServiceMetadata
instanceKlass software/amazon/awssdk/regions/servicemetadata/BillingconductorServiceMetadata
instanceKlass software/amazon/awssdk/regions/servicemetadata/BedrockServiceMetadata
instanceKlass software/amazon/awssdk/regions/servicemetadata/BatchServiceMetadata
instanceKlass software/amazon/awssdk/regions/servicemetadata/BackupstorageServiceMetadata
instanceKlass software/amazon/awssdk/regions/servicemetadata/BackupGatewayServiceMetadata
instanceKlass software/amazon/awssdk/regions/servicemetadata/BackupServiceMetadata
instanceKlass software/amazon/awssdk/regions/servicemetadata/AutoscalingPlansServiceMetadata
instanceKlass software/amazon/awssdk/regions/servicemetadata/AutoscalingServiceMetadata
instanceKlass software/amazon/awssdk/regions/servicemetadata/AuditmanagerServiceMetadata
instanceKlass software/amazon/awssdk/regions/servicemetadata/AthenaServiceMetadata
instanceKlass software/amazon/awssdk/regions/servicemetadata/ArcZonalShiftServiceMetadata
instanceKlass software/amazon/awssdk/regions/servicemetadata/ApsServiceMetadata
instanceKlass software/amazon/awssdk/regions/servicemetadata/AppsyncServiceMetadata
instanceKlass software/amazon/awssdk/regions/servicemetadata/Appstream2ServiceMetadata
instanceKlass software/amazon/awssdk/regions/servicemetadata/ApprunnerServiceMetadata
instanceKlass software/amazon/awssdk/regions/servicemetadata/AppmeshServiceMetadata
instanceKlass software/amazon/awssdk/regions/servicemetadata/ApplicationinsightsServiceMetadata
instanceKlass software/amazon/awssdk/regions/servicemetadata/ApplicationAutoscalingServiceMetadata
instanceKlass software/amazon/awssdk/regions/servicemetadata/AppflowServiceMetadata
instanceKlass software/amazon/awssdk/regions/servicemetadata/AppconfigdataServiceMetadata
instanceKlass software/amazon/awssdk/regions/servicemetadata/AppconfigServiceMetadata
instanceKlass software/amazon/awssdk/regions/servicemetadata/AppIntegrationsServiceMetadata
instanceKlass software/amazon/awssdk/regions/servicemetadata/ApigatewayServiceMetadata
instanceKlass software/amazon/awssdk/regions/servicemetadata/ApiTunnelingIotServiceMetadata
instanceKlass software/amazon/awssdk/regions/servicemetadata/ApiSagemakerServiceMetadata
instanceKlass software/amazon/awssdk/regions/servicemetadata/ApiPricingServiceMetadata
instanceKlass software/amazon/awssdk/regions/servicemetadata/ApiMediatailorServiceMetadata
instanceKlass software/amazon/awssdk/regions/servicemetadata/ApiIotwirelessServiceMetadata
instanceKlass software/amazon/awssdk/regions/servicemetadata/ApiIotdeviceadvisorServiceMetadata
instanceKlass software/amazon/awssdk/regions/servicemetadata/ApiFleethubIotServiceMetadata
instanceKlass software/amazon/awssdk/regions/servicemetadata/ApiElasticInferenceServiceMetadata
instanceKlass software/amazon/awssdk/regions/servicemetadata/ApiEcrPublicServiceMetadata
instanceKlass software/amazon/awssdk/regions/servicemetadata/ApiEcrServiceMetadata
instanceKlass software/amazon/awssdk/regions/servicemetadata/ApiDetectiveServiceMetadata
instanceKlass software/amazon/awssdk/regions/servicemetadata/AossServiceMetadata
instanceKlass software/amazon/awssdk/regions/servicemetadata/AmplifyuibuilderServiceMetadata
instanceKlass software/amazon/awssdk/regions/servicemetadata/AmplifybackendServiceMetadata
instanceKlass software/amazon/awssdk/regions/servicemetadata/AmplifyServiceMetadata
instanceKlass software/amazon/awssdk/regions/servicemetadata/AirflowServiceMetadata
instanceKlass software/amazon/awssdk/regions/servicemetadata/AgreementMarketplaceServiceMetadata
instanceKlass software/amazon/awssdk/regions/servicemetadata/AcmPcaServiceMetadata
instanceKlass software/amazon/awssdk/regions/PartitionEndpointKey$DefaultBuilder
instanceKlass software/amazon/awssdk/regions/PartitionEndpointKey$Builder
instanceKlass software/amazon/awssdk/regions/PartitionEndpointKey
instanceKlass software/amazon/awssdk/regions/servicemetadata/AcmServiceMetadata
instanceKlass software/amazon/awssdk/regions/servicemetadata/AccountServiceMetadata
instanceKlass  @bci software/amazon/awssdk/regions/EndpointTag$EndpointTagCache put (Ljava/lang/String;)Lsoftware/amazon/awssdk/regions/EndpointTag; 4 <appendix> argL0 ; # software/amazon/awssdk/regions/EndpointTag$EndpointTagCache$$Lambda+0x00000160c936af60
instanceKlass software/amazon/awssdk/regions/EndpointTag$EndpointTagCache
instanceKlass software/amazon/awssdk/regions/EndpointTag
instanceKlass software/amazon/awssdk/regions/ServiceEndpointKey$DefaultBuilder
instanceKlass software/amazon/awssdk/regions/ServiceEndpointKey$Builder
instanceKlass software/amazon/awssdk/regions/ServiceEndpointKey
instanceKlass software/amazon/awssdk/regions/servicemetadata/AccessAnalyzerServiceMetadata
instanceKlass software/amazon/awssdk/regions/internal/DefaultServicePartitionMetadata
instanceKlass software/amazon/awssdk/regions/ServicePartitionMetadata
instanceKlass software/amazon/awssdk/regions/servicemetadata/A4bServiceMetadata
instanceKlass software/amazon/awssdk/regions/GeneratedServiceMetadataProvider
instanceKlass software/amazon/awssdk/regions/regionmetadata/EuIsoeWest1
instanceKlass software/amazon/awssdk/regions/regionmetadata/UsIsobEast1
instanceKlass software/amazon/awssdk/regions/regionmetadata/UsIsoWest1
instanceKlass software/amazon/awssdk/regions/regionmetadata/UsIsoEast1
instanceKlass software/amazon/awssdk/regions/regionmetadata/UsGovWest1
instanceKlass software/amazon/awssdk/regions/regionmetadata/UsGovEast1
instanceKlass software/amazon/awssdk/regions/regionmetadata/CnNorthwest1
instanceKlass software/amazon/awssdk/regions/regionmetadata/CnNorth1
instanceKlass software/amazon/awssdk/regions/regionmetadata/UsWest2
instanceKlass software/amazon/awssdk/regions/regionmetadata/UsWest1
instanceKlass software/amazon/awssdk/regions/regionmetadata/UsEast2
instanceKlass software/amazon/awssdk/regions/regionmetadata/UsEast1
instanceKlass software/amazon/awssdk/regions/regionmetadata/SaEast1
instanceKlass software/amazon/awssdk/regions/regionmetadata/MeSouth1
instanceKlass software/amazon/awssdk/regions/regionmetadata/MeCentral1
instanceKlass software/amazon/awssdk/regions/regionmetadata/IlCentral1
instanceKlass software/amazon/awssdk/regions/regionmetadata/EuWest3
instanceKlass software/amazon/awssdk/regions/regionmetadata/EuWest2
instanceKlass software/amazon/awssdk/regions/regionmetadata/EuWest1
instanceKlass software/amazon/awssdk/regions/regionmetadata/EuSouth2
instanceKlass software/amazon/awssdk/regions/regionmetadata/EuSouth1
instanceKlass software/amazon/awssdk/regions/regionmetadata/EuNorth1
instanceKlass software/amazon/awssdk/regions/regionmetadata/EuCentral2
instanceKlass software/amazon/awssdk/regions/regionmetadata/EuCentral1
instanceKlass software/amazon/awssdk/regions/regionmetadata/CaWest1
instanceKlass software/amazon/awssdk/regions/regionmetadata/CaCentral1
instanceKlass software/amazon/awssdk/regions/regionmetadata/ApSoutheast4
instanceKlass software/amazon/awssdk/regions/regionmetadata/ApSoutheast3
instanceKlass software/amazon/awssdk/regions/regionmetadata/ApSoutheast2
instanceKlass software/amazon/awssdk/regions/regionmetadata/ApSoutheast1
instanceKlass software/amazon/awssdk/regions/regionmetadata/ApSouth2
instanceKlass software/amazon/awssdk/regions/regionmetadata/ApSouth1
instanceKlass software/amazon/awssdk/regions/regionmetadata/ApNortheast3
instanceKlass software/amazon/awssdk/regions/regionmetadata/ApNortheast2
instanceKlass software/amazon/awssdk/regions/regionmetadata/ApNortheast1
instanceKlass software/amazon/awssdk/regions/regionmetadata/ApEast1
instanceKlass software/amazon/awssdk/regions/regionmetadata/AfSouth1
instanceKlass software/amazon/awssdk/regions/RegionMetadata
instanceKlass software/amazon/awssdk/regions/GeneratedRegionMetadataProvider
instanceKlass software/amazon/awssdk/regions/PartitionMetadataProvider
instanceKlass software/amazon/awssdk/regions/ServiceMetadataProvider
instanceKlass software/amazon/awssdk/regions/RegionMetadataProvider
instanceKlass software/amazon/awssdk/regions/internal/MetadataLoader
instanceKlass software/amazon/awssdk/regions/ServiceMetadata
instanceKlass software/amazon/awssdk/awscore/endpoint/DefaultServiceEndpointBuilder
instanceKlass software/amazon/awssdk/auth/credentials/AwsCredentials
instanceKlass software/amazon/awssdk/identity/spi/AwsCredentialsIdentity
instanceKlass software/amazon/awssdk/auth/credentials/CredentialUtils
instanceKlass  @bci software/amazon/awssdk/awscore/endpoint/FipsEnabledProvider isFipsEnabled ()Ljava/util/Optional; 35 <appendix> argL0 ; # software/amazon/awssdk/awscore/endpoint/FipsEnabledProvider$$Lambda+0x00000160c9365c60
instanceKlass  @bci software/amazon/awssdk/awscore/endpoint/FipsEnabledProvider$Builder <init> ()V 5 <appendix> argL0 ; # software/amazon/awssdk/awscore/endpoint/FipsEnabledProvider$Builder$$Lambda+0x00000160c9365a30
instanceKlass software/amazon/awssdk/awscore/endpoint/FipsEnabledProvider$Builder
instanceKlass software/amazon/awssdk/awscore/endpoint/FipsEnabledProvider
instanceKlass software/amazon/awssdk/internal/http/AbstractFileStoreTlsKeyManagersProvider
instanceKlass software/amazon/awssdk/http/TlsTrustManagersProvider
instanceKlass software/amazon/awssdk/http/TlsKeyManagersProvider
instanceKlass software/amazon/awssdk/awscore/internal/defaultsmode/DefaultsModeConfiguration
instanceKlass  @bci software/amazon/awssdk/awscore/internal/defaultsmode/DefaultsModeResolver resolve ()Lsoftware/amazon/awssdk/awscore/defaultsmode/DefaultsMode; 20 <appendix> member <vmtarget> ; # software/amazon/awssdk/awscore/internal/defaultsmode/DefaultsModeResolver$$Lambda+0x00000160c93646d8
instanceKlass  @bci software/amazon/awssdk/awscore/internal/defaultsmode/DefaultsModeResolver fromProfileFile (Ljava/util/function/Supplier;Ljava/lang/String;)Ljava/util/Optional; 50 <appendix> argL0 ; # software/amazon/awssdk/awscore/internal/defaultsmode/DefaultsModeResolver$$Lambda+0x00000160c9364488
instanceKlass  @bci software/amazon/awssdk/awscore/internal/defaultsmode/DefaultsModeResolver fromProfileFile (Ljava/util/function/Supplier;Ljava/lang/String;)Ljava/util/Optional; 42 <appendix> argL0 ; # software/amazon/awssdk/awscore/internal/defaultsmode/DefaultsModeResolver$$Lambda+0x00000160c9364238
instanceKlass  @bci software/amazon/awssdk/awscore/internal/defaultsmode/DefaultsModeResolver resolve ()Lsoftware/amazon/awssdk/awscore/defaultsmode/DefaultsMode; 10 <appendix> member <vmtarget> ; # software/amazon/awssdk/awscore/internal/defaultsmode/DefaultsModeResolver$$Lambda+0x00000160c9364000
instanceKlass  @bci software/amazon/awssdk/awscore/internal/defaultsmode/DefaultsModeResolver fromSystemSettings ()Ljava/util/Optional; 6 <appendix> argL0 ; # software/amazon/awssdk/awscore/internal/defaultsmode/DefaultsModeResolver$$Lambda+0x00000160c935fc30
instanceKlass software/amazon/awssdk/awscore/internal/defaultsmode/DefaultsModeResolver
instanceKlass  @bci software/amazon/awssdk/profiles/Profile booleanProperty (Ljava/lang/String;)Ljava/util/Optional; 7 <appendix> member <vmtarget> ; # software/amazon/awssdk/profiles/Profile$$Lambda+0x00000160c935f7b8
instanceKlass  @bci software/amazon/awssdk/awscore/endpoint/DualstackEnabledProvider isDualstackEnabled ()Ljava/util/Optional; 39 <appendix> argL0 ; # software/amazon/awssdk/awscore/endpoint/DualstackEnabledProvider$$Lambda+0x00000160c935f568
instanceKlass  @bci software/amazon/awssdk/utils/SystemSetting getBooleanValue ()Ljava/util/Optional; 7 <appendix> member <vmtarget> ; # software/amazon/awssdk/utils/SystemSetting$$Lambda+0x00000160c935f310
instanceKlass  @cpi software/amazon/awssdk/utils/SystemSetting 92 form vmentry <vmtarget> ; # java/lang/invoke/LambdaForm$DMH+0x00000160c9361400
instanceKlass  @bci software/amazon/awssdk/awscore/endpoint/DualstackEnabledProvider$Builder <init> ()V 5 <appendix> argL0 ; # software/amazon/awssdk/awscore/endpoint/DualstackEnabledProvider$Builder$$Lambda+0x00000160c935f0e0
instanceKlass software/amazon/awssdk/awscore/endpoint/DualstackEnabledProvider$Builder
instanceKlass software/amazon/awssdk/awscore/endpoint/DualstackEnabledProvider
instanceKlass software/amazon/awssdk/auth/credentials/internal/LazyAwsCredentialsProvider
instanceKlass  @bci software/amazon/awssdk/auth/credentials/DefaultCredentialsProvider createChain (Lsoftware/amazon/awssdk/auth/credentials/DefaultCredentialsProvider$Builder;)Lsoftware/amazon/awssdk/auth/credentials/internal/LazyAwsCredentialsProvider; 19 <adapter> ; # java/lang/invoke/LambdaForm$MH+0x00000160c9361000
# instanceKlass java/lang/invoke/LambdaForm$DMH+0x00000160c9360c00
instanceKlass  @bci software/amazon/awssdk/auth/credentials/DefaultCredentialsProvider createChain (Lsoftware/amazon/awssdk/auth/credentials/DefaultCredentialsProvider$Builder;)Lsoftware/amazon/awssdk/auth/credentials/internal/LazyAwsCredentialsProvider; 19 <appendix> form vmentry <vmtarget> ; # java/lang/invoke/LambdaForm$DMH+0x00000160c9360800
instanceKlass  @bci software/amazon/awssdk/auth/credentials/DefaultCredentialsProvider createChain (Lsoftware/amazon/awssdk/auth/credentials/DefaultCredentialsProvider$Builder;)Lsoftware/amazon/awssdk/auth/credentials/internal/LazyAwsCredentialsProvider; 19 <appendix> member <vmtarget> ; # software/amazon/awssdk/auth/credentials/DefaultCredentialsProvider$$Lambda+0x00000160c935e788
instanceKlass  @cpi software/amazon/awssdk/auth/credentials/DefaultCredentialsProvider 135 form vmentry <vmtarget> ; # java/lang/invoke/LambdaForm$DMH+0x00000160c9360400
# instanceKlass java/lang/invoke/LambdaForm$DMH+0x00000160c9360000
instanceKlass software/amazon/awssdk/auth/credentials/DefaultCredentialsProvider$Builder
instanceKlass software/amazon/awssdk/auth/credentials/DefaultCredentialsProvider
instanceKlass  @bci software/amazon/awssdk/awscore/client/builder/AwsDefaultClientBuilder finalizeAwsConfiguration (Lsoftware/amazon/awssdk/core/client/config/SdkClientConfiguration;)Lsoftware/amazon/awssdk/core/client/config/SdkClientConfiguration; 163 <appendix> member <vmtarget> ; # software/amazon/awssdk/awscore/client/builder/AwsDefaultClientBuilder$$Lambda+0x00000160c935dfd8
instanceKlass  @bci software/amazon/awssdk/awscore/client/builder/AwsDefaultClientBuilder configureRetryPolicy (Lsoftware/amazon/awssdk/core/client/config/SdkClientConfiguration$Builder;)V 40 <appendix> member <vmtarget> ; # software/amazon/awssdk/awscore/client/builder/AwsDefaultClientBuilder$$Lambda+0x00000160c935dda0
instanceKlass  @bci software/amazon/awssdk/awscore/client/builder/AwsDefaultClientBuilder finalizeAwsConfiguration (Lsoftware/amazon/awssdk/core/client/config/SdkClientConfiguration;)Lsoftware/amazon/awssdk/core/client/config/SdkClientConfiguration; 148 <appendix> member <vmtarget> ; # software/amazon/awssdk/awscore/client/builder/AwsDefaultClientBuilder$$Lambda+0x00000160c935db58
instanceKlass  @bci software/amazon/awssdk/awscore/client/builder/AwsDefaultClientBuilder finalizeAwsConfiguration (Lsoftware/amazon/awssdk/core/client/config/SdkClientConfiguration;)Lsoftware/amazon/awssdk/core/client/config/SdkClientConfiguration; 139 <appendix> member <vmtarget> ; # software/amazon/awssdk/awscore/client/builder/AwsDefaultClientBuilder$$Lambda+0x00000160c935d920
instanceKlass  @bci software/amazon/awssdk/awscore/client/builder/AwsDefaultClientBuilder finalizeAwsConfiguration (Lsoftware/amazon/awssdk/core/client/config/SdkClientConfiguration;)Lsoftware/amazon/awssdk/core/client/config/SdkClientConfiguration; 127 <appendix> member <vmtarget> ; # software/amazon/awssdk/awscore/client/builder/AwsDefaultClientBuilder$$Lambda+0x00000160c935d6e8
instanceKlass  @bci software/amazon/awssdk/awscore/client/builder/AwsDefaultClientBuilder finalizeAwsConfiguration (Lsoftware/amazon/awssdk/core/client/config/SdkClientConfiguration;)Lsoftware/amazon/awssdk/core/client/config/SdkClientConfiguration; 115 <appendix> member <vmtarget> ; # software/amazon/awssdk/awscore/client/builder/AwsDefaultClientBuilder$$Lambda+0x00000160c935d4b0
instanceKlass  @bci software/amazon/awssdk/awscore/client/builder/AwsDefaultClientBuilder finalizeAwsConfiguration (Lsoftware/amazon/awssdk/core/client/config/SdkClientConfiguration;)Lsoftware/amazon/awssdk/core/client/config/SdkClientConfiguration; 103 <appendix> member <vmtarget> ; # software/amazon/awssdk/awscore/client/builder/AwsDefaultClientBuilder$$Lambda+0x00000160c935d278
instanceKlass  @bci software/amazon/awssdk/awscore/client/builder/AwsDefaultClientBuilder finalizeAwsConfiguration (Lsoftware/amazon/awssdk/core/client/config/SdkClientConfiguration;)Lsoftware/amazon/awssdk/core/client/config/SdkClientConfiguration; 91 <appendix> member <vmtarget> ; # software/amazon/awssdk/awscore/client/builder/AwsDefaultClientBuilder$$Lambda+0x00000160c935d040
instanceKlass  @bci software/amazon/awssdk/awscore/client/builder/AwsDefaultClientBuilder finalizeAwsConfiguration (Lsoftware/amazon/awssdk/core/client/config/SdkClientConfiguration;)Lsoftware/amazon/awssdk/core/client/config/SdkClientConfiguration; 79 <appendix> member <vmtarget> ; # software/amazon/awssdk/awscore/client/builder/AwsDefaultClientBuilder$$Lambda+0x00000160c935ce08
instanceKlass  @bci software/amazon/awssdk/awscore/client/builder/AwsDefaultClientBuilder finalizeAwsConfiguration (Lsoftware/amazon/awssdk/core/client/config/SdkClientConfiguration;)Lsoftware/amazon/awssdk/core/client/config/SdkClientConfiguration; 67 <appendix> member <vmtarget> ; # software/amazon/awssdk/awscore/client/builder/AwsDefaultClientBuilder$$Lambda+0x00000160c935cbd0
instanceKlass  @bci software/amazon/awssdk/awscore/client/builder/AwsDefaultClientBuilder finalizeAwsConfiguration (Lsoftware/amazon/awssdk/core/client/config/SdkClientConfiguration;)Lsoftware/amazon/awssdk/core/client/config/SdkClientConfiguration; 55 <appendix> member <vmtarget> ; # software/amazon/awssdk/awscore/client/builder/AwsDefaultClientBuilder$$Lambda+0x00000160c935c998
instanceKlass  @bci software/amazon/awssdk/awscore/client/builder/AwsDefaultClientBuilder finalizeAwsConfiguration (Lsoftware/amazon/awssdk/core/client/config/SdkClientConfiguration;)Lsoftware/amazon/awssdk/core/client/config/SdkClientConfiguration; 43 <appendix> member <vmtarget> ; # software/amazon/awssdk/awscore/client/builder/AwsDefaultClientBuilder$$Lambda+0x00000160c935c760
instanceKlass  @bci software/amazon/awssdk/awscore/client/builder/AwsDefaultClientBuilder finalizeAwsConfiguration (Lsoftware/amazon/awssdk/core/client/config/SdkClientConfiguration;)Lsoftware/amazon/awssdk/core/client/config/SdkClientConfiguration; 31 <appendix> member <vmtarget> ; # software/amazon/awssdk/awscore/client/builder/AwsDefaultClientBuilder$$Lambda+0x00000160c935c528
instanceKlass  @bci software/amazon/awssdk/utils/AttributeMap$Builder putLazyIfAbsent (Lsoftware/amazon/awssdk/utils/AttributeMap$Key;Lsoftware/amazon/awssdk/utils/AttributeMap$LazyValue;)Lsoftware/amazon/awssdk/utils/AttributeMap$Builder; 14 <appendix> member <vmtarget> ; # software/amazon/awssdk/utils/AttributeMap$Builder$$Lambda+0x00000160c935c2f0
instanceKlass  @bci software/amazon/awssdk/awscore/client/builder/AwsDefaultClientBuilder finalizeAwsConfiguration (Lsoftware/amazon/awssdk/core/client/config/SdkClientConfiguration;)Lsoftware/amazon/awssdk/core/client/config/SdkClientConfiguration; 19 <appendix> member <vmtarget> ; # software/amazon/awssdk/awscore/client/builder/AwsDefaultClientBuilder$$Lambda+0x00000160c935c0b8
instanceKlass software/amazon/awssdk/awscore/interceptor/TraceIdExecutionInterceptor
instanceKlass org/reactivestreams/Publisher
instanceKlass software/amazon/awssdk/awscore/eventstream/EventStreamInitialRequestInterceptor
instanceKlass software/amazon/awssdk/awscore/interceptor/HelpfulUnknownHostExceptionInterceptor
instanceKlass  @bci software/amazon/awssdk/identity/spi/internal/DefaultIdentityProviders <init> (Lsoftware/amazon/awssdk/identity/spi/internal/DefaultIdentityProviders$BuilderImpl;)V 25 <appendix> member <vmtarget> ; # software/amazon/awssdk/identity/spi/internal/DefaultIdentityProviders$$Lambda+0x00000160c935b2a8
instanceKlass software/amazon/awssdk/identity/spi/internal/DefaultIdentityProviders$BuilderImpl
instanceKlass software/amazon/awssdk/identity/spi/IdentityProviders$Builder
instanceKlass software/amazon/awssdk/identity/spi/internal/DefaultIdentityProviders
instanceKlass  @bci software/amazon/awssdk/utils/AttributeMap$DependencyGraph valueUpdated (Lsoftware/amazon/awssdk/utils/AttributeMap$Value;Lsoftware/amazon/awssdk/utils/AttributeMap$Value;)V 79 <appendix> member <vmtarget> ; # software/amazon/awssdk/utils/AttributeMap$DependencyGraph$$Lambda+0x00000160c935ab50
instanceKlass software/amazon/awssdk/utils/AttributeMap$CachedValue
instanceKlass  @bci software/amazon/awssdk/utils/AttributeMap$DependencyGraph lambda$new$1 (Ljava/util/Map;Lsoftware/amazon/awssdk/utils/AttributeMap$Value;Ljava/util/Set;)V 57 <appendix> member <vmtarget> ; # software/amazon/awssdk/utils/AttributeMap$DependencyGraph$$Lambda+0x00000160c935a6e8
instanceKlass  @bci software/amazon/awssdk/services/rekognition/DefaultRekognitionBaseClientBuilder finalizeServiceConfiguration (Lsoftware/amazon/awssdk/core/client/config/SdkClientConfiguration;)Lsoftware/amazon/awssdk/core/client/config/SdkClientConfiguration; 120 <appendix> argL0 ; # software/amazon/awssdk/services/rekognition/DefaultRekognitionBaseClientBuilder$$Lambda+0x00000160c935a4b8
instanceKlass software/amazon/awssdk/utils/AttributeMap$ExpectCachedLazyValueSource
instanceKlass  @bci java/util/stream/Collectors mapMerger (Ljava/util/function/BinaryOperator;)Ljava/util/function/BinaryOperator; 1 <appendix> member <vmtarget> ; # java/util/stream/Collectors$$Lambda+0x00000160c927a088
instanceKlass  @bci java/util/stream/Collectors toMap (Ljava/util/function/Function;Ljava/util/function/Function;Ljava/util/function/BinaryOperator;Ljava/util/function/Supplier;)Ljava/util/stream/Collector; 3 <appendix> member <vmtarget> ; # java/util/stream/Collectors$$Lambda+0x00000160c9279e40
instanceKlass  @bci java/util/stream/Collectors toMap (Ljava/util/function/Function;Ljava/util/function/Function;Ljava/util/function/BinaryOperator;)Ljava/util/stream/Collector; 3 <appendix> argL0 ; # java/util/stream/Collectors$$Lambda+0x00000160c9279c10
instanceKlass  @bci software/amazon/awssdk/core/interceptor/ClasspathInterceptorChainFactory createExecutionInterceptorsFromClasspath (Ljava/lang/String;)Ljava/util/Collection; 22 <appendix> argL0 ; # software/amazon/awssdk/core/interceptor/ClasspathInterceptorChainFactory$$Lambda+0x00000160c935a028
instanceKlass  @bci software/amazon/awssdk/core/interceptor/ClasspathInterceptorChainFactory createExecutionInterceptorsFromClasspath (Ljava/lang/String;)Ljava/util/Collection; 17 <appendix> argL0 ; # software/amazon/awssdk/core/interceptor/ClasspathInterceptorChainFactory$$Lambda+0x00000160c9359dd8
instanceKlass  @bci software/amazon/awssdk/core/interceptor/ClasspathInterceptorChainFactory createExecutionInterceptorsFromClasspath (Ljava/lang/String;)Ljava/util/Collection; 12 <appendix> argL0 ; # software/amazon/awssdk/core/interceptor/ClasspathInterceptorChainFactory$$Lambda+0x00000160c9359b88
instanceKlass  @bci software/amazon/awssdk/core/interceptor/ClasspathInterceptorChainFactory createExecutionInterceptorsFromResources (Ljava/util/Enumeration;)Ljava/util/stream/Stream; 16 <appendix> member <vmtarget> ; # software/amazon/awssdk/core/interceptor/ClasspathInterceptorChainFactory$$Lambda+0x00000160c9359930
instanceKlass software/amazon/awssdk/core/internal/util/ClassLoaderHelper
instanceKlass software/amazon/awssdk/core/interceptor/ClasspathInterceptorChainFactory
instanceKlass software/amazon/awssdk/services/rekognition/endpoints/internal/RekognitionRequestSetEndpointInterceptor
instanceKlass software/amazon/awssdk/services/rekognition/endpoints/internal/RekognitionResolveEndpointInterceptor
instanceKlass software/amazon/awssdk/services/rekognition/auth/scheme/internal/RekognitionAuthSchemeInterceptor
instanceKlass software/amazon/awssdk/core/interceptor/ExecutionInterceptor
instanceKlass java/util/Collections$UnmodifiableMap$UnmodifiableEntrySet$1
instanceKlass  @bci software/amazon/awssdk/profiles/ProfileFile$Aggregator addToAggregate (Ljava/util/Map;Ljava/util/Map;Ljava/lang/String;)V 76 <appendix> member <vmtarget> ; # software/amazon/awssdk/profiles/ProfileFile$Aggregator$$Lambda+0x00000160c9358900
instanceKlass  @bci software/amazon/awssdk/profiles/ProfileFile$Aggregator build ()Lsoftware/amazon/awssdk/profiles/ProfileFile; 47 <appendix> member <vmtarget> ; # software/amazon/awssdk/profiles/ProfileFile$Aggregator$$Lambda+0x00000160c93586b8
instanceKlass  @bci software/amazon/awssdk/profiles/ProfileFile addConfigFile (Lsoftware/amazon/awssdk/profiles/ProfileFile$Aggregator;)V 4 <appendix> member <vmtarget> ; # software/amazon/awssdk/profiles/ProfileFile$$Lambda+0x00000160c9358470
instanceKlass  @bci software/amazon/awssdk/profiles/ProfileFileLocation configurationFilePath ()Ljava/nio/file/Path; 6 <appendix> argL0 ; # software/amazon/awssdk/profiles/ProfileFileLocation$$Lambda+0x00000160c9358240
instanceKlass  @bci software/amazon/awssdk/profiles/ProfileFile defaultProfileFile ()Lsoftware/amazon/awssdk/profiles/ProfileFile; 14 <appendix> argL0 ; # software/amazon/awssdk/profiles/ProfileFile$$Lambda+0x00000160c9358000
instanceKlass software/amazon/awssdk/profiles/Profile$BuilderImpl
instanceKlass software/amazon/awssdk/profiles/Profile$Builder
instanceKlass software/amazon/awssdk/profiles/Profile
instanceKlass  @bci software/amazon/awssdk/profiles/ProfileFile lambda$convertToProfilesSectionsMap$3 (Ljava/util/Map;Ljava/util/Map$Entry;)V 54 <appendix> member <vmtarget> ; # software/amazon/awssdk/profiles/ProfileFile$$Lambda+0x00000160c9354a48
instanceKlass  @bci software/amazon/awssdk/profiles/ProfileFile convertToProfilesSectionsMap (Ljava/util/Map;)Ljava/util/Map; 15 <appendix> member <vmtarget> ; # software/amazon/awssdk/profiles/ProfileFile$$Lambda+0x00000160c9354800
instanceKlass  @bci software/amazon/awssdk/profiles/internal/ProfileFileReader updateStateBasedOnProfileName (Lsoftware/amazon/awssdk/profiles/internal/ProfileFileReader$ParserState;Ljava/util/Optional;)V 67 <appendix> argL0 ; # software/amazon/awssdk/profiles/internal/ProfileFileReader$$Lambda+0x00000160c9355b88
instanceKlass  @bci software/amazon/awssdk/profiles/internal/ProfileFileReader findEarliestMatch (Ljava/lang/String;[Ljava/lang/String;)I 41 <appendix> member <vmtarget> ; # software/amazon/awssdk/profiles/internal/ProfileFileReader$$Lambda+0x00000160c9355950
instanceKlass java/util/function/IntSupplier
instanceKlass java/util/OptionalInt
instanceKlass java/util/stream/Sink$ChainedInt
instanceKlass java/util/stream/ReduceOps$6ReducingSink
instanceKlass java/util/stream/Sink$OfInt
instanceKlass java/util/function/IntConsumer
instanceKlass  @bci java/util/stream/IntPipeline min ()Ljava/util/OptionalInt; 1 <appendix> argL0 ; # java/util/stream/IntPipeline$$Lambda+0x00000160c9278948
instanceKlass java/util/function/IntBinaryOperator
instanceKlass  @bci software/amazon/awssdk/profiles/internal/ProfileFileReader findEarliestMatch (Ljava/lang/String;[Ljava/lang/String;)I 20 <appendix> argL0 ; # software/amazon/awssdk/profiles/internal/ProfileFileReader$$Lambda+0x00000160c93556f0
instanceKlass java/util/stream/IntStream
instanceKlass  @bci software/amazon/awssdk/profiles/internal/ProfileFileReader findEarliestMatch (Ljava/lang/String;[Ljava/lang/String;)I 10 <appendix> member <vmtarget> ; # software/amazon/awssdk/profiles/internal/ProfileFileReader$$Lambda+0x00000160c93554b8
instanceKlass java/util/function/ToIntFunction
instanceKlass  @bci software/amazon/awssdk/profiles/internal/ProfileFileReader sectionDefinitionLine (Ljava/lang/String;)Ljava/util/Optional; 53 <appendix> member <vmtarget> ; # software/amazon/awssdk/profiles/internal/ProfileFileReader$$Lambda+0x00000160c9355250
instanceKlass  @bci software/amazon/awssdk/profiles/internal/ProfileFileReader sectionDefinitionLine (Ljava/lang/String;)Ljava/util/Optional; 42 <appendix> argL0 ; # software/amazon/awssdk/profiles/internal/ProfileFileReader$$Lambda+0x00000160c9355000
instanceKlass  @bci software/amazon/awssdk/profiles/internal/ProfileFileReader sectionDefinitionLine (Ljava/lang/String;)Ljava/util/Optional; 32 <appendix> argL0 ; # software/amazon/awssdk/profiles/internal/ProfileFileReader$$Lambda+0x00000160c9357d60
instanceKlass  @bci software/amazon/awssdk/profiles/internal/ProfileFileReader parseFile (Ljava/io/InputStream;Lsoftware/amazon/awssdk/profiles/ProfileFile$Type;)Ljava/util/Map; 34 <appendix> member <vmtarget> ; # software/amazon/awssdk/profiles/internal/ProfileFileReader$$Lambda+0x00000160c9357b18
instanceKlass java/io/BufferedReader$1
instanceKlass  @bci software/amazon/awssdk/profiles/internal/ProfileFileReader$ParserState <init> (Lsoftware/amazon/awssdk/profiles/ProfileFile$Type;)V 76 <appendix> member <vmtarget> ; # software/amazon/awssdk/profiles/internal/ProfileFileReader$ParserState$$Lambda+0x00000160c93578d0
instanceKlass software/amazon/awssdk/profiles/internal/ProfileFileReader$ParserState
instanceKlass software/amazon/awssdk/profiles/internal/ProfileFileReader
instanceKlass  @bci software/amazon/awssdk/profiles/ProfileFile$BuilderImpl build ()Lsoftware/amazon/awssdk/profiles/ProfileFile; 15 <appendix> member <vmtarget> ; # software/amazon/awssdk/profiles/ProfileFile$BuilderImpl$$Lambda+0x00000160c9356e00
instanceKlass software/amazon/awssdk/profiles/ProfileFile$BuilderImpl
instanceKlass  @bci software/amazon/awssdk/profiles/ProfileFile addCredentialsFile (Lsoftware/amazon/awssdk/profiles/ProfileFile$Aggregator;)V 4 <appendix> member <vmtarget> ; # software/amazon/awssdk/profiles/ProfileFile$$Lambda+0x00000160c93564c0
instanceKlass sun/nio/fs/WindowsFileSystemProvider$1
instanceKlass  @bci software/amazon/awssdk/profiles/ProfileFileLocation resolveIfExists (Ljava/nio/file/Path;)Ljava/util/Optional; 12 <appendix> argL0 ; # software/amazon/awssdk/profiles/ProfileFileLocation$$Lambda+0x00000160c9356260
instanceKlass  @bci software/amazon/awssdk/profiles/ProfileFileLocation resolveIfExists (Ljava/nio/file/Path;)Ljava/util/Optional; 4 <appendix> argL0 ; # software/amazon/awssdk/profiles/ProfileFileLocation$$Lambda+0x00000160c9356000
instanceKlass  @bci software/amazon/awssdk/utils/UserHomeDirectoryUtils userHomeDirectory ()Ljava/lang/String; 27 <appendix> argL0 ; # software/amazon/awssdk/utils/UserHomeDirectoryUtils$$Lambda+0x00000160c9353d88
instanceKlass software/amazon/awssdk/utils/UserHomeDirectoryUtils
instanceKlass  @bci software/amazon/awssdk/profiles/ProfileFileLocation credentialsFilePath ()Ljava/nio/file/Path; 6 <appendix> argL0 ; # software/amazon/awssdk/profiles/ProfileFileLocation$$Lambda+0x00000160c9353940
instanceKlass software/amazon/awssdk/profiles/ProfileFileLocation
instanceKlass  @bci software/amazon/awssdk/profiles/ProfileFile defaultProfileFile ()Lsoftware/amazon/awssdk/profiles/ProfileFile; 3 <appendix> argL0 ; # software/amazon/awssdk/profiles/ProfileFile$$Lambda+0x00000160c93534e8
instanceKlass software/amazon/awssdk/profiles/ProfileFile$Aggregator
instanceKlass  @bci software/amazon/awssdk/utils/AttributeMap$DependencyGraph addDependency (Lsoftware/amazon/awssdk/utils/AttributeMap$Value;Lsoftware/amazon/awssdk/utils/AttributeMap$Value;)V 16 <appendix> argL0 ; # software/amazon/awssdk/utils/AttributeMap$DependencyGraph$$Lambda+0x00000160c9353038
instanceKlass  @bci software/amazon/awssdk/utils/AttributeMap$Builder internalGet (Lsoftware/amazon/awssdk/utils/AttributeMap$Value;Lsoftware/amazon/awssdk/utils/AttributeMap$Key;)Ljava/lang/Object; 24 <appendix> argL0 ; # software/amazon/awssdk/utils/AttributeMap$Builder$$Lambda+0x00000160c9352de8
instanceKlass software/amazon/awssdk/core/CompressionConfiguration$DefaultBuilder
instanceKlass software/amazon/awssdk/core/CompressionConfiguration$Builder
instanceKlass software/amazon/awssdk/utils/IoUtils
instanceKlass software/amazon/awssdk/core/util/SdkUserAgent
instanceKlass  @bci software/amazon/awssdk/utils/SystemSetting getStringValueOrThrow ()Ljava/lang/String; 7 <appendix> member <vmtarget> ; # software/amazon/awssdk/utils/SystemSetting$$Lambda+0x00000160c9351fd0
instanceKlass  @cpi software/amazon/awssdk/utils/SystemSetting 77 form vmentry <vmtarget> ; # java/lang/invoke/LambdaForm$DMH+0x00000160c9354000
instanceKlass  @bci software/amazon/awssdk/utils/internal/SystemSettingUtils resolveSetting (Lsoftware/amazon/awssdk/utils/SystemSetting;)Ljava/util/Optional; 29 <appendix> argL0 ; # software/amazon/awssdk/utils/internal/SystemSettingUtils$$Lambda+0x00000160c9351d80
instanceKlass  @bci software/amazon/awssdk/utils/internal/SystemSettingUtils resolveEnvironmentVariable (Ljava/lang/String;)Ljava/util/Optional; 4 <appendix> argL0 ; # software/amazon/awssdk/utils/internal/SystemSettingUtils$$Lambda+0x00000160c9351b30
instanceKlass software/amazon/awssdk/utils/internal/SystemSettingUtilsTestBackdoor
instanceKlass software/amazon/awssdk/utils/OptionalUtils
instanceKlass  @bci software/amazon/awssdk/utils/internal/SystemSettingUtils resolveSetting (Lsoftware/amazon/awssdk/utils/SystemSetting;)Ljava/util/Optional; 20 <appendix> member <vmtarget> ; # software/amazon/awssdk/utils/internal/SystemSettingUtils$$Lambda+0x00000160c93514c8
instanceKlass  @bci software/amazon/awssdk/utils/internal/SystemSettingUtils resolveSetting (Lsoftware/amazon/awssdk/utils/SystemSetting;)Ljava/util/Optional; 11 <appendix> member <vmtarget> ; # software/amazon/awssdk/utils/internal/SystemSettingUtils$$Lambda+0x00000160c9351290
instanceKlass  @bci software/amazon/awssdk/utils/internal/SystemSettingUtils resolveProperty (Lsoftware/amazon/awssdk/utils/SystemSetting;)Ljava/util/Optional; 9 <appendix> argL0 ; # software/amazon/awssdk/utils/internal/SystemSettingUtils$$Lambda+0x00000160c9351040
instanceKlass software/amazon/awssdk/utils/internal/SystemSettingUtils
instanceKlass software/amazon/awssdk/utils/AttributeMap$DerivedValue
instanceKlass  @bci software/amazon/awssdk/core/client/builder/SdkDefaultClientBuilder lambda$mergeGlobalDefaults$1 (Ljava/util/function/Supplier;Lsoftware/amazon/awssdk/core/client/config/SdkClientConfiguration$Builder;)V 50 <appendix> argL0 ; # software/amazon/awssdk/core/client/builder/SdkDefaultClientBuilder$$Lambda+0x00000160c9350480
instanceKlass software/amazon/awssdk/utils/AttributeMap$LazyValue
instanceKlass  @bci software/amazon/awssdk/core/client/builder/SdkDefaultClientBuilder mergeGlobalDefaults (Lsoftware/amazon/awssdk/core/client/config/SdkClientConfiguration;)Lsoftware/amazon/awssdk/core/client/config/SdkClientConfiguration; 20 <appendix> member <vmtarget> ; # software/amazon/awssdk/core/client/builder/SdkDefaultClientBuilder$$Lambda+0x00000160c9350238
instanceKlass  @bci software/amazon/awssdk/core/client/builder/SdkDefaultClientBuilder mergeGlobalDefaults (Lsoftware/amazon/awssdk/core/client/config/SdkClientConfiguration;)Lsoftware/amazon/awssdk/core/client/config/SdkClientConfiguration; 12 <appendix> member <vmtarget> ; # software/amazon/awssdk/core/client/builder/SdkDefaultClientBuilder$$Lambda+0x00000160c9350000
instanceKlass  @bci software/amazon/awssdk/core/client/builder/SdkDefaultClientBuilder mergeGlobalDefaults (Lsoftware/amazon/awssdk/core/client/config/SdkClientConfiguration;)Lsoftware/amazon/awssdk/core/client/config/SdkClientConfiguration; 4 <appendix> argL0 ; # software/amazon/awssdk/core/client/builder/SdkDefaultClientBuilder$$Lambda+0x00000160c934fd90
instanceKlass software/amazon/awssdk/profiles/ProfileFile$Builder
instanceKlass software/amazon/awssdk/utils/Lazy
instanceKlass software/amazon/awssdk/core/signer/Signer
instanceKlass  @bci software/amazon/awssdk/awscore/client/builder/AwsDefaultClientBuilder mergeChildDefaults (Lsoftware/amazon/awssdk/core/client/config/SdkClientConfiguration;)Lsoftware/amazon/awssdk/core/client/config/SdkClientConfiguration; 8 <appendix> member <vmtarget> ; # software/amazon/awssdk/awscore/client/builder/AwsDefaultClientBuilder$$Lambda+0x00000160c934f678
instanceKlass  @bci software/amazon/awssdk/utils/AttributeMap$Builder internalComputeIfAbsent (Lsoftware/amazon/awssdk/utils/AttributeMap$Key;Ljava/util/function/Supplier;)Lsoftware/amazon/awssdk/utils/AttributeMap$Value; 11 <appendix> member <vmtarget> ; # software/amazon/awssdk/utils/AttributeMap$Builder$$Lambda+0x00000160c934f430
instanceKlass  @bci software/amazon/awssdk/utils/AttributeMap$DependencyGraph <init> (Lsoftware/amazon/awssdk/utils/AttributeMap$DependencyGraph;Ljava/util/Map;)V 30 <appendix> member <vmtarget> ; # software/amazon/awssdk/utils/AttributeMap$DependencyGraph$$Lambda+0x00000160c934f1e8
instanceKlass  @bci software/amazon/awssdk/utils/AttributeMap$Builder checkCopyOnUpdate ()V 46 <appendix> member <vmtarget> ; # software/amazon/awssdk/utils/AttributeMap$Builder$$Lambda+0x00000160c934efa0
instanceKlass  @bci software/amazon/awssdk/utils/AttributeMap lambda$merge$1 (Lsoftware/amazon/awssdk/utils/AttributeMap$Builder;Lsoftware/amazon/awssdk/utils/AttributeMap$Key;Lsoftware/amazon/awssdk/utils/AttributeMap$Value;)V 3 <appendix> member <vmtarget> ; # software/amazon/awssdk/utils/AttributeMap$$Lambda+0x00000160c934ed68
instanceKlass  @bci software/amazon/awssdk/utils/AttributeMap merge (Lsoftware/amazon/awssdk/utils/AttributeMap;)Lsoftware/amazon/awssdk/utils/AttributeMap; 15 <appendix> member <vmtarget> ; # software/amazon/awssdk/utils/AttributeMap$$Lambda+0x00000160c934eb20
instanceKlass software/amazon/awssdk/http/auth/internal/scheme/DefaultNoAuthAuthScheme$3
instanceKlass software/amazon/awssdk/http/auth/internal/scheme/DefaultNoAuthAuthScheme$2
instanceKlass software/amazon/awssdk/http/auth/internal/scheme/DefaultNoAuthAuthScheme$1
instanceKlass software/amazon/awssdk/http/auth/scheme/NoAuthAuthScheme$AnonymousIdentity
instanceKlass software/amazon/awssdk/identity/spi/Identity
instanceKlass software/amazon/awssdk/http/auth/internal/scheme/DefaultNoAuthAuthScheme
instanceKlass software/amazon/awssdk/http/auth/scheme/NoAuthAuthScheme
instanceKlass software/amazon/awssdk/http/auth/aws/internal/signer/V4PayloadSigner
instanceKlass software/amazon/awssdk/http/auth/spi/signer/BaseSignRequest
instanceKlass software/amazon/awssdk/http/auth/aws/internal/signer/DefaultAwsV4HttpSigner
instanceKlass software/amazon/awssdk/http/auth/spi/signer/SignerProperty
instanceKlass software/amazon/awssdk/http/auth/aws/signer/AwsV4HttpSigner
instanceKlass software/amazon/awssdk/http/auth/aws/signer/AwsV4FamilyHttpSigner
instanceKlass software/amazon/awssdk/http/auth/aws/internal/scheme/DefaultAwsV4AuthScheme
instanceKlass software/amazon/awssdk/http/auth/spi/signer/HttpSigner
instanceKlass software/amazon/awssdk/http/auth/aws/scheme/AwsV4AuthScheme
instanceKlass software/amazon/awssdk/http/auth/spi/scheme/AuthScheme
instanceKlass software/amazon/awssdk/services/rekognition/auth/scheme/internal/DefaultRekognitionAuthSchemeProvider
instanceKlass software/amazon/awssdk/services/rekognition/auth/scheme/RekognitionAuthSchemeProvider
instanceKlass software/amazon/awssdk/services/rekognition/endpoints/internal/DefaultRekognitionEndpointProvider
instanceKlass software/amazon/awssdk/services/rekognition/endpoints/RekognitionEndpointProvider
instanceKlass  @bci software/amazon/awssdk/services/rekognition/DefaultRekognitionBaseClientBuilder mergeServiceDefaults (Lsoftware/amazon/awssdk/core/client/config/SdkClientConfiguration;)Lsoftware/amazon/awssdk/core/client/config/SdkClientConfiguration; 2 <appendix> member <vmtarget> ; # software/amazon/awssdk/services/rekognition/DefaultRekognitionBaseClientBuilder$$Lambda+0x00000160c934d3a8
instanceKlass software/amazon/awssdk/utils/AttributeMap$Builder$1
instanceKlass software/amazon/awssdk/core/CompressionConfiguration
instanceKlass software/amazon/awssdk/identity/spi/IdentityProviders
instanceKlass software/amazon/awssdk/http/auth/spi/scheme/AuthSchemeProvider
instanceKlass software/amazon/awssdk/endpoints/EndpointProvider
instanceKlass software/amazon/awssdk/core/interceptor/ExecutionAttributes
instanceKlass software/amazon/awssdk/profiles/ProfileFile
instanceKlass software/amazon/awssdk/core/ServiceConfiguration
instanceKlass software/amazon/awssdk/core/retry/RetryPolicy
instanceKlass software/amazon/awssdk/utils/AttributeMap$ConstantValue
instanceKlass software/amazon/awssdk/auth/token/credentials/SdkTokenProvider
instanceKlass  @bci software/amazon/awssdk/utils/AttributeMap$Key <init> (Lsoftware/amazon/awssdk/utils/AttributeMap$Key$UnsafeValueType;)V 13 <appendix> argL0 ; # software/amazon/awssdk/utils/AttributeMap$Key$$Lambda+0x00000160c934bc20
instanceKlass software/amazon/awssdk/utils/AttributeMap$Key$UnsafeValueType
instanceKlass  @bci software/amazon/awssdk/utils/AttributeMap$Key <init> (Ljava/lang/Class;)V 16 <appendix> member <vmtarget> ; # software/amazon/awssdk/utils/AttributeMap$Key$$Lambda+0x00000160c934b7a8
instanceKlass software/amazon/awssdk/auth/credentials/AwsCredentialsProvider
instanceKlass software/amazon/awssdk/utils/Pair
instanceKlass software/amazon/awssdk/utils/CollectionUtils
instanceKlass software/amazon/awssdk/utils/internal/EnumUtils
instanceKlass  @bci software/amazon/awssdk/awscore/defaultsmode/DefaultsMode <clinit> ()V 136 <appendix> argL0 ; # software/amazon/awssdk/awscore/defaultsmode/DefaultsMode$$Lambda+0x00000160c934af08
instanceKlass software/amazon/awssdk/awscore/internal/defaultsmode/AutoDefaultsModeDiscovery
instanceKlass  @bci software/amazon/awssdk/utils/AttributeMap$Builder build ()Lsoftware/amazon/awssdk/utils/AttributeMap; 19 <appendix> member <vmtarget> ; # software/amazon/awssdk/utils/AttributeMap$Builder$$Lambda+0x00000160c934a640
instanceKlass software/amazon/awssdk/utils/AttributeMap$DependencyGraph
instanceKlass software/amazon/awssdk/utils/AttributeMap$Value
instanceKlass software/amazon/awssdk/utils/AttributeMap$Builder
instanceKlass software/amazon/awssdk/utils/AttributeMap$LazyValueSource
instanceKlass software/amazon/awssdk/utils/AttributeMap
instanceKlass software/amazon/awssdk/core/client/config/ClientOverrideConfiguration$Builder
instanceKlass software/amazon/awssdk/core/client/config/SdkClientConfiguration$Builder
instanceKlass software/amazon/awssdk/utils/builder/CopyableBuilder
instanceKlass software/amazon/awssdk/core/client/config/SdkClientConfiguration
instanceKlass software/amazon/awssdk/utils/builder/ToCopyableBuilder
instanceKlass software/amazon/awssdk/http/async/SdkAsyncHttpService
instanceKlass software/amazon/awssdk/core/internal/http/loader/DefaultSdkAsyncHttpClientBuilder
instanceKlass software/amazon/awssdk/core/internal/http/loader/SdkServiceLoader
instanceKlass software/amazon/awssdk/utils/Logger
instanceKlass software/amazon/awssdk/utils/ImmutableMap$Builder
instanceKlass software/amazon/awssdk/utils/ImmutableMap
instanceKlass software/amazon/awssdk/core/internal/http/loader/ClasspathSdkHttpServiceProvider
instanceKlass software/amazon/awssdk/http/SdkHttpService
instanceKlass software/amazon/awssdk/utils/SystemSetting
instanceKlass software/amazon/awssdk/core/internal/http/loader/SystemPropertyHttpServiceProvider
instanceKlass software/amazon/awssdk/core/internal/http/loader/SdkHttpServiceProviderChain
instanceKlass software/amazon/awssdk/core/internal/http/loader/CachingSdkHttpServiceProvider
instanceKlass software/amazon/awssdk/core/internal/http/loader/SdkHttpServiceProvider
instanceKlass software/amazon/awssdk/core/internal/http/loader/DefaultSdkHttpClientBuilder
instanceKlass software/amazon/awssdk/core/SdkServiceClientConfiguration$Builder
instanceKlass software/amazon/awssdk/identity/spi/IdentityProvider
instanceKlass software/amazon/awssdk/http/SdkHttpClient
instanceKlass software/amazon/awssdk/utils/AttributeMap$Key
instanceKlass software/amazon/awssdk/http/async/SdkAsyncHttpClient
instanceKlass software/amazon/awssdk/http/async/SdkAsyncHttpClient$Builder
instanceKlass software/amazon/awssdk/http/SdkHttpClient$Builder
instanceKlass software/amazon/awssdk/core/client/builder/SdkDefaultClientBuilder
instanceKlass software/amazon/awssdk/services/rekognition/RekognitionClientBuilder
instanceKlass software/amazon/awssdk/services/rekognition/RekognitionBaseClientBuilder
instanceKlass software/amazon/awssdk/awscore/client/builder/AwsClientBuilder
instanceKlass software/amazon/awssdk/core/client/builder/SdkClientBuilder
instanceKlass software/amazon/awssdk/utils/builder/SdkBuilder
instanceKlass software/amazon/awssdk/utils/builder/Buildable
instanceKlass software/amazon/awssdk/awscore/client/builder/AwsSyncClientBuilder
instanceKlass software/amazon/awssdk/core/client/builder/SdkSyncClientBuilder
instanceKlass software/amazon/awssdk/core/SdkServiceClientConfiguration
instanceKlass software/amazon/awssdk/services/rekognition/RekognitionClient
instanceKlass software/amazon/awssdk/awscore/AwsClient
instanceKlass software/amazon/awssdk/core/SdkClient
instanceKlass software/amazon/awssdk/utils/SdkAutoCloseable
instanceKlass  @bci software/amazon/awssdk/regions/Region$RegionCache put (Ljava/lang/String;Z)Lsoftware/amazon/awssdk/regions/Region; 6 <appendix> member <vmtarget> ; # software/amazon/awssdk/regions/Region$RegionCache$$Lambda+0x00000160c9346218
instanceKlass  @cpi software/amazon/awssdk/regions/Region$RegionCache 46 form vmentry <vmtarget> ; # java/lang/invoke/LambdaForm$DMH+0x00000160c9345000
instanceKlass software/amazon/awssdk/regions/Region$RegionCache
instanceKlass jdk/internal/util/ImmutableBitSetPredicate
instanceKlass java/util/function/IntPredicate
instanceKlass java/net/URLEncoder
instanceKlass  @bci software/amazon/awssdk/utils/FunctionalUtils safeSupplier (Lsoftware/amazon/awssdk/utils/FunctionalUtils$UnsafeSupplier;)Ljava/util/function/Supplier; 1 <appendix> member <vmtarget> ; # software/amazon/awssdk/utils/FunctionalUtils$$Lambda+0x00000160c9343bc0
instanceKlass software/amazon/awssdk/utils/FunctionalUtils
instanceKlass  @bci software/amazon/awssdk/utils/http/SdkHttpUtils urlEncode (Ljava/lang/String;Z)Ljava/lang/String; 7 <appendix> member <vmtarget> ; # software/amazon/awssdk/utils/http/SdkHttpUtils$$Lambda+0x00000160c9343770
instanceKlass software/amazon/awssdk/utils/FunctionalUtils$UnsafeSupplier
instanceKlass software/amazon/awssdk/utils/http/SdkHttpUtils
instanceKlass software/amazon/awssdk/utils/StringUtils
instanceKlass software/amazon/awssdk/utils/Validate
instanceKlass software/amazon/awssdk/regions/Region
instanceKlass com/priya/neurosyncdemo/api/EmotionAPI
instanceKlass com/sun/imageio/plugins/jpeg/SOSMarkerSegment$ScanComponentSpec
instanceKlass com/sun/imageio/plugins/jpeg/SOFMarkerSegment$ComponentSpec
instanceKlass com/sun/imageio/plugins/jpeg/DHTMarkerSegment$Htable
instanceKlass com/sun/imageio/plugins/jpeg/DQTMarkerSegment$Qtable
instanceKlass com/sun/imageio/plugins/jpeg/MarkerSegment
instanceKlass com/sun/imageio/plugins/common/ImageUtil
instanceKlass javax/imageio/metadata/IIOMetadata
instanceKlass javax/imageio/IIOImage
instanceKlass sun/java2d/DisposerTarget
instanceKlass java/util/concurrent/ConcurrentLinkedDeque$Node
instanceKlass sun/java2d/Disposer
instanceKlass com/sun/imageio/plugins/jpeg/JPEGImageWriter$JPEGWriterDisposerRecord
instanceKlass sun/java2d/DisposerRecord
instanceKlass com/sun/imageio/plugins/jpeg/JPEGImageWriter$CallBackLock
instanceKlass java/awt/geom/Dimension2D
instanceKlass javax/imageio/plugins/jpeg/JPEGHuffmanTable
instanceKlass javax/imageio/plugins/jpeg/JPEGQTable
instanceKlass javax/imageio/ImageIO$ImageWriterIterator
instanceKlass javax/imageio/spi/FilterIterator
instanceKlass javax/imageio/ImageIO$CanEncodeImageAndFormatFilter
instanceKlass javax/imageio/spi/ServiceRegistry$Filter
instanceKlass sun/awt/util/ThreadGroupUtils
instanceKlass com/sun/imageio/stream/StreamCloser$1
instanceKlass com/sun/imageio/stream/StreamCloser$CloseAction
instanceKlass com/sun/imageio/stream/StreamCloser
instanceKlass sun/nio/fs/WindowsChannelFactory$2
instanceKlass sun/nio/fs/WindowsPath$1
instanceKlass sun/security/provider/AbstractDrbg$NonceProvider
instanceKlass  @bci sun/security/provider/AbstractDrbg$SeederHolder <clinit> ()V 42 <appendix> member <vmtarget> ; # sun/security/provider/AbstractDrbg$SeederHolder$$Lambda+0x00000160c926f6a0
instanceKlass  @cpi sun/security/provider/AbstractDrbg$SeederHolder 91 form vmentry <vmtarget> ; # java/lang/invoke/LambdaForm$DMH+0x00000160c9344c00
# instanceKlass java/lang/invoke/LambdaForm$DMH+0x00000160c9344800
instanceKlass sun/nio/fs/BasicFileAttributesHolder
instanceKlass sun/nio/fs/WindowsDirectoryStream$WindowsDirectoryIterator
instanceKlass sun/nio/fs/WindowsDirectoryStream
instanceKlass java/nio/file/DirectoryStream
instanceKlass java/nio/file/Files$AcceptAllFilter
instanceKlass java/nio/file/DirectoryStream$Filter
instanceKlass java/net/NetworkInterface$1
instanceKlass java/net/DefaultInterface
instanceKlass java/net/InterfaceAddress
instanceKlass sun/security/provider/SeedGenerator
instanceKlass sun/security/provider/AbstractDrbg$SeederHolder
instanceKlass java/security/DrbgParameters$NextBytes
instanceKlass  @bci sun/security/provider/AbstractDrbg <clinit> ()V 12 <appendix> argL0 ; # sun/security/provider/AbstractDrbg$$Lambda+0x00000160c926d878
instanceKlass  @cpi sun/security/provider/AbstractDrbg 383 form vmentry <vmtarget> ; # java/lang/invoke/LambdaForm$DMH+0x00000160c9344400
# instanceKlass java/lang/invoke/LambdaForm$DMH+0x00000160c9344000
instanceKlass sun/security/provider/EntropySource
instanceKlass sun/security/provider/AbstractDrbg
instanceKlass java/security/DrbgParameters$Instantiation
instanceKlass java/security/DrbgParameters
instanceKlass sun/security/provider/MoreDrbgParameters
instanceKlass java/security/SecureRandomSpi
instanceKlass java/nio/file/TempFileHelper
instanceKlass javax/imageio/stream/ImageInputStreamImpl
instanceKlass javax/imageio/ImageIO$CacheInfo
instanceKlass javax/imageio/spi/PartialOrderIterator
instanceKlass javax/imageio/ImageTypeSpecifier
instanceKlass javax/imageio/ImageWriter
instanceKlass javax/imageio/ImageTranscoder
instanceKlass javax/imageio/metadata/IIOMetadataFormat
instanceKlass javax/imageio/ImageReader
instanceKlass com/sun/imageio/plugins/jpeg/JPEG
instanceKlass javax/imageio/stream/ImageOutputStream
instanceKlass javax/imageio/spi/DigraphNode
instanceKlass javax/imageio/stream/ImageInputStream
instanceKlass javax/imageio/spi/SubRegistry
instanceKlass sun/awt/PostEventQueue
instanceKlass sun/awt/MostRecentKeyValue
instanceKlass java/awt/Queue
instanceKlass java/awt/EventQueue$2
instanceKlass sun/awt/AWTAccessor$EventQueueAccessor
instanceKlass java/awt/EventQueue$1
instanceKlass java/awt/EventQueue
instanceKlass sun/awt/WeakIdentityHashMap
instanceKlass sun/awt/PlatformGraphicsInfo
instanceKlass java/awt/GraphicsEnvironment
instanceKlass java/awt/Insets
instanceKlass java/awt/Toolkit$1
instanceKlass sun/awt/AWTAccessor$ToolkitAccessor
instanceKlass java/awt/Toolkit
instanceKlass sun/awt/KeyboardFocusManagerPeerProvider
instanceKlass sun/awt/InputMethodSupport
instanceKlass sun/awt/ComponentFactory
instanceKlass sun/awt/AppContext$3
instanceKlass jdk/internal/access/JavaAWTAccess
instanceKlass sun/awt/AppContext$GetAppContextLock
instanceKlass sun/util/logging/PlatformLogger
instanceKlass sun/awt/AppContext
instanceKlass javax/imageio/spi/IIOServiceProvider
instanceKlass javax/imageio/spi/RegisterableService
instanceKlass javax/imageio/spi/ServiceRegistry
instanceKlass javax/imageio/ImageIO
instanceKlass  @bci com/priya/neurosyncdemo/ui/Dashboard lambda$startCamera$0 ()V 46 <appendix> member <vmtarget> ; # com/priya/neurosyncdemo/ui/Dashboard$$Lambda+0x00000160c9342790
instanceKlass com/sun/javafx/image/impl/BaseIntToByteConverter
instanceKlass com/sun/javafx/image/impl/ByteBgra$Accessor
instanceKlass com/sun/javafx/image/impl/ByteBgra
instanceKlass com/sun/javafx/image/impl/IntArgb$Accessor
instanceKlass com/sun/javafx/image/IntPixelAccessor
instanceKlass com/sun/javafx/image/IntToBytePixelConverter
instanceKlass com/sun/javafx/image/IntPixelSetter
instanceKlass com/sun/javafx/image/IntPixelGetter
instanceKlass com/sun/javafx/image/impl/IntArgb
instanceKlass com/sun/javafx/image/impl/ByteBgraPre$Accessor
instanceKlass com/sun/javafx/image/impl/ByteBgraPre
instanceKlass com/sun/javafx/image/PixelUtils$1
instanceKlass com/sun/javafx/image/PixelUtils
instanceKlass com/sun/prism/Image$1
instanceKlass javafx/scene/image/WritableImage$2
instanceKlass com/sun/javafx/tk/quantum/QuantumToolkit$QuantumImage
instanceKlass javafx/scene/image/WritableImage$1
instanceKlass javafx/scene/image/PixelWriter
instanceKlass com/sun/javafx/tk/Toolkit$WritableImageAccessor
instanceKlass java/awt/geom/RectangularShape
instanceKlass java/awt/Shape
instanceKlass sun/awt/image/NativeLibLoader
instanceKlass sun/java2d/StateTrackableDelegate$2
instanceKlass sun/java2d/StateTrackableDelegate
instanceKlass sun/java2d/StateTrackable
instanceKlass java/awt/geom/Point2D
instanceKlass java/awt/image/DataBuffer$1
instanceKlass sun/awt/image/SunWritableRaster$DataStealer
instanceKlass java/awt/image/DataBuffer
instanceKlass sun/java2d/cmm/ProfileDeferralInfo
instanceKlass java/awt/color/ICC_Profile$BuiltInProfile
instanceKlass sun/awt/AWTAccessor
instanceKlass  @bci java/awt/color/ICC_Profile <clinit> ()V 0 <appendix> argL0 ; # java/awt/color/ICC_Profile$$Lambda+0x00000160c9260190
instanceKlass sun/java2d/cmm/Profile
instanceKlass sun/awt/AWTAccessor$ICC_ProfileAccessor
instanceKlass java/awt/color/ICC_Profile
instanceKlass java/awt/color/ColorSpace$BuiltInSpace
instanceKlass java/awt/color/ColorSpace
instanceKlass sun/awt/image/SurfaceManager
instanceKlass sun/awt/image/SurfaceManager$ImageAccessor
instanceKlass java/awt/ImageCapabilities
instanceKlass org/bytedeco/javacv/Frame
instanceKlass  @bci com/priya/neurosyncdemo/ui/Dashboard onStartMonitoring ()V 94 <appendix> member <vmtarget> ; # com/priya/neurosyncdemo/ui/Dashboard$$Lambda+0x00000160c933fcc8
instanceKlass com/mysql/cj/protocol/result/AbstractResultsetRow$1
instanceKlass com/mysql/cj/protocol/a/NumberValueEncoder$1
instanceKlass  @bci com/priya/neurosyncdemo/ui/Dashboard startCamera ()V 95 <appendix> member <vmtarget> ; # com/priya/neurosyncdemo/ui/Dashboard$$Lambda+0x00000160c933f660
instanceKlass java/awt/image/WritableRenderedImage
instanceKlass java/awt/Image
instanceKlass java/awt/image/ColorModel
instanceKlass java/awt/Transparency
instanceKlass java/awt/image/SampleModel
instanceKlass java/awt/image/Raster
instanceKlass org/bytedeco/opencv/presets/opencv_imgproc
instanceKlass org/bytedeco/opencv/presets/opencv_imgcodecs
instanceKlass org/bytedeco/opencv/presets/opencv_videoio
instanceKlass org/bytedeco/javacpp/annotation/Namespace
instanceKlass org/bytedeco/javacpp/PointerScope
instanceKlass org/bytedeco/javacpp/annotation/NoOffset
instanceKlass org/bytedeco/javacpp/indexer/Indexable
instanceKlass org/bytedeco/javacpp/Pointer$ReferenceCounter
instanceKlass org/bytedeco/javacpp/Pointer$Deallocator
instanceKlass org/bytedeco/javacpp/Loader$Helper
instanceKlass  @bci java/lang/SecurityManager lambda$getClassContext$0 (Ljava/util/stream/Stream;)[Ljava/lang/Class; 17 <appendix> argL0 ; # java/lang/SecurityManager$$Lambda+0x00000160c925d710
instanceKlass  @bci java/lang/SecurityManager lambda$getClassContext$0 (Ljava/util/stream/Stream;)[Ljava/lang/Class; 1 <appendix> argL0 ; # java/lang/SecurityManager$$Lambda+0x00000160c925d4c0
instanceKlass  @bci java/lang/SecurityManager getClassContext ()[Ljava/lang/Class; 3 <appendix> argL0 ; # java/lang/SecurityManager$$Lambda+0x00000160c925d270
instanceKlass java/lang/SecurityManager$StackWalkerHolder
instanceKlass java/lang/SecurityManager
instanceKlass org/bytedeco/javacpp/Pointer
instanceKlass org/bytedeco/javacpp/presets/javacpp
instanceKlass org/bytedeco/javacpp/annotation/NoException
instanceKlass  @bci java/util/ArrayDeque copyElements (Ljava/util/Collection;)V 2 <appendix> member <vmtarget> ; # java/util/ArrayDeque$$Lambda+0x00000160c925c688
instanceKlass java/lang/Class$AnnotationData
instanceKlass org/bytedeco/openblas/presets/openblas_nolapack
instanceKlass java/lang/annotation/Target
instanceKlass sun/reflect/annotation/AnnotationInvocationHandler
instanceKlass java/lang/annotation/Documented
instanceKlass java/lang/annotation/Inherited
instanceKlass java/lang/annotation/Retention
instanceKlass  @bci sun/reflect/annotation/AnnotationParser parseClassArray (ILjava/nio/ByteBuffer;Ljdk/internal/reflect/ConstantPool;Ljava/lang/Class;)Ljava/lang/Object; 10 <appendix> member <vmtarget> ; # sun/reflect/annotation/AnnotationParser$$Lambda+0x00000160c925b6f0
instanceKlass sun/reflect/annotation/ExceptionProxy
instanceKlass  @bci sun/reflect/annotation/AnnotationParser parseAnnotationArray (ILjava/lang/Class;Ljava/nio/ByteBuffer;Ljdk/internal/reflect/ConstantPool;Ljava/lang/Class;)Ljava/lang/Object; 15 <appendix> member <vmtarget> ; # sun/reflect/annotation/AnnotationParser$$Lambda+0x00000160c925b4b8
instanceKlass org/bytedeco/javacpp/annotation/Platform
instanceKlass sun/reflect/annotation/AnnotationType
instanceKlass java/lang/reflect/GenericArrayType
instanceKlass sun/reflect/generics/visitor/Reifier
instanceKlass sun/reflect/generics/visitor/TypeTreeVisitor
instanceKlass sun/reflect/generics/factory/CoreReflectionFactory
instanceKlass sun/reflect/generics/factory/GenericsFactory
instanceKlass sun/reflect/generics/scope/AbstractScope
instanceKlass sun/reflect/generics/scope/Scope
instanceKlass sun/reflect/generics/tree/ClassTypeSignature
instanceKlass sun/reflect/generics/tree/SimpleClassTypeSignature
instanceKlass sun/reflect/generics/tree/FieldTypeSignature
instanceKlass sun/reflect/generics/tree/BaseType
instanceKlass sun/reflect/generics/tree/TypeSignature
instanceKlass sun/reflect/generics/tree/ReturnType
instanceKlass sun/reflect/generics/tree/TypeArgument
instanceKlass sun/reflect/generics/tree/TypeTree
instanceKlass sun/reflect/generics/tree/Tree
instanceKlass sun/reflect/generics/parser/SignatureParser
instanceKlass org/bytedeco/javacpp/annotation/Properties
instanceKlass org/bytedeco/javacpp/Loader$Detector
instanceKlass org/bytedeco/javacpp/tools/Logger
instanceKlass java/nio/file/FileVisitor
instanceKlass org/bytedeco/javacpp/Loader
instanceKlass org/bytedeco/opencv/presets/opencv_core
instanceKlass org/bytedeco/javacpp/tools/InfoMapper
instanceKlass org/bytedeco/javacpp/LoadEnabled
instanceKlass org/bytedeco/javacv/FrameConverter
instanceKlass org/bytedeco/javacv/FrameGrabber
instanceKlass sun/security/util/ManifestEntryVerifier
instanceKlass jdk/internal/misc/ThreadTracker
instanceKlass java/util/jar/JarFile$ThreadTrackHolder
instanceKlass  @bci com/sun/javafx/tk/quantum/GlassViewEventHandler lambda$handleScrollEvent$6 (Lcom/sun/glass/ui/View;DDDDIIIIIIIII)Ljava/lang/Void; 27 <appendix> member <vmtarget> ; # com/sun/javafx/tk/quantum/GlassViewEventHandler$$Lambda+0x00000160c92f6ec0
instanceKlass  @bci com/sun/javafx/tk/quantum/GlassViewEventHandler handleScrollEvent (Lcom/sun/glass/ui/View;JIIIIDDIIIIIDD)V 60 <adapter> ; # java/lang/invoke/LambdaForm$MH+0x00000160c92f8c00
# instanceKlass java/lang/invoke/LambdaForm$DMH+0x00000160c92f8800
instanceKlass  @bci com/sun/javafx/tk/quantum/GlassViewEventHandler handleScrollEvent (Lcom/sun/glass/ui/View;JIIIIDDIIIIIDD)V 60 <appendix> form vmentry <vmtarget> ; # java/lang/invoke/LambdaForm$DMH+0x00000160c92f8400
instanceKlass  @bci com/sun/javafx/tk/quantum/GlassViewEventHandler handleScrollEvent (Lcom/sun/glass/ui/View;JIIIIDDIIIIIDD)V 60 <appendix> member <vmtarget> ; # com/sun/javafx/tk/quantum/GlassViewEventHandler$$Lambda+0x00000160c92f6c88
instanceKlass  @cpi com/sun/javafx/tk/quantum/GlassViewEventHandler 851 form vmentry <vmtarget> ; # java/lang/invoke/LambdaForm$DMH+0x00000160c92f8000
instanceKlass jdk/internal/util/regex/IndicConjunctBreak
instanceKlass jdk/internal/util/regex/Grapheme
instanceKlass java/text/BreakIterator$BreakIteratorCache
instanceKlass sun/util/locale/provider/BreakIteratorProviderImpl$CharacterIteratorCharSequence
instanceKlass java/text/StringCharacterIterator
instanceKlass sun/util/resources/provider/NonBaseLocaleDataMetaInfo
instanceKlass sun/util/locale/provider/BaseLocaleDataMetaInfo
instanceKlass java/text/BreakIterator
instanceKlass java/lang/foreign/MemorySegment
instanceKlass com/sun/javafx/font/directwrite/D2D1_POINT_2F
instanceKlass com/sun/javafx/font/directwrite/D2D1_PIXEL_FORMAT
instanceKlass com/sun/javafx/font/directwrite/D2D1_RENDER_TARGET_PROPERTIES
instanceKlass  @bci com/sun/javafx/font/directwrite/DWFactory getWICFactory ()Lcom/sun/javafx/font/directwrite/IWICImagingFactory; 36 <appendix> argL0 ; # com/sun/javafx/font/directwrite/DWFactory$$Lambda+0x00000160c92f52d0
instanceKlass com/sun/prism/shader/Texture_LinearGradient_PAD_Loader
instanceKlass com/sun/prism/image/CompoundImage
instanceKlass javafx/scene/shape/ClosePath$1
instanceKlass com/sun/javafx/scene/shape/ClosePathHelper$ClosePathAccessor
instanceKlass java/util/ComparableTimSort
instanceKlass javafx/scene/chart/Axis$TickMark
instanceKlass javafx/scene/chart/XYChart$11
instanceKlass javafx/geometry/Dimension2D
instanceKlass java/text/FieldPosition$Delegate
instanceKlass java/text/DontCareFieldPosition$1
instanceKlass java/text/Format$FieldDelegate
instanceKlass  @bci java/text/DecimalFormat format (Ljava/lang/Object;Ljava/text/Format$StringBuf;Ljava/text/FieldPosition;)Ljava/text/Format$StringBuf; 10 <appendix> member <vmtarget> ; # java/text/DecimalFormat$$TypeSwitch+0x00000160c92570a8
instanceKlass java/lang/classfile/MethodModel
instanceKlass java/lang/classfile/FieldModel
instanceKlass  @bci jdk/internal/classfile/impl/ClassFileImpl attributeMapper ()Ljava/util/function/Function; 7 <appendix> argL0 ; # jdk/internal/classfile/impl/ClassFileImpl$$Lambda+0x80000004f
instanceKlass java/lang/classfile/ClassModel
instanceKlass java/lang/classfile/AttributedElement
instanceKlass java/lang/classfile/CompoundElement
instanceKlass java/lang/classfile/instruction/SwitchCase
instanceKlass  @bci java/lang/runtime/SwitchBootstraps generateTypeSwitchSkeleton (Ljava/lang/Class;[Ljava/lang/Object;Ljava/util/List;Ljava/util/List;)Ljava/util/function/Consumer; 24 <appendix> member <vmtarget> ; # java/lang/runtime/SwitchBootstraps$$Lambda+0x800000017
instanceKlass java/lang/classfile/AccessFlags
instanceKlass  @bci java/lang/runtime/SwitchBootstraps generateTypeSwitch (Ljava/lang/invoke/MethodHandles$Lookup;Ljava/lang/Class;[Ljava/lang/Object;)Ljava/lang/invoke/MethodHandle; 60 <appendix> member <vmtarget> ; # java/lang/runtime/SwitchBootstraps$$Lambda+0x800000019
instanceKlass java/lang/invoke/DirectMethodHandle$1
instanceKlass java/util/function/BiPredicate
instanceKlass java/lang/runtime/SwitchBootstraps
instanceKlass javafx/scene/control/skin/ProgressBarSkin$StyleableProperties
instanceKlass  @bci javafx/scene/control/skin/ProgressBarSkin <init> (Ljavafx/scene/control/ProgressBar;)V 75 <appendix> member <vmtarget> ; # javafx/scene/control/skin/ProgressBarSkin$$Lambda+0x00000160c92f1370
instanceKlass com/sun/javafx/binding/Logging
instanceKlass javafx/beans/binding/When$WhenListener
instanceKlass javafx/beans/binding/When$NumberConditionBuilder
instanceKlass com/sun/javafx/binding/DoubleConstant
instanceKlass javafx/beans/binding/When
instanceKlass  @bci javafx/scene/control/skin/ProgressBarSkin initialize ()V 113 <appendix> member <vmtarget> ; # javafx/scene/control/skin/ProgressBarSkin$$Lambda+0x00000160c92ecdf0
instanceKlass  @bci javafx/scene/control/skin/ProgressIndicatorSkin <init> (Ljavafx/scene/control/ProgressIndicator;)V 145 <appendix> member <vmtarget> ; # javafx/scene/control/skin/ProgressIndicatorSkin$$Lambda+0x00000160c92ecba8
instanceKlass  @bci javafx/scene/control/skin/ProgressIndicatorSkin <init> (Ljavafx/scene/control/ProgressIndicator;)V 131 <appendix> member <vmtarget> ; # javafx/scene/control/skin/ProgressIndicatorSkin$$Lambda+0x00000160c92ec960
instanceKlass  @bci javafx/scene/control/skin/ProgressIndicatorSkin <init> (Ljavafx/scene/control/ProgressIndicator;)V 117 <appendix> member <vmtarget> ; # javafx/scene/control/skin/ProgressIndicatorSkin$$Lambda+0x00000160c92ec718
instanceKlass  @bci javafx/scene/control/skin/ProgressIndicatorSkin <init> (Ljavafx/scene/control/ProgressIndicator;)V 103 <appendix> member <vmtarget> ; # javafx/scene/control/skin/ProgressIndicatorSkin$$Lambda+0x00000160c92ec4d0
instanceKlass  @bci com/sun/javafx/scene/TreeShowingProperty <init> (Ljavafx/scene/Node;)V 26 <appendix> member <vmtarget> ; # com/sun/javafx/scene/TreeShowingProperty$$Lambda+0x00000160c92ec298
instanceKlass  @bci com/sun/javafx/scene/TreeShowingProperty <init> (Ljavafx/scene/Node;)V 16 <appendix> member <vmtarget> ; # com/sun/javafx/scene/TreeShowingProperty$$Lambda+0x00000160c92ec060
instanceKlass  @bci com/sun/javafx/scene/TreeShowingProperty <init> (Ljavafx/scene/Node;)V 6 <appendix> member <vmtarget> ; # com/sun/javafx/scene/TreeShowingProperty$$Lambda+0x00000160c92ebe28
instanceKlass javafx/scene/chart/ValueAxis$StyleableProperties
instanceKlass javafx/scene/chart/NumberAxis$StyleableProperties
instanceKlass javafx/scene/chart/Axis$StyleableProperties
instanceKlass javafx/scene/chart/CategoryAxis$StyleableProperties
instanceKlass javafx/scene/chart/XYChart$StyleableProperties
instanceKlass javafx/scene/chart/LineChart$StyleableProperties
instanceKlass javafx/scene/chart/Chart$StyleableProperties
instanceKlass javafx/scene/chart/PieChart$StyleableProperties
instanceKlass javafx/scene/layout/TilePane$StyleableProperties
instanceKlass javafx/scene/image/ImageView$StyleableProperties
instanceKlass  @bci com/priya/neurosyncdemo/ui/Dashboard <init> (Ljava/lang/String;Ljava/lang/String;)V 665 <appendix> member <vmtarget> ; # com/priya/neurosyncdemo/ui/Dashboard$$Lambda+0x00000160c92ddf98
instanceKlass  @bci com/priya/neurosyncdemo/ui/Dashboard <init> (Ljava/lang/String;Ljava/lang/String;)V 645 <appendix> member <vmtarget> ; # com/priya/neurosyncdemo/ui/Dashboard$$Lambda+0x00000160c92ddd60
instanceKlass  @bci com/priya/neurosyncdemo/ui/Dashboard <init> (Ljava/lang/String;Ljava/lang/String;)V 625 <appendix> member <vmtarget> ; # com/priya/neurosyncdemo/ui/Dashboard$$Lambda+0x00000160c92ddb28
instanceKlass  @bci com/priya/neurosyncdemo/ui/Dashboard <init> (Ljava/lang/String;Ljava/lang/String;)V 605 <appendix> member <vmtarget> ; # com/priya/neurosyncdemo/ui/Dashboard$$Lambda+0x00000160c92dd8f0
instanceKlass  @bci com/priya/neurosyncdemo/ui/Dashboard <init> (Ljava/lang/String;Ljava/lang/String;)V 585 <appendix> member <vmtarget> ; # com/priya/neurosyncdemo/ui/Dashboard$$Lambda+0x00000160c92dd6b8
instanceKlass  @bci com/priya/neurosyncdemo/ui/Dashboard <init> (Ljava/lang/String;Ljava/lang/String;)V 565 <appendix> member <vmtarget> ; # com/priya/neurosyncdemo/ui/Dashboard$$Lambda+0x00000160c92dd480
instanceKlass  @bci com/priya/neurosyncdemo/ui/Dashboard <init> (Ljava/lang/String;Ljava/lang/String;)V 545 <appendix> member <vmtarget> ; # com/priya/neurosyncdemo/ui/Dashboard$$Lambda+0x00000160c92dd248
instanceKlass  @bci com/priya/neurosyncdemo/ui/Dashboard <init> (Ljava/lang/String;Ljava/lang/String;)V 497 <appendix> member <vmtarget> ; # com/priya/neurosyncdemo/ui/Dashboard$$Lambda+0x00000160c92dd010
instanceKlass  @bci com/priya/neurosyncdemo/ui/Dashboard accountDrawer ()Ljavafx/scene/layout/StackPane; 56 <appendix> argL0 ; # com/priya/neurosyncdemo/ui/Dashboard$$Lambda+0x00000160c92dcde0
instanceKlass  @bci com/priya/neurosyncdemo/ui/Dashboard <init> (Ljava/lang/String;Ljava/lang/String;)V 400 <appendix> argL0 ; # com/priya/neurosyncdemo/ui/Dashboard$$Lambda+0x00000160c92dcbb0
instanceKlass  @bci com/priya/neurosyncdemo/ui/Dashboard <init> (Ljava/lang/String;Ljava/lang/String;)V 365 <appendix> argL0 ; # com/priya/neurosyncdemo/ui/Dashboard$$Lambda+0x00000160c92dc980
instanceKlass com/priya/neurosyncdemo/service/AnalyticsService
instanceKlass com/priya/neurosyncdemo/service/EmotionStore
instanceKlass  @bci javafx/scene/chart/XYChart <init> (Ljavafx/scene/chart/Axis;Ljavafx/scene/chart/Axis;)V 712 <appendix> member <vmtarget> ; # javafx/scene/chart/XYChart$$Lambda+0x00000160c92dbe98
instanceKlass  @bci javafx/scene/chart/XYChart <init> (Ljavafx/scene/chart/Axis;Ljavafx/scene/chart/Axis;)V 360 <appendix> member <vmtarget> ; # javafx/scene/chart/XYChart$$Lambda+0x00000160c92dbc60
instanceKlass  @bci javafx/scene/chart/XYChart <init> (Ljavafx/scene/chart/Axis;Ljavafx/scene/chart/Axis;)V 347 <appendix> member <vmtarget> ; # javafx/scene/chart/XYChart$$Lambda+0x00000160c92dba28
instanceKlass  @bci javafx/scene/chart/XYChart <init> (Ljavafx/scene/chart/Axis;Ljavafx/scene/chart/Axis;)V 168 <appendix> member <vmtarget> ; # javafx/scene/chart/XYChart$$Lambda+0x00000160c92db290
instanceKlass javafx/scene/shape/Line$1
instanceKlass com/sun/javafx/scene/shape/LineHelper$LineAccessor
instanceKlass  @bci javafx/scene/chart/NumberAxis$DefaultFormatter <init> (Ljavafx/scene/chart/NumberAxis;)V 54 <appendix> member <vmtarget> ; # javafx/scene/chart/NumberAxis$DefaultFormatter$$Lambda+0x00000160c92d3670
instanceKlass java/text/DecimalFormatSymbols
instanceKlass java/util/ArrayList$SubList$1
instanceKlass sun/util/resources/LocaleData$LocaleDataResourceBundleProvider
instanceKlass java/util/spi/ResourceBundleProvider
instanceKlass java/text/DigitList
instanceKlass javafx/util/StringConverter
instanceKlass  @bci javafx/scene/chart/CategoryAxis <init> ()V 49 <appendix> member <vmtarget> ; # javafx/scene/chart/CategoryAxis$$Lambda+0x00000160c92cd998
instanceKlass  @bci javafx/scene/chart/PieChart <init> (Ljavafx/collections/ObservableList;)V 62 <appendix> member <vmtarget> ; # javafx/scene/chart/PieChart$$Lambda+0x00000160c92c6a28
instanceKlass  @bci com/sun/javafx/charts/Legend$2 invalidated ()V 66 <appendix> argL0 ; # com/sun/javafx/charts/Legend$2$$Lambda+0x00000160c92c67d8
instanceKlass com/sun/javafx/charts/Legend$LegendItem
instanceKlass  @bci com/sun/javafx/charts/Legend <init> ()V 12 <appendix> member <vmtarget> ; # com/sun/javafx/charts/Legend$$Lambda+0x00000160c92c6380
instanceKlass  @bci javafx/scene/layout/TilePane <clinit> ()V 0 <appendix> argL0 ; # javafx/scene/layout/TilePane$$Lambda+0x00000160c92c6150
instanceKlass javafx/animation/AnimationTimer$AnimationTimerReceiver
instanceKlass javafx/animation/AnimationTimer
instanceKlass javafx/scene/image/ImageView$1
instanceKlass com/sun/javafx/scene/ImageViewHelper$ImageViewAccessor
instanceKlass java/awt/image/RenderedImage
instanceKlass com/priya/neurosyncdemo/store/EnrollmentStore
instanceKlass java/util/IdentityHashMap$IdentityHashMapIterator
instanceKlass  @bci com/sun/prism/impl/BaseResourcePool cleanup (J)Z 109 <appendix> argL0 ; # com/sun/prism/impl/BaseResourcePool$$Lambda+0x00000160c92a9cf8
instanceKlass javafx/scene/layout/FlowPane$LayoutRect
instanceKlass javafx/scene/layout/FlowPane$Run
instanceKlass javafx/scene/layout/FlowPane$StyleableProperties
instanceKlass  @bci com/sun/javafx/tk/quantum/ViewScene dispose ()V 8 <appendix> member <vmtarget> ; # com/sun/javafx/tk/quantum/ViewScene$$Lambda+0x00000160c92ab040
instanceKlass  @bci com/sun/javafx/tk/quantum/QuantumRenderer disposePresentable (Lcom/sun/prism/Presentable;)V 40 <appendix> member <vmtarget> ; # com/sun/javafx/tk/quantum/QuantumRenderer$$Lambda+0x00000160c92aae08
instanceKlass  @bci com/sun/javafx/tk/quantum/WindowStage setScene (Lcom/sun/javafx/tk/TKScene;)V 64 <appendix> member <vmtarget> ; # com/sun/javafx/tk/quantum/WindowStage$$Lambda+0x00000160c92aabd0
instanceKlass  @bci com/priya/neurosyncdemo/ui/CoursesView courseTile (Ljava/lang/String;Ljava/lang/String;)Ljavafx/scene/layout/StackPane; 67 <appendix> member <vmtarget> ; # com/priya/neurosyncdemo/ui/CoursesView$$Lambda+0x00000160c92aa998
instanceKlass java/util/RegularEnumSet$EnumSetIterator
instanceKlass com/priya/neurosyncdemo/store/CourseStore
instanceKlass  @bci javafx/scene/layout/FlowPane <clinit> ()V 0 <appendix> argL0 ; # javafx/scene/layout/FlowPane$$Lambda+0x00000160c92aa538
instanceKlass  @bci com/priya/neurosyncdemo/ui/CoursesView show ()V 215 <appendix> member <vmtarget> ; # com/priya/neurosyncdemo/ui/CoursesView$$Lambda+0x00000160c92ac230
instanceKlass  @bci com/priya/neurosyncdemo/ui/CoursesView accountDrawer ()Ljavafx/scene/layout/StackPane; 57 <appendix> argL0 ; # com/priya/neurosyncdemo/ui/CoursesView$$Lambda+0x00000160c92ac000
instanceKlass  @bci com/priya/neurosyncdemo/ui/CoursesView avatarButton (Ljava/lang/String;)Ljavafx/scene/control/Button; 51 <appendix> form vmentry <vmtarget> ; # java/lang/invoke/LambdaForm$MH+0x00000160c92a8400
instanceKlass com/priya/neurosyncdemo/service/PointsService
instanceKlass  @bci javafx/scene/control/Label <init> ()V 6 <appendix> member <vmtarget> ; # javafx/scene/control/Label$$Lambda+0x00000160c92a4c40
instanceKlass com/priya/neurosyncdemo/ui/CoursesView
instanceKlass org/mindrot/jbcrypt/BCrypt
instanceKlass com/zaxxer/hikari/pool/ProxyResultSet
instanceKlass  @bci com/zaxxer/hikari/util/ConcurrentBag values (I)Ljava/util/List; 8 <appendix> member <vmtarget> ; # com/zaxxer/hikari/util/ConcurrentBag$$Lambda+0x00000160c92a6358
instanceKlass  @cpi com/zaxxer/hikari/util/ConcurrentBag 257 form vmentry <vmtarget> ; # java/lang/invoke/LambdaForm$DMH+0x00000160c92a4000
instanceKlass sun/util/calendar/CalendarUtils
instanceKlass sun/util/calendar/CalendarDate
instanceKlass sun/util/resources/Bundles$CacheKeyReference
instanceKlass  @bci sun/util/cldr/CLDRLocaleProviderAdapter applyAliases (Ljava/util/Locale;)Ljava/util/Locale; 4 <appendix> argL0 ; # sun/util/cldr/CLDRLocaleProviderAdapter$$Lambda+0x80000005f
instanceKlass sun/util/resources/Bundles$CacheKey
instanceKlass sun/util/resources/LocaleData$LocaleDataStrategy
instanceKlass sun/util/resources/Bundles$Strategy
instanceKlass sun/util/resources/LocaleData
instanceKlass sun/util/locale/provider/LocaleResources
instanceKlass  @bci sun/util/locale/provider/LocaleProviderAdapter toLocaleArray (Ljava/util/Set;)[Ljava/util/Locale; 21 <appendix> argL0 ; # sun/util/locale/provider/LocaleProviderAdapter$$Lambda+0x800000062
instanceKlass java/util/stream/DistinctOps
instanceKlass  @bci sun/util/locale/provider/LocaleProviderAdapter toLocaleArray (Ljava/util/Set;)[Ljava/util/Locale; 6 <appendix> argL0 ; # sun/util/locale/provider/LocaleProviderAdapter$$Lambda+0x800000060
instanceKlass sun/util/locale/provider/CalendarDataUtility$CalendarWeekParameterGetter
instanceKlass sun/util/locale/provider/LocaleServiceProviderPool$LocalizedObjectGetter
instanceKlass sun/util/locale/provider/LocaleServiceProviderPool
instanceKlass java/util/Locale$Builder
instanceKlass sun/util/locale/provider/CalendarDataUtility
instanceKlass sun/util/calendar/CalendarSystem$GregorianHolder
instanceKlass sun/util/calendar/CalendarSystem
instanceKlass java/util/Calendar$Builder
instanceKlass sun/util/locale/provider/AvailableLanguageTags
instanceKlass sun/util/resources/cldr/provider/CLDRLocaleDataMetaInfo
instanceKlass sun/util/locale/InternalLocaleBuilder$CaseInsensitiveChar
instanceKlass sun/util/locale/InternalLocaleBuilder
instanceKlass sun/util/locale/StringTokenIterator
instanceKlass sun/util/locale/ParseStatus
instanceKlass sun/util/locale/LanguageTag
instanceKlass sun/util/cldr/CLDRBaseLocaleDataMetaInfo
instanceKlass sun/util/locale/provider/LocaleDataMetaInfo
instanceKlass sun/util/locale/provider/ResourceBundleBasedAdapter
instanceKlass sun/util/locale/provider/LocaleProviderAdapter
instanceKlass java/util/spi/LocaleServiceProvider
instanceKlass com/mysql/cj/result/DefaultValueFactory
instanceKlass com/mysql/cj/protocol/a/StringValueEncoder$1
instanceKlass  @bci com/mysql/cj/jdbc/ClientPreparedStatement initializeFromQueryInfo ()V 52 <appendix> argL0 ; # com/mysql/cj/jdbc/ClientPreparedStatement$$Lambda+0x00000160c929fb20
instanceKlass com/mysql/cj/NativeQueryBindValue
instanceKlass com/mysql/cj/BindValue
instanceKlass com/mysql/cj/NativeQueryBindings
instanceKlass com/mysql/cj/PreparedQuery
instanceKlass com/mysql/cj/jdbc/ParameterBindings
instanceKlass com/mysql/cj/QueryBindings
instanceKlass java/sql/ParameterMetaData
instanceKlass jdk/internal/classfile/impl/StackMapDecoder$1
instanceKlass jdk/internal/classfile/impl/StackMapDecoder
instanceKlass jdk/internal/classfile/impl/StackCounter
instanceKlass  @bci java/lang/reflect/ProxyGenerator lambda$generateLookupAccessor$0 (Ljava/lang/classfile/MethodBuilder;)V 30 <appendix> member <vmtarget> ; # java/lang/reflect/ProxyGenerator$$Lambda+0x00000160c92531b0
instanceKlass  @bci java/lang/reflect/ProxyGenerator generateLookupAccessor (Ljava/lang/classfile/ClassBuilder;)V 10 <appendix> member <vmtarget> ; # java/lang/reflect/ProxyGenerator$$Lambda+0x00000160c9252f68
instanceKlass java/lang/classfile/constantpool/StringEntry
instanceKlass java/lang/classfile/constantpool/ConstantValueEntry
instanceKlass  @bci java/lang/reflect/ProxyGenerator generateStaticInitializer (Ljava/lang/classfile/ClassBuilder;)V 10 <appendix> member <vmtarget> ; # java/lang/reflect/ProxyGenerator$$Lambda+0x00000160c92529c8
instanceKlass java/lang/classfile/attribute/StackMapTableAttribute
instanceKlass java/lang/classfile/attribute/StackMapFrameInfo
instanceKlass  @bci java/lang/reflect/ProxyGenerator$ProxyMethod lambda$generateMethod$0 (Ljava/lang/classfile/MethodBuilder;)V 30 <appendix> member <vmtarget> ; # java/lang/reflect/ProxyGenerator$ProxyMethod$$Lambda+0x00000160c9251e18
instanceKlass  @bci java/lang/reflect/ProxyGenerator$ProxyMethod generateMethod (Ljava/lang/classfile/ClassBuilder;)V 42 <appendix> member <vmtarget> ; # java/lang/reflect/ProxyGenerator$ProxyMethod$$Lambda+0x00000160c9251bd0
instanceKlass  @bci java/lang/reflect/ProxyGenerator generateConstructor (Ljava/lang/classfile/ClassBuilder;)V 8 <appendix> member <vmtarget> ; # java/lang/reflect/ProxyGenerator$$Lambda+0x00000160c9251988
instanceKlass  @bci java/lang/reflect/ProxyGenerator generateClassFile ()[B 197 <appendix> member <vmtarget> ; # java/lang/reflect/ProxyGenerator$$Lambda+0x00000160c9251740
instanceKlass  @bci java/lang/reflect/ProxyGenerator proxyMethodsFor (Ljava/lang/String;)Ljava/util/List; 5 <appendix> argL0 ; # java/lang/reflect/ProxyGenerator$$Lambda+0x00000160c92514f0
instanceKlass java/lang/reflect/ProxyGenerator$ProxyMethod
instanceKlass java/lang/classfile/attribute/StackMapFrameInfo$ObjectVerificationTypeInfo
instanceKlass java/lang/classfile/attribute/StackMapFrameInfo$VerificationTypeInfo
instanceKlass java/lang/classfile/ClassFile$Option
instanceKlass java/lang/reflect/ProxyGenerator
instanceKlass  @bci java/lang/WeakPairMap computeIfAbsent (Ljava/lang/Object;Ljava/lang/Object;Ljava/util/function/BiFunction;)Ljava/lang/Object; 18 <appendix> member <vmtarget> ; # java/lang/WeakPairMap$$Lambda+0x00000160c9250368
instanceKlass  @bci java/lang/Module implAddExportsOrOpens (Ljava/lang/String;Ljava/lang/Module;ZZ)V 145 <appendix> argL0 ; # java/lang/Module$$Lambda+0x00000160c9250128
instanceKlass  @bci java/lang/reflect/Proxy$ProxyBuilder getDynamicModule (Ljava/lang/ClassLoader;)Ljava/lang/Module; 4 <appendix> argL0 ; # java/lang/reflect/Proxy$ProxyBuilder$$Lambda+0x00000160c924f9e0
instanceKlass java/sql/Array
instanceKlass java/sql/ShardingKey
instanceKlass java/sql/Struct
instanceKlass java/lang/PublicMethods
instanceKlass java/lang/reflect/Proxy$ProxyBuilder
instanceKlass  @bci java/lang/reflect/Proxy getProxyConstructor (Ljava/lang/ClassLoader;[Ljava/lang/Class;)Ljava/lang/reflect/Constructor; 18 <appendix> argL0 ; # java/lang/reflect/Proxy$$Lambda+0x00000160c924ecc8
instanceKlass java/lang/ClassValue$Version
instanceKlass java/lang/ClassValue$Identity
instanceKlass java/lang/ClassValue
instanceKlass java/lang/reflect/Proxy
instanceKlass  @bci com/zaxxer/hikari/pool/ProxyConnection$ClosedConnection getClosedConnection ()Ljava/sql/Connection; 0 <appendix> argL0 ; # com/zaxxer/hikari/pool/ProxyConnection$ClosedConnection$$Lambda+0x00000160c929eaf0
instanceKlass com/zaxxer/hikari/pool/ProxyConnection$ClosedConnection
instanceKlass com/mysql/cj/jdbc/EscapeProcessor
instanceKlass com/mysql/cj/QueryInfo
instanceKlass com/zaxxer/hikari/pool/ProxyStatement
instanceKlass com/mysql/cj/NativeQueryAttributesBindings
instanceKlass com/mysql/cj/CancelQueryTask
instanceKlass java/util/TimerTask
instanceKlass com/mysql/cj/QueryAttributesBindings
instanceKlass com/mysql/cj/AbstractQuery
instanceKlass com/zaxxer/hikari/pool/ProxyConnection
instanceKlass com/zaxxer/hikari/pool/ProxyFactory
instanceKlass com/zaxxer/hikari/pool/ProxyLeakTask
instanceKlass java/util/concurrent/atomic/AtomicReferenceFieldUpdater
instanceKlass com/zaxxer/hikari/pool/HikariPool$HouseKeeper
instanceKlass com/zaxxer/hikari/pool/ProxyLeakTaskFactory
instanceKlass java/util/concurrent/ThreadPoolExecutor$CallerRunsPolicy
instanceKlass com/zaxxer/hikari/util/UtilityElf$CustomDiscardPolicy
instanceKlass com/zaxxer/hikari/pool/PoolBase$NopMetricsTrackerDelegate
instanceKlass com/zaxxer/hikari/pool/HikariPool$MaxLifetimeTask
instanceKlass com/mysql/cj/jdbc/ConnectionImpl$NetworkTimeoutSetter
instanceKlass com/mysql/cj/protocol/NetworkResources
instanceKlass  @bci com/mysql/cj/jdbc/ConnectionImpl unSafeQueryInterceptors ()V 37 <appendix> argL0 ; # com/mysql/cj/jdbc/ConnectionImpl$$Lambda+0x00000160c929a3c0
instanceKlass  @bci com/mysql/cj/jdbc/ConnectionImpl unSafeQueryInterceptors ()V 27 <appendix> argL0 ; # com/mysql/cj/jdbc/ConnectionImpl$$Lambda+0x00000160c929a170
instanceKlass  @bci com/mysql/cj/jdbc/ConnectionImpl unSafeQueryInterceptors ()V 17 <appendix> member <vmtarget> ; # com/mysql/cj/jdbc/ConnectionImpl$$Lambda+0x00000160c9299f18
instanceKlass java/sql/ResultSetMetaData
instanceKlass java/time/zone/ZoneOffsetTransitionRule
instanceKlass java/time/zone/ZoneRules
instanceKlass  @bci java/time/ZoneOffset ofTotalSeconds (I)Ljava/time/ZoneOffset; 37 <appendix> argL0 ; # java/time/ZoneOffset$$Lambda+0x80000001a
instanceKlass com/mysql/cj/LicenseConfiguration
instanceKlass com/mysql/cj/protocol/InternalDate
instanceKlass com/mysql/cj/result/StringValueFactory
instanceKlass com/mysql/cj/protocol/a/result/AbstractResultsetRows
instanceKlass com/mysql/cj/protocol/result/AbstractResultsetRow
instanceKlass com/mysql/cj/result/DefaultColumnDefinition$1
instanceKlass com/mysql/cj/protocol/a/MysqlTextValueDecoder
instanceKlass com/mysql/cj/protocol/ValueDecoder
instanceKlass com/mysql/cj/protocol/a/AbstractRowFactory
instanceKlass com/mysql/cj/result/DefaultColumnDefinition
instanceKlass com/mysql/cj/result/Field$1
instanceKlass com/mysql/cj/protocol/a/ColumnDefinitionReader$1
instanceKlass java/sql/SQLType
instanceKlass com/mysql/cj/util/LazyString
instanceKlass com/mysql/cj/result/Field
instanceKlass com/mysql/cj/protocol/a/ColumnDefinitionFactory
instanceKlass com/mysql/cj/protocol/a/ResultsetFactory
instanceKlass com/mysql/cj/protocol/a/NativeMessageBuilder
instanceKlass com/mysql/cj/protocol/a/MultiPacketReader
instanceKlass com/mysql/cj/protocol/a/TimeTrackingPacketReader
instanceKlass com/mysql/cj/protocol/a/TimeTrackingPacketSender
instanceKlass com/mysql/cj/protocol/a/NativeServerSessionStateController$NativeServerSessionStateChanges
instanceKlass com/mysql/cj/protocol/a/result/OkPacket
instanceKlass com/mysql/cj/protocol/a/NativeUtils
instanceKlass com/mysql/cj/protocol/a/PacketSplitter
instanceKlass sun/security/provider/ByteArrayAccess$BE
instanceKlass com/mysql/cj/protocol/Security
instanceKlass java/util/LinkedList$ListItr
instanceKlass com/mysql/cj/protocol/a/authentication/AuthenticationWebAuthnClient
instanceKlass com/mysql/cj/protocol/a/authentication/AuthenticationFidoClient
instanceKlass com/mysql/cj/protocol/a/authentication/AuthenticationOciClient
instanceKlass  @bci com/mysql/cj/protocol/a/authentication/AuthenticationKerberosClient <init> ()V 43 <appendix> member <vmtarget> ; # com/mysql/cj/protocol/a/authentication/AuthenticationKerberosClient$$Lambda+0x00000160c92935f8
instanceKlass com/mysql/cj/protocol/a/authentication/AuthenticationKerberosClient
instanceKlass  @bci com/mysql/cj/protocol/a/authentication/AuthenticationLdapSaslClientPlugin <init> ()V 46 <appendix> member <vmtarget> ; # com/mysql/cj/protocol/a/authentication/AuthenticationLdapSaslClientPlugin$$Lambda+0x00000160c9292ea0
instanceKlass javax/security/auth/callback/Callback
instanceKlass javax/security/auth/callback/CallbackHandler
instanceKlass javax/security/auth/login/Configuration
instanceKlass com/mysql/cj/protocol/a/authentication/AuthenticationLdapSaslClientPlugin
instanceKlass com/mysql/cj/protocol/a/authentication/MysqlOldPasswordPlugin
instanceKlass com/mysql/cj/protocol/a/authentication/Sha256PasswordPlugin
instanceKlass com/mysql/cj/protocol/a/authentication/MysqlClearPasswordPlugin
instanceKlass com/mysql/cj/protocol/a/authentication/MysqlNativePasswordPlugin
instanceKlass com/mysql/cj/protocol/AuthenticationPlugin
instanceKlass com/mysql/cj/protocol/a/NativePacketPayload$1
instanceKlass com/mysql/cj/protocol/a/NativeCapabilities
instanceKlass com/mysql/cj/protocol/a/NativePacketHeader
instanceKlass com/mysql/cj/Collation
instanceKlass sun/nio/cs/DelegatableDecoder
instanceKlass java/nio/charset/Charset$ExtendedProviderHolder
instanceKlass  @bci com/mysql/cj/MysqlCharset <init> (Ljava/lang/String;II[Ljava/lang/String;Lcom/mysql/cj/ServerVersion;)V 81 <appendix> member <vmtarget> ; # com/mysql/cj/MysqlCharset$$Lambda+0x00000160c928b640
instanceKlass com/mysql/cj/ServerVersion
instanceKlass com/mysql/cj/MysqlCharset
instanceKlass com/mysql/cj/CharsetMapping
instanceKlass com/mysql/cj/protocol/a/NativeServerSessionStateController
instanceKlass sun/util/calendar/ZoneInfoFile$ZoneOffsetTransitionRule
instanceKlass java/time/ZoneId
instanceKlass sun/util/calendar/ZoneInfoFile
instanceKlass java/util/TimeZone
instanceKlass com/mysql/cj/protocol/ServerSessionStateController
instanceKlass com/mysql/cj/protocol/a/NativeServerSession
instanceKlass com/mysql/cj/protocol/a/BinaryResultsetReader
instanceKlass com/mysql/cj/protocol/a/TextResultsetReader
instanceKlass com/mysql/cj/protocol/a/ResultsetRowReader
instanceKlass com/mysql/cj/protocol/ResultsetRow
instanceKlass com/mysql/cj/protocol/a/ColumnDefinitionReader
instanceKlass com/mysql/cj/protocol/ProtocolEntityReader
instanceKlass  @bci com/mysql/cj/protocol/a/NativeAuthenticationProvider <init> ()V 26 <appendix> member <vmtarget> ; # com/mysql/cj/protocol/a/NativeAuthenticationProvider$$Lambda+0x00000160c9289720
instanceKlass com/mysql/cj/callback/MysqlCallback
instanceKlass com/mysql/cj/callback/MysqlCallbackHandler
instanceKlass com/mysql/cj/protocol/a/NativeAuthenticationProvider
instanceKlass com/mysql/cj/protocol/a/SimplePacketReader
instanceKlass com/mysql/cj/protocol/a/SimplePacketSender
instanceKlass com/mysql/cj/protocol/a/NativePacketPayload
instanceKlass com/mysql/cj/log/BaseMetricsHolder
instanceKlass com/mysql/cj/protocol/AbstractProtocol$2
instanceKlass com/mysql/cj/protocol/AbstractProtocol$1
instanceKlass  @bci com/mysql/cj/protocol/a/NativeProtocol <clinit> ()V 504 <appendix> argL0 ; # com/mysql/cj/protocol/a/NativeProtocol$$Lambda+0x00000160c9288308
instanceKlass java/time/ZonedDateTime
instanceKlass java/time/chrono/ChronoZonedDateTime
instanceKlass  @bci com/mysql/cj/protocol/a/NativeProtocol <clinit> ()V 487 <appendix> argL0 ; # com/mysql/cj/protocol/a/NativeProtocol$$Lambda+0x00000160c9283c48
instanceKlass  @bci com/mysql/cj/protocol/a/NativeProtocol <clinit> ()V 470 <appendix> argL0 ; # com/mysql/cj/protocol/a/NativeProtocol$$Lambda+0x00000160c9283710
instanceKlass  @bci com/mysql/cj/protocol/a/NativeProtocol <clinit> ()V 453 <appendix> argL0 ; # com/mysql/cj/protocol/a/NativeProtocol$$Lambda+0x00000160c92831d8
instanceKlass  @bci com/mysql/cj/protocol/a/NativeProtocol <clinit> ()V 436 <appendix> argL0 ; # com/mysql/cj/protocol/a/NativeProtocol$$Lambda+0x00000160c9282ca0
instanceKlass  @bci com/mysql/cj/protocol/a/NativeProtocol <clinit> ()V 419 <appendix> argL0 ; # com/mysql/cj/protocol/a/NativeProtocol$$Lambda+0x00000160c9282a70
instanceKlass  @bci com/mysql/cj/protocol/a/NativeProtocol <clinit> ()V 402 <appendix> argL0 ; # com/mysql/cj/protocol/a/NativeProtocol$$Lambda+0x00000160c9282840
instanceKlass java/time/OffsetTime
instanceKlass  @bci com/mysql/cj/protocol/a/NativeProtocol <clinit> ()V 385 <appendix> argL0 ; # com/mysql/cj/protocol/a/NativeProtocol$$Lambda+0x00000160c9282308
instanceKlass java/time/OffsetDateTime
instanceKlass  @bci com/mysql/cj/protocol/a/NativeProtocol <clinit> ()V 368 <appendix> argL0 ; # com/mysql/cj/protocol/a/NativeProtocol$$Lambda+0x00000160c9287ad0
instanceKlass  @bci com/mysql/cj/protocol/a/NativeProtocol <clinit> ()V 351 <appendix> argL0 ; # com/mysql/cj/protocol/a/NativeProtocol$$Lambda+0x00000160c92878a0
instanceKlass java/time/LocalTime
instanceKlass  @bci com/mysql/cj/protocol/a/NativeProtocol <clinit> ()V 334 <appendix> argL0 ; # com/mysql/cj/protocol/a/NativeProtocol$$Lambda+0x00000160c9287368
instanceKlass java/time/LocalDateTime
instanceKlass java/time/chrono/ChronoLocalDateTime
instanceKlass  @bci com/mysql/cj/protocol/a/NativeProtocol <clinit> ()V 317 <appendix> argL0 ; # com/mysql/cj/protocol/a/NativeProtocol$$Lambda+0x00000160c9286e30
instanceKlass  @bci com/mysql/cj/protocol/a/NativeProtocol <clinit> ()V 300 <appendix> argL0 ; # com/mysql/cj/protocol/a/NativeProtocol$$Lambda+0x00000160c92868f8
instanceKlass  @bci com/mysql/cj/protocol/a/NativeProtocol <clinit> ()V 284 <appendix> argL0 ; # com/mysql/cj/protocol/a/NativeProtocol$$Lambda+0x00000160c92866c8
instanceKlass java/time/Instant
instanceKlass  @bci com/mysql/cj/protocol/a/NativeProtocol <clinit> ()V 267 <appendix> argL0 ; # com/mysql/cj/protocol/a/NativeProtocol$$Lambda+0x00000160c9286190
instanceKlass  @bci com/mysql/cj/protocol/a/NativeProtocol <clinit> ()V 250 <appendix> argL0 ; # com/mysql/cj/protocol/a/NativeProtocol$$Lambda+0x00000160c9285f60
instanceKlass  @bci com/mysql/cj/protocol/a/NativeProtocol <clinit> ()V 233 <appendix> argL0 ; # com/mysql/cj/protocol/a/NativeProtocol$$Lambda+0x00000160c9285d30
instanceKlass java/time/Duration
instanceKlass java/time/temporal/TemporalAmount
instanceKlass  @bci com/mysql/cj/protocol/a/NativeProtocol <clinit> ()V 216 <appendix> argL0 ; # com/mysql/cj/protocol/a/NativeProtocol$$Lambda+0x00000160c92857f8
instanceKlass  @bci com/mysql/cj/protocol/a/NativeProtocol <clinit> ()V 199 <appendix> argL0 ; # com/mysql/cj/protocol/a/NativeProtocol$$Lambda+0x00000160c92855c8
instanceKlass  @bci com/mysql/cj/protocol/a/NativeProtocol <clinit> ()V 182 <appendix> argL0 ; # com/mysql/cj/protocol/a/NativeProtocol$$Lambda+0x00000160c9285090
instanceKlass  @bci com/mysql/cj/protocol/a/NativeProtocol <clinit> ()V 165 <appendix> argL0 ; # com/mysql/cj/protocol/a/NativeProtocol$$Lambda+0x00000160c9284b58
instanceKlass  @bci com/mysql/cj/protocol/a/NativeProtocol <clinit> ()V 148 <appendix> argL0 ; # com/mysql/cj/protocol/a/NativeProtocol$$Lambda+0x00000160c9284308
instanceKlass java/util/Calendar
instanceKlass  @bci com/mysql/cj/protocol/a/NativeProtocol <clinit> ()V 131 <appendix> argL0 ; # com/mysql/cj/protocol/a/NativeProtocol$$Lambda+0x00000160c923fd50
instanceKlass  @bci com/mysql/cj/protocol/a/NativeProtocol <clinit> ()V 114 <appendix> argL0 ; # com/mysql/cj/protocol/a/NativeProtocol$$Lambda+0x00000160c923f818
instanceKlass  @bci com/mysql/cj/protocol/a/NativeProtocol <clinit> ()V 97 <appendix> argL0 ; # com/mysql/cj/protocol/a/NativeProtocol$$Lambda+0x00000160c923f5e8
instanceKlass  @bci com/mysql/cj/protocol/a/NativeProtocol <clinit> ()V 81 <appendix> argL0 ; # com/mysql/cj/protocol/a/NativeProtocol$$Lambda+0x00000160c923f0b0
instanceKlass  @bci com/mysql/cj/protocol/a/NativeProtocol <clinit> ()V 64 <appendix> argL0 ; # com/mysql/cj/protocol/a/NativeProtocol$$Lambda+0x00000160c923e860
instanceKlass  @bci com/mysql/cj/protocol/a/NativeProtocol <clinit> ()V 47 <appendix> argL0 ; # com/mysql/cj/protocol/a/NativeProtocol$$Lambda+0x00000160c923e630
instanceKlass com/mysql/cj/protocol/a/AbstractValueEncoder
instanceKlass com/mysql/cj/protocol/ValueEncoder
instanceKlass com/mysql/cj/protocol/ServerSessionStateController$ServerSessionStateChanges
instanceKlass com/mysql/cj/MessageBuilder
instanceKlass com/mysql/cj/CharsetSettings
instanceKlass com/mysql/cj/protocol/MessageHeader
instanceKlass com/mysql/cj/protocol/ServerCapabilities
instanceKlass com/mysql/cj/protocol/AuthenticationProvider
instanceKlass com/mysql/cj/protocol/ServerSession
instanceKlass com/mysql/cj/protocol/MessageReader
instanceKlass com/mysql/cj/protocol/MessageSender
instanceKlass com/mysql/cj/protocol/PacketReceivedTimeHolder
instanceKlass com/mysql/cj/protocol/AbstractProtocol
instanceKlass com/mysql/cj/protocol/Protocol$ProtocolEventHandler
instanceKlass com/mysql/cj/conf/RuntimeProperty$RuntimePropertyListener
instanceKlass sun/net/NetHooks
instanceKlass sun/net/spi/DefaultProxySelector$NonProxyInfo
instanceKlass sun/net/NetProperties
instanceKlass java/net/Proxy
instanceKlass java/net/ProxySelector
instanceKlass java/net/InetSocketAddress$InetSocketAddressHolder
instanceKlass sun/nio/ch/ExtendedSocketOption$1
instanceKlass sun/nio/ch/ExtendedSocketOption
instanceKlass sun/nio/ch/OptionKey
instanceKlass sun/nio/ch/SocketOptionRegistry$LazyInitialization
instanceKlass sun/nio/ch/SocketOptionRegistry$RegistryKey
instanceKlass sun/nio/ch/SocketOptionRegistry
instanceKlass java/net/NetworkInterface
instanceKlass java/net/StandardSocketOptions$StdSocketOption
instanceKlass java/net/StandardSocketOptions
instanceKlass  @bci sun/nio/ch/NioSocketImpl closerFor (Ljava/io/FileDescriptor;Z)Ljava/lang/Runnable; 5 <appendix> member <vmtarget> ; # sun/nio/ch/NioSocketImpl$$Lambda+0x00000160c9242b08
instanceKlass jdk/net/ExtendedSocketOptions$2
instanceKlass jdk/net/ExtendedSocketOptions$PlatformSocketOptions
instanceKlass jdk/net/ExtendedSocketOptions$ExtSocketOption
instanceKlass java/net/SocketOption
instanceKlass jdk/net/ExtendedSocketOptions
instanceKlass sun/net/ext/ExtendedSocketOptions
instanceKlass sun/nio/ch/Net$1
instanceKlass java/net/ProtocolFamily
instanceKlass sun/nio/ch/Net
instanceKlass java/net/SocksConsts
instanceKlass sun/net/PlatformSocketImpl
instanceKlass java/net/SocketImpl
instanceKlass java/net/SocketOptions
instanceKlass java/net/Socket
instanceKlass jdk/internal/util/random/RandomSupport
instanceKlass java/net/InetAddress$CachedLookup
instanceKlass sun/net/InetAddressCachePolicy
instanceKlass java/util/stream/Nodes$ArrayNode
instanceKlass  @bci java/net/InetAddress getAddressesFromNameService (Ljava/lang/String;)[Ljava/net/InetAddress; 94 <appendix> argL0 ; # java/net/InetAddress$$Lambda+0x00000160c907f250
instanceKlass java/net/Inet6Address$Inet6AddressHolder
instanceKlass  @bci java/net/InetAddress loadResolver ()Ljava/net/spi/InetAddressResolver; 8 <appendix> argL0 ; # java/net/InetAddress$$Lambda+0x00000160c907edf8
instanceKlass java/net/spi/InetAddressResolverProvider
instanceKlass java/net/InetAddress$NameServiceAddresses
instanceKlass java/net/InetAddress$Addresses
instanceKlass java/util/concurrent/ConcurrentSkipListMap$Iter
instanceKlass java/net/InetAddress$PlatformResolver
instanceKlass java/net/spi/InetAddressResolver
instanceKlass java/net/spi/InetAddressResolver$LookupPolicy
instanceKlass java/net/Inet4AddressImpl
instanceKlass java/net/Inet6AddressImpl
instanceKlass java/net/InetAddressImpl
instanceKlass java/util/concurrent/ConcurrentSkipListMap$Node
instanceKlass java/util/concurrent/ConcurrentSkipListMap$Index
instanceKlass java/util/concurrent/ConcurrentNavigableMap
instanceKlass java/util/NavigableSet
instanceKlass java/util/SortedSet
instanceKlass java/net/InetAddress$InetAddressHolder
instanceKlass java/net/InetAddress$1
instanceKlass jdk/internal/access/JavaNetInetAddressAccess
instanceKlass java/net/InetAddress
instanceKlass java/net/SocketAddress
instanceKlass com/mysql/cj/protocol/StandardSocketFactory
instanceKlass com/mysql/cj/protocol/PacketSentTimeHolder
instanceKlass com/mysql/cj/protocol/SocketFactory
instanceKlass com/mysql/cj/protocol/SocketMetadata
instanceKlass com/mysql/cj/protocol/AbstractSocketConnection
instanceKlass  @bci com/mysql/cj/jdbc/ConnectionImpl initializeSafeQueryInterceptors ()V 45 <appendix> argL0 ; # com/mysql/cj/jdbc/ConnectionImpl$$Lambda+0x00000160c923b8a8
instanceKlass  @bci com/mysql/cj/jdbc/ConnectionImpl initializeSafeQueryInterceptors ()V 35 <appendix> member <vmtarget> ; # com/mysql/cj/jdbc/ConnectionImpl$$Lambda+0x00000160c923b650
instanceKlass com/mysql/cj/NoSubInterceptorWrapper
instanceKlass java/util/LinkedList$LLSpliterator
instanceKlass  @bci java/util/stream/Collectors toCollection (Ljava/util/function/Supplier;)Ljava/util/stream/Collector; 10 <appendix> argL0 ; # java/util/stream/Collectors$$Lambda+0x00000160c907d5b0
instanceKlass  @bci java/util/stream/Collectors toCollection (Ljava/util/function/Supplier;)Ljava/util/stream/Collector; 5 <appendix> argL0 ; # java/util/stream/Collectors$$Lambda+0x00000160c907d370
instanceKlass  @bci com/mysql/cj/util/Util loadClasses (Ljava/lang/Class;Ljava/lang/String;Ljava/lang/String;Lcom/mysql/cj/exceptions/ExceptionInterceptor;)Ljava/util/List; 34 <appendix> argL0 ; # com/mysql/cj/util/Util$$Lambda+0x00000160c923b178
instanceKlass  @bci com/mysql/cj/util/Util loadClasses (Ljava/lang/Class;Ljava/lang/String;Ljava/lang/String;Lcom/mysql/cj/exceptions/ExceptionInterceptor;)Ljava/util/List; 24 <appendix> member <vmtarget> ; # com/mysql/cj/util/Util$$Lambda+0x00000160c923af20
instanceKlass  @bci com/mysql/cj/util/Util loadClasses (Ljava/lang/Class;Ljava/lang/String;Ljava/lang/String;Lcom/mysql/cj/exceptions/ExceptionInterceptor;)Ljava/util/List; 12 <appendix> argL0 ; # com/mysql/cj/util/Util$$Lambda+0x00000160c923acc0
instanceKlass com/mysql/cj/interceptors/QueryInterceptor
instanceKlass com/mysql/cj/jdbc/DatabaseMetaData$IteratorWithCleanup
instanceKlass com/mysql/cj/result/Row
instanceKlass com/mysql/cj/protocol/ResultsetRows
instanceKlass com/mysql/cj/result/RowList
instanceKlass com/mysql/cj/jdbc/DatabaseMetaData
instanceKlass com/mysql/cj/log/LogFactory
instanceKlass com/mysql/cj/log/NullLogger
instanceKlass com/mysql/cj/result/ValueFactory
instanceKlass com/mysql/cj/protocol/Message
instanceKlass com/mysql/cj/protocol/Protocol
instanceKlass com/mysql/cj/protocol/SocketConnection
instanceKlass com/mysql/cj/DataStoreMetadata
instanceKlass com/mysql/cj/CoreSession
instanceKlass com/mysql/cj/protocol/a/result/NativeResultset
instanceKlass com/mysql/cj/WarningListener
instanceKlass com/mysql/cj/jdbc/result/ResultSetInternalMethods
instanceKlass com/mysql/cj/protocol/Resultset
instanceKlass com/mysql/cj/protocol/ResultsetRowsOwner
instanceKlass java/sql/ResultSet
instanceKlass com/mysql/cj/jdbc/result/ResultSetFactory
instanceKlass com/mysql/cj/conf/AbstractRuntimeProperty
instanceKlass com/mysql/cj/PerConnectionLRUFactory
instanceKlass com/mysql/cj/util/PerVmServerConfigCacheFactory
instanceKlass com/mysql/cj/CacheAdapterFactory
instanceKlass java/text/AttributedCharacterIterator$Attribute
instanceKlass java/util/Date
instanceKlass com/mysql/cj/conf/AbstractPropertyDefinition
instanceKlass com/mysql/cj/conf/PropertyDefinitions
instanceKlass com/mysql/cj/conf/RuntimeProperty
instanceKlass com/mysql/cj/conf/PropertyDefinition
instanceKlass com/mysql/cj/conf/DefaultPropertySet
instanceKlass  @bci com/mysql/cj/conf/HostInfo exposeAsProperties ()Ljava/util/Properties; 23 <appendix> member <vmtarget> ; # com/mysql/cj/conf/HostInfo$$Lambda+0x00000160c922dd10
instanceKlass java/util/Random
instanceKlass java/util/random/RandomGenerator
instanceKlass com/mysql/cj/log/StandardLogger
instanceKlass com/mysql/cj/log/Log
instanceKlass com/mysql/cj/jdbc/result/CachedResultSetMetaData
instanceKlass com/mysql/cj/protocol/ColumnDefinition
instanceKlass com/mysql/cj/protocol/ProtocolEntity
instanceKlass java/sql/Blob
instanceKlass com/mysql/cj/jdbc/StatementImpl
instanceKlass com/mysql/cj/jdbc/JdbcPreparedStatement
instanceKlass com/mysql/cj/jdbc/JdbcStatement
instanceKlass com/mysql/cj/Query
instanceKlass java/sql/NClob
instanceKlass java/sql/Clob
instanceKlass java/sql/CallableStatement
instanceKlass java/sql/PreparedStatement
instanceKlass java/sql/Statement
instanceKlass java/sql/Savepoint
instanceKlass java/sql/DatabaseMetaData
instanceKlass java/sql/SQLXML
instanceKlass java/lang/reflect/InvocationHandler
instanceKlass com/mysql/cj/Session
instanceKlass com/mysql/cj/protocol/ProtocolEntityFactory
instanceKlass com/mysql/cj/jdbc/IterateBlock
instanceKlass com/mysql/cj/exceptions/ExceptionInterceptor
instanceKlass com/mysql/cj/jdbc/ConnectionImpl
instanceKlass com/mysql/cj/Session$SessionEventListener
instanceKlass com/mysql/cj/jdbc/JdbcConnection
instanceKlass com/mysql/cj/TransactionEventHandler
instanceKlass com/mysql/cj/MysqlConnection
instanceKlass com/mysql/cj/jdbc/NonRegisteringDriver$1
instanceKlass  @bci com/mysql/cj/conf/ConnectionUrl fixHostInfo (Lcom/mysql/cj/conf/HostInfo;)Lcom/mysql/cj/conf/HostInfo; 33 <appendix> member <vmtarget> ; # com/mysql/cj/conf/ConnectionUrl$$Lambda+0x00000160c9227828
instanceKlass  @bci com/mysql/cj/conf/ConnectionUrl collectHostsInfo (Lcom/mysql/cj/conf/ConnectionUrlParser;)V 29 <appendix> member <vmtarget> ; # com/mysql/cj/conf/ConnectionUrl$$Lambda+0x00000160c92275e0
instanceKlass  @bci com/mysql/cj/conf/ConnectionUrl collectHostsInfo (Lcom/mysql/cj/conf/ConnectionUrlParser;)V 10 <appendix> member <vmtarget> ; # com/mysql/cj/conf/ConnectionUrl$$Lambda+0x00000160c9227388
instanceKlass  @cpi com/mysql/cj/conf/ConnectionUrl 492 form vmentry <vmtarget> ; # java/lang/invoke/LambdaForm$DMH+0x00000160c9223c00
instanceKlass  @bci com/mysql/cj/conf/ConnectionUrl collectProperties (Lcom/mysql/cj/conf/ConnectionUrlParser;Ljava/util/Properties;)V 40 <appendix> member <vmtarget> ; # com/mysql/cj/conf/ConnectionUrl$$Lambda+0x00000160c9227140
instanceKlass java/util/Collections$UnmodifiableMap$UnmodifiableEntrySet$UnmodifiableEntry
instanceKlass  @bci java/util/Collections$UnmodifiableMap$UnmodifiableEntrySet entryConsumer (Ljava/util/function/Consumer;)Ljava/util/function/Consumer; 1 <appendix> member <vmtarget> ; # java/util/Collections$UnmodifiableMap$UnmodifiableEntrySet$$Lambda+0x00000160c907cc88
instanceKlass  @bci com/mysql/cj/conf/ConnectionUrl collectProperties (Lcom/mysql/cj/conf/ConnectionUrlParser;Ljava/util/Properties;)V 15 <appendix> member <vmtarget> ; # com/mysql/cj/conf/ConnectionUrl$$Lambda+0x00000160c9226ef8
instanceKlass java/util/Collections$UnmodifiableMap$UnmodifiableEntrySet$UnmodifiableEntrySetSpliterator
instanceKlass java/math/MathContext
instanceKlass java/util/concurrent/ForkJoinTask$Aux
instanceKlass java/text/FieldPosition
instanceKlass java/text/StringBufFactory$StringBuilderImpl
instanceKlass java/text/Format$StringBuf
instanceKlass java/text/StringBufFactory
instanceKlass java/text/Format
instanceKlass sun/util/resources/Bundles
instanceKlass  @bci java/util/ResourceBundle$ResourceBundleControlProviderHolder <clinit> ()V 11 <appendix> argL0 ; # java/util/ResourceBundle$ResourceBundleControlProviderHolder$$Lambda+0x00000160c9079ef0
instanceKlass  @cpi software/amazon/awssdk/http/apache/internal/RepeatableInputStreamRequestEntity 157 form vmentry <vmtarget> ; # java/lang/invoke/LambdaForm$DMH+0x00000160c9223800
instanceKlass java/util/ServiceLoader$ProviderSpliterator
instanceKlass java/util/spi/ResourceBundleControlProvider
instanceKlass java/util/ResourceBundle$ResourceBundleControlProviderHolder
instanceKlass com/mysql/cj/Messages
instanceKlass com/mysql/cj/Constants
instanceKlass com/mysql/cj/util/Util
instanceKlass com/mysql/cj/conf/HostInfo
instanceKlass com/mysql/cj/conf/ConnectionUrlParser$Pair
instanceKlass com/mysql/cj/util/StringInspector
instanceKlass  @bci java/util/stream/Collectors joining (Ljava/lang/CharSequence;Ljava/lang/CharSequence;Ljava/lang/CharSequence;)Ljava/util/stream/Collector; 22 <appendix> argL0 ; # java/util/stream/Collectors$$Lambda+0x800000047
instanceKlass  @bci java/util/stream/Collectors joining (Ljava/lang/CharSequence;Ljava/lang/CharSequence;Ljava/lang/CharSequence;)Ljava/util/stream/Collector; 17 <appendix> argL0 ; # java/util/stream/Collectors$$Lambda+0x800000045
instanceKlass  @bci java/util/stream/Collectors joining (Ljava/lang/CharSequence;Ljava/lang/CharSequence;Ljava/lang/CharSequence;)Ljava/util/stream/Collector; 12 <appendix> argL0 ; # java/util/stream/Collectors$$Lambda+0x800000042
instanceKlass  @bci java/util/stream/Collectors joining (Ljava/lang/CharSequence;Ljava/lang/CharSequence;Ljava/lang/CharSequence;)Ljava/util/stream/Collector; 7 <appendix> member <vmtarget> ; # java/util/stream/Collectors$$Lambda+0x80000004a
instanceKlass java/util/StringJoiner
instanceKlass  @bci com/mysql/cj/conf/ConnectionUrl buildConnectionStringCacheKey (Ljava/lang/String;Ljava/util/Properties;)Ljava/lang/String; 35 <appendix> member <vmtarget> ; # com/mysql/cj/conf/ConnectionUrl$$Lambda+0x00000160c9225770
instanceKlass sun/reflect/misc/ReflectUtil
instanceKlass com/zaxxer/hikari/util/FastList
instanceKlass java/util/concurrent/atomic/AtomicIntegerFieldUpdater
instanceKlass com/zaxxer/hikari/pool/PoolEntry
instanceKlass com/zaxxer/hikari/util/ClockSource$NanosecondClockSource
instanceKlass com/zaxxer/hikari/util/ClockSource$Factory
instanceKlass com/zaxxer/hikari/util/ClockSource
instanceKlass java/util/concurrent/RunnableScheduledFuture
instanceKlass java/util/concurrent/ScheduledFuture
instanceKlass java/util/concurrent/Delayed
instanceKlass java/util/concurrent/ThreadPoolExecutor$DiscardPolicy
instanceKlass com/zaxxer/hikari/util/UtilityElf$DefaultThreadFactory
instanceKlass  @bci com/zaxxer/hikari/pool/HikariPool initializeHouseKeepingExecutorService ()Ljava/util/concurrent/ScheduledExecutorService; 21 <appendix> member <vmtarget> ; # com/zaxxer/hikari/pool/HikariPool$$Lambda+0x00000160c92246b0
instanceKlass com/zaxxer/hikari/util/SuspendResumeLock
instanceKlass  @bci com/zaxxer/hikari/util/ConcurrentBag <init> (Lcom/zaxxer/hikari/util/ConcurrentBag$IBagStateListener;)V 74 <appendix> argL0 ; # com/zaxxer/hikari/util/ConcurrentBag$$Lambda+0x00000160c9224000
instanceKlass java/util/concurrent/LinkedTransferQueue$DualNode
instanceKlass java/util/concurrent/TransferQueue
instanceKlass com/zaxxer/hikari/util/ConcurrentBag
instanceKlass com/zaxxer/hikari/pool/HikariPool$PoolEntryCreator
instanceKlass com/zaxxer/hikari/pool/PoolBase$SynchronousExecutor
instanceKlass java/net/URLDecoder
instanceKlass com/mysql/cj/util/StringUtils
instanceKlass  @bci java/util/regex/CharPredicates ASCII_WORD ()Ljava/util/regex/Pattern$BmpCharPredicate; 0 <appendix> argL0 ; # java/util/regex/CharPredicates$$Lambda+0x00000160c90758c0
instanceKlass com/mysql/cj/conf/ConnectionUrlParser
instanceKlass com/mysql/cj/conf/ConnectionUrl
instanceKlass com/mysql/cj/conf/DatabaseUrlContainer
instanceKlass com/zaxxer/hikari/util/DriverDataSource
instanceKlass com/zaxxer/hikari/SQLExceptionOverride
instanceKlass com/zaxxer/hikari/metrics/PoolStats
instanceKlass com/zaxxer/hikari/util/ConcurrentBag$IConcurrentBagEntry
instanceKlass com/zaxxer/hikari/pool/PoolBase$IMetricsTrackerDelegate
instanceKlass com/zaxxer/hikari/pool/PoolBase
instanceKlass com/zaxxer/hikari/util/ConcurrentBag$IBagStateListener
# instanceKlass java/lang/invoke/LambdaForm$MH+0x00000160c9223400
instanceKlass java/lang/classfile/CodeBuilder$1
# instanceKlass java/lang/invoke/LambdaForm$MH+0x00000160c9223000
# instanceKlass java/lang/invoke/LambdaForm$MH+0x00000160c9222c00
# instanceKlass java/lang/invoke/LambdaForm$MH+0x00000160c9222800
instanceKlass  @bci jdk/internal/reflect/MethodHandleIntegerFieldAccessorImpl setInt (Ljava/lang/Object;I)V 41 <adapter> ; # java/lang/invoke/LambdaForm$MH+0x00000160c9222400
instanceKlass  @bci jdk/internal/reflect/MethodHandleIntegerFieldAccessorImpl getInt (Ljava/lang/Object;)I 20 <adapter> ; # java/lang/invoke/LambdaForm$MH+0x00000160c9222000
# instanceKlass java/lang/invoke/LambdaForm$MH+0x00000160c9221c00
# instanceKlass java/lang/invoke/LambdaForm$BMH+0x00000160c9221800
# instanceKlass java/lang/invoke/LambdaForm$DMH+0x00000160c9221400
# instanceKlass java/lang/invoke/LambdaForm$MH+0x00000160c9221000
# instanceKlass java/lang/invoke/LambdaForm$MH+0x00000160c9220c00
# instanceKlass java/lang/invoke/LambdaForm$MH+0x00000160c9220800
instanceKlass  @bci jdk/internal/reflect/MethodHandleLongFieldAccessorImpl setLong (Ljava/lang/Object;J)V 41 <adapter> ; # java/lang/invoke/LambdaForm$MH+0x00000160c9220400
instanceKlass  @bci jdk/internal/reflect/MethodHandleLongFieldAccessorImpl getLong (Ljava/lang/Object;)J 20 <adapter> ; # java/lang/invoke/LambdaForm$MH+0x00000160c9220000
# instanceKlass java/lang/invoke/LambdaForm$MH+0x00000160c921fc00
# instanceKlass java/lang/invoke/LambdaForm$BMH+0x00000160c921f800
# instanceKlass java/lang/invoke/LambdaForm$DMH+0x00000160c921f400
# instanceKlass java/lang/invoke/LambdaForm$MH+0x00000160c921f000
# instanceKlass java/lang/invoke/LambdaForm$BMH+0x00000160c921ec00
instanceKlass  @cpi software/amazon/awssdk/http/apache/internal/RepeatableInputStreamRequestEntity 128 form vmentry <vmtarget> ; # java/lang/invoke/LambdaForm$DMH+0x00000160c921e800
# instanceKlass java/lang/invoke/LambdaForm$MH+0x00000160c921e400
# instanceKlass java/lang/invoke/LambdaForm$MH+0x00000160c921e000
instanceKlass  @bci jdk/internal/reflect/MethodHandleObjectFieldAccessorImpl set (Ljava/lang/Object;Ljava/lang/Object;)V 41 <adapter> ; # java/lang/invoke/LambdaForm$MH+0x00000160c921dc00
# instanceKlass java/lang/invoke/LambdaForm$MH+0x00000160c921d800
# instanceKlass java/lang/invoke/LambdaForm$MH+0x00000160c921d400
# instanceKlass java/lang/invoke/LambdaForm$MH+0x00000160c921d000
# instanceKlass java/lang/invoke/LambdaForm$MH+0x00000160c921cc00
instanceKlass  @bci jdk/internal/reflect/MethodHandleBooleanFieldAccessorImpl setBoolean (Ljava/lang/Object;Z)V 29 <adapter> ; # java/lang/invoke/LambdaForm$MH+0x00000160c921c800
# instanceKlass java/lang/invoke/LambdaForm$DMH+0x00000160c921c400
instanceKlass  @bci jdk/internal/reflect/MethodHandleBooleanFieldAccessorImpl getBoolean (Ljava/lang/Object;)Z 11 <adapter> ; # java/lang/invoke/LambdaForm$MH+0x00000160c921c000
instanceKlass com/zaxxer/hikari/metrics/MetricsTrackerFactory
instanceKlass java/util/concurrent/ScheduledExecutorService
instanceKlass com/zaxxer/hikari/util/UtilityElf
instanceKlass com/zaxxer/hikari/HikariPoolMXBean
instanceKlass javax/sql/DataSource
instanceKlass javax/sql/CommonDataSource
instanceKlass java/sql/DriverInfo
instanceKlass java/sql/DriverManager
instanceKlass  @bci java/util/concurrent/Executors$AutoShutdownDelegatedExecutorService <init> (Ljava/util/concurrent/ExecutorService;)V 6 <appendix> member <vmtarget> ; # java/util/concurrent/Executors$AutoShutdownDelegatedExecutorService$$Lambda+0x00000160c90746e0
instanceKlass java/util/concurrent/Executors$DelegatedExecutorService
instanceKlass  @bci com/mysql/cj/jdbc/AbandonedConnectionCleanupThread <clinit> ()V 51 <appendix> argL0 ; # com/mysql/cj/jdbc/AbandonedConnectionCleanupThread$$Lambda+0x00000160c92179d0
instanceKlass com/mysql/cj/jdbc/AbandonedConnectionCleanupThread
instanceKlass com/mysql/cj/jdbc/JdbcPropertySet
instanceKlass com/mysql/cj/conf/PropertySet
instanceKlass java/sql/Connection
instanceKlass java/sql/Wrapper
instanceKlass com/mysql/cj/jdbc/NonRegisteringDriver
instanceKlass java/sql/Driver
instanceKlass org/slf4j/helpers/NamedLoggerBase
instanceKlass org/slf4j/helpers/Util
instanceKlass org/slf4j/helpers/NOPLoggerFactory
instanceKlass org/slf4j/Logger
instanceKlass org/slf4j/helpers/SubstituteLoggerFactory
instanceKlass org/slf4j/event/LoggingEvent
instanceKlass org/slf4j/ILoggerFactory
instanceKlass org/slf4j/LoggerFactory
instanceKlass com/zaxxer/hikari/HikariConfig
instanceKlass com/zaxxer/hikari/HikariConfigMXBean
instanceKlass java/util/zip/Checksum$1
instanceKlass java/util/zip/CRC32
instanceKlass java/util/zip/Checksum
instanceKlass com/priya/neurosyncdemo/service/Db
instanceKlass com/priya/neurosyncdemo/store/UserStore
# instanceKlass java/lang/invoke/LambdaForm$MH+0x00000160c9214000
instanceKlass com/sun/javafx/geometry/BoundsUtils
instanceKlass com/sun/javafx/scene/input/KeyCodeMap
instanceKlass  @bci com/sun/javafx/tk/quantum/GlassViewEventHandler handleKeyEvent (Lcom/sun/glass/ui/View;JII[CI)V 53 <appendix> member <vmtarget> ; # com/sun/javafx/tk/quantum/GlassViewEventHandler$$Lambda+0x00000160c92126c8
instanceKlass com/sun/marlin/MaskMarlinAlphaConsumer
instanceKlass com/sun/javafx/image/impl/BaseByteToByteConverter
instanceKlass com/sun/javafx/image/impl/ByteGray$Accessor
instanceKlass com/sun/javafx/image/BytePixelAccessor
instanceKlass com/sun/javafx/image/ByteToBytePixelConverter
instanceKlass com/sun/javafx/image/PixelConverter
instanceKlass com/sun/javafx/image/BytePixelSetter
instanceKlass com/sun/javafx/image/PixelSetter
instanceKlass com/sun/javafx/image/BytePixelGetter
instanceKlass com/sun/javafx/image/impl/ByteGray
instanceKlass com/sun/prism/shader/Texture_Color_Loader
instanceKlass com/sun/marlin/ArrayCacheConst
instanceKlass com/sun/marlin/Helpers
instanceKlass com/sun/prism/impl/shape/DMarlinPrismUtils
instanceKlass com/sun/marlin/DPQSSorterContext
instanceKlass com/sun/marlin/Dasher$LengthIterator
instanceKlass com/sun/marlin/Dasher
instanceKlass com/sun/marlin/Stroker
instanceKlass com/sun/marlin/ArrayCacheIntClean$Reference
instanceKlass  @bci com/sun/marlin/OffHeapArray <init> (Ljava/lang/Object;J)V 52 <appendix> member <vmtarget> ; # com/sun/marlin/OffHeapArray$$Lambda+0x00000160c9210660
instanceKlass java/util/stream/WhileOps$DropWhileSink
instanceKlass java/util/stream/Node$Builder
instanceKlass java/util/stream/AbstractSpinedBuffer
instanceKlass java/util/stream/Node$OfDouble
instanceKlass java/util/stream/Node$OfLong
instanceKlass java/util/stream/Node$OfInt
instanceKlass java/util/stream/Node$OfPrimitive
instanceKlass java/util/stream/Nodes$EmptyNode
instanceKlass java/util/stream/Node
instanceKlass java/util/stream/Nodes
instanceKlass  @bci java/util/stream/ReferencePipeline toArray ()[Ljava/lang/Object; 1 <appendix> argL0 ; # java/util/stream/ReferencePipeline$$Lambda+0x00000160c9072f18
instanceKlass java/util/stream/SliceOps
instanceKlass java/util/stream/WhileOps$DropWhileOp
instanceKlass java/util/stream/WhileOps
instanceKlass  @bci sun/misc/Unsafe lambda$beforeMemoryAccessSlow$0 (Ljava/util/stream/Stream;)Ljava/util/List; 1 <appendix> argL0 ; # sun/misc/Unsafe$$Lambda+0x00000160c9071dc8
instanceKlass  @bci sun/misc/Unsafe beforeMemoryAccessSlow ()V 26 <appendix> argL0 ; # sun/misc/Unsafe$$Lambda+0x00000160c9071698
instanceKlass sun/misc/Unsafe$StackWalkerHolder
instanceKlass com/sun/marlin/RendererContext$RendererSharedMemory
instanceKlass com/sun/marlin/ArrayCacheInt$Reference
instanceKlass com/sun/marlin/Helpers$IndexStack
instanceKlass com/sun/marlin/TransformingPathConsumer2D$PathClipFilter
instanceKlass com/sun/marlin/TransformingPathConsumer2D$StartFlagPathConsumer2D
instanceKlass com/sun/marlin/ArrayCacheByte$Reference
instanceKlass com/sun/marlin/ArrayCacheDouble$Reference
instanceKlass com/sun/marlin/Helpers$PolyStack
instanceKlass com/sun/marlin/TransformingPathConsumer2D$ClosedPathDetector
instanceKlass com/sun/marlin/TransformingPathConsumer2D$PathTracer
instanceKlass com/sun/marlin/TransformingPathConsumer2D$DeltaTransformFilter
instanceKlass com/sun/marlin/TransformingPathConsumer2D$DeltaScaleFilter
instanceKlass com/sun/marlin/TransformingPathConsumer2D$Path2DWrapper
instanceKlass com/sun/marlin/TransformingPathConsumer2D
instanceKlass com/sun/marlin/TransformingPathConsumer2D$CurveClipSplitter
instanceKlass com/sun/marlin/TransformingPathConsumer2D$CurveBasicMonotonizer
instanceKlass com/sun/marlin/ArrayCacheByte
instanceKlass com/sun/marlin/ArrayCacheDouble
instanceKlass com/sun/marlin/ArrayCacheInt
instanceKlass com/sun/marlin/ArrayCacheIntClean
instanceKlass com/sun/marlin/PathSimplifier
instanceKlass com/sun/marlin/CollinearSimplifier
instanceKlass com/sun/marlin/Curve
instanceKlass  @bci com/sun/marlin/DMarlinRenderingEngine logSettings (Ljava/lang/String;)V 502 <appendix> form vmentry <vmtarget> ; # java/lang/invoke/LambdaForm$MH+0x00000160c9209800
instanceKlass jdk/internal/reflect/FieldAccessorImpl
instanceKlass jdk/internal/reflect/FieldAccessor
# instanceKlass java/lang/invoke/LambdaForm$MH+0x00000160c9209400
instanceKlass sun/misc/Unsafe
instanceKlass com/sun/marlin/OffHeapArray$1
instanceKlass com/sun/marlin/OffHeapArray
instanceKlass com/sun/marlin/MergeSort
instanceKlass jdk/internal/math/MathUtils
instanceKlass jdk/internal/math/ToDecimal
instanceKlass  @bci com/sun/marlin/DMarlinRenderingEngine logSettings (Ljava/lang/String;)V 272 <appendix> form vmentry <vmtarget> ; # java/lang/invoke/LambdaForm$MH+0x00000160c9209000
instanceKlass  @bci com/sun/marlin/MarlinProperties getDouble (Ljava/lang/String;DDD)D 4 <appendix> member <vmtarget> ; # com/sun/marlin/MarlinProperties$$Lambda+0x00000160c920ee48
instanceKlass com/sun/marlin/Version
instanceKlass jdk/internal/ref/CleanerImpl$InnocuousThreadFactory
instanceKlass  @bci com/sun/marlin/MarlinProperties getString (Ljava/lang/String;Ljava/lang/String;)Ljava/lang/String; 2 <appendix> member <vmtarget> ; # com/sun/marlin/MarlinProperties$$Lambda+0x00000160c920e9f8
instanceKlass com/sun/marlin/FloatMath
instanceKlass  @bci com/sun/marlin/MarlinProperties getInteger (Ljava/lang/String;III)I 1 <appendix> member <vmtarget> ; # com/sun/marlin/MarlinProperties$$Lambda+0x00000160c920e5a8
instanceKlass com/sun/marlin/MarlinUtils
instanceKlass com/sun/marlin/Renderer
instanceKlass com/sun/marlin/MarlinRenderer
instanceKlass com/sun/marlin/DPathConsumer2D
instanceKlass  @bci com/sun/marlin/DMarlinRenderingEngine <clinit> ()V 6 <appendix> argL0 ; # com/sun/marlin/DMarlinRenderingEngine$$Lambda+0x00000160c920da08
instanceKlass com/sun/util/reentrant/ReentrantContext
instanceKlass com/sun/util/reentrant/ReentrantContextProvider
instanceKlass com/sun/marlin/DMarlinRenderingEngine
instanceKlass com/sun/marlin/MarlinConst
instanceKlass  @bci com/sun/marlin/MarlinProperties getBoolean (Ljava/lang/String;Ljava/lang/String;)Z 2 <appendix> member <vmtarget> ; # com/sun/marlin/MarlinProperties$$Lambda+0x00000160c920ccf0
instanceKlass com/sun/marlin/MarlinProperties
instanceKlass com/sun/marlin/MarlinAlphaConsumer
instanceKlass com/sun/openpisces/AlphaConsumer
instanceKlass com/sun/prism/impl/shape/DMarlinRasterizer
instanceKlass com/sun/prism/impl/shape/ShapeUtil$1
instanceKlass com/sun/prism/impl/shape/ShapeRasterizer
instanceKlass com/sun/prism/impl/shape/ShapeUtil
instanceKlass com/sun/prism/impl/ps/CachingShapeRepState$CSRDisposerRecord
instanceKlass com/sun/prism/impl/ps/CachingShapeRepState$MaskTexData
instanceKlass  @bci com/sun/prism/impl/ps/CachingShapeRepState$MaskCache <clinit> ()V 0 <appendix> argL0 ; # com/sun/prism/impl/ps/CachingShapeRepState$MaskCache$$Lambda+0x00000160c92079a0
instanceKlass com/sun/prism/impl/ps/CachingShapeRepState$CacheEntry
instanceKlass com/sun/prism/impl/ps/CachingShapeRepState$MaskCache
instanceKlass com/sun/prism/impl/ps/CachingShapeRepState
instanceKlass com/sun/prism/impl/ps/CachingShapeRep
instanceKlass com/sun/javafx/geom/DirtyRegionPool$PoolItem
instanceKlass com/sun/javafx/geom/transform/TransformHelper
instanceKlass  @bci software/amazon/awssdk/core/internal/handler/BaseClientHandler getBody (Lsoftware/amazon/awssdk/http/SdkHttpFullRequest;)Lsoftware/amazon/awssdk/core/sync/RequestBody; 82 <adapter> ; # java/lang/invoke/LambdaForm$MH+0x00000160c9208c00
instanceKlass  @bci software/amazon/awssdk/core/internal/handler/BaseClientHandler getBody (Lsoftware/amazon/awssdk/http/SdkHttpFullRequest;)Lsoftware/amazon/awssdk/core/sync/RequestBody; 82 <appendix> form vmentry <vmtarget> ; # java/lang/invoke/LambdaForm$DMH+0x00000160c9208800
instanceKlass  @bci javafx/animation/Animation$1 timePulse (J)V 39 <appendix> member <vmtarget> ; # javafx/animation/Animation$1$$Lambda+0x00000160c9206598
instanceKlass  @bci com/sun/scenario/animation/AnimationPulse$PulseData <clinit> ()V 56 <appendix> argL0 ; # com/sun/scenario/animation/AnimationPulse$PulseData$$Lambda+0x00000160c9206368
instanceKlass  @bci com/sun/scenario/animation/AnimationPulse$PulseData <clinit> ()V 48 <appendix> argL0 ; # com/sun/scenario/animation/AnimationPulse$PulseData$$Lambda+0x00000160c9206138
instanceKlass  @bci com/sun/scenario/animation/AnimationPulse$PulseData <clinit> ()V 40 <appendix> argL0 ; # com/sun/scenario/animation/AnimationPulse$PulseData$$Lambda+0x00000160c9205f08
instanceKlass  @bci com/sun/scenario/animation/AnimationPulse$PulseData <clinit> ()V 32 <appendix> argL0 ; # com/sun/scenario/animation/AnimationPulse$PulseData$$Lambda+0x00000160c9205cd8
instanceKlass  @bci com/sun/scenario/animation/AnimationPulse$PulseData <clinit> ()V 24 <appendix> argL0 ; # com/sun/scenario/animation/AnimationPulse$PulseData$$Lambda+0x00000160c9205aa8
instanceKlass  @bci com/sun/scenario/animation/AnimationPulse$PulseData <clinit> ()V 16 <appendix> argL0 ; # com/sun/scenario/animation/AnimationPulse$PulseData$$Lambda+0x00000160c9205878
instanceKlass  @bci com/sun/scenario/animation/AnimationPulse$PulseData <clinit> ()V 8 <appendix> argL0 ; # com/sun/scenario/animation/AnimationPulse$PulseData$$Lambda+0x00000160c9205648
instanceKlass  @bci com/sun/scenario/animation/AnimationPulse$PulseData <clinit> ()V 0 <appendix> argL0 ; # com/sun/scenario/animation/AnimationPulse$PulseData$$Lambda+0x00000160c9205418
instanceKlass  @cpi com/sun/scenario/animation/AnimationPulse$PulseData 164 form vmentry <vmtarget> ; # java/lang/invoke/LambdaForm$DMH+0x00000160c9208400
# instanceKlass java/lang/invoke/LambdaForm$DMH+0x00000160c9208000
instanceKlass com/sun/scenario/animation/AnimationPulse$PulseData
instanceKlass com/sun/scenario/animation/AnimationPulse$PulseData$Accessor
instanceKlass java/util/concurrent/ConcurrentLinkedQueue$Node
instanceKlass com/sun/scenario/animation/AnimationPulse$AnimationPulseHolder
instanceKlass com/sun/scenario/animation/AnimationPulse
instanceKlass com/sun/scenario/animation/AnimationPulseMBean
instanceKlass javafx/scene/text/HitInfo
instanceKlass com/sun/javafx/scene/text/TextLayout$Hit
instanceKlass  @bci java/util/stream/Collectors toList ()Ljava/util/stream/Collector; 14 <appendix> argL0 ; # java/util/stream/Collectors$$Lambda+0x00000160c906fd30
instanceKlass  @bci java/util/stream/Collectors toList ()Ljava/util/stream/Collector; 9 <appendix> argL0 ; # java/util/stream/Collectors$$Lambda+0x00000160c906faf0
instanceKlass  @bci java/util/stream/Collectors toList ()Ljava/util/stream/Collector; 4 <appendix> argL0 ; # java/util/stream/Collectors$$Lambda+0x00000160c906f8c0
instanceKlass  @bci com/sun/javafx/scene/control/inputmap/InputMap lookup (Ljavafx/event/Event;Z)Ljava/util/List; 82 <appendix> argL0 ; # com/sun/javafx/scene/control/inputmap/InputMap$$Lambda+0x00000160c92042d0
instanceKlass javafx/util/Pair
instanceKlass javafx/animation/Animation$7
instanceKlass  @bci javafx/scene/Scene$ClickCounter start (DD)V 67 <appendix> member <vmtarget> ; # javafx/scene/Scene$ClickCounter$$Lambda+0x00000160c9203c50
instanceKlass com/sun/javafx/tk/TKDragSourceListener
instanceKlass javafx/scene/input/Clipboard
instanceKlass javafx/scene/Scene$DnDGesture
instanceKlass com/sun/glass/ui/win/WinClipboardDelegate
instanceKlass com/sun/glass/ui/Clipboard
instanceKlass com/sun/glass/ui/Size
instanceKlass com/sun/javafx/tk/quantum/CursorUtils$1
instanceKlass com/sun/javafx/tk/quantum/CursorUtils
instanceKlass  @bci javafx/scene/Node buildEventDispatchChain (Ljavafx/event/EventDispatchChain;)Ljavafx/event/EventDispatchChain; 9 <appendix> member <vmtarget> ; # javafx/scene/Node$$Lambda+0x00000160c9201c68
instanceKlass java/util/EnumMap$EnumMapIterator
instanceKlass com/sun/javafx/scene/input/PickResultChooser
instanceKlass com/sun/javafx/geom/PickRay
instanceKlass com/sun/javafx/scene/input/InputEventUtils
instanceKlass javafx/scene/input/PickResult
instanceKlass javafx/scene/input/MouseEvent$Flags
instanceKlass  @bci com/sun/javafx/tk/quantum/GlassViewEventHandler handleMouseEvent (Lcom/sun/glass/ui/View;JIIIIIIIZZ)V 98 <appendix> member <vmtarget> ; # com/sun/javafx/tk/quantum/GlassViewEventHandler$$Lambda+0x00000160c9200a70
instanceKlass com/sun/prism/shader/DrawRoundRect_Color_Loader
instanceKlass com/sun/prism/shader/FillPgram_Color_Loader
instanceKlass com/sun/prism/shader/FillRoundRect_LinearGradient_PAD_Loader
instanceKlass com/sun/prism/shader/Solid_TextureRGB_Loader
instanceKlass com/sun/prism/MultiTexture
instanceKlass  @bci com/sun/scenario/effect/impl/BufferUtil nativeOrder (Ljava/nio/ByteBuffer;)V 12 <appendix> argL0 ; # com/sun/scenario/effect/impl/BufferUtil$$Lambda+0x00000160c91fb6d8
instanceKlass com/sun/scenario/effect/impl/BufferUtil
# instanceKlass java/lang/invoke/LambdaForm$MH+0x00000160c91f9c00
# instanceKlass java/lang/invoke/LambdaForm$MH+0x00000160c91f9800
# instanceKlass java/lang/invoke/LambdaForm$MH+0x00000160c91f9400
instanceKlass  @bci com/sun/scenario/effect/ImageData <clinit> ()V 0 <appendix> argL0 ; # com/sun/scenario/effect/ImageData$$Lambda+0x00000160c91fa550
instanceKlass com/sun/prism/impl/packrect/Level
instanceKlass com/sun/prism/impl/shape/MaskData
instanceKlass com/sun/prism/impl/GlyphCache$GlyphData
instanceKlass com/sun/prism/shader/Solid_TextureSecondPassLCD_Loader
instanceKlass com/sun/prism/shader/Solid_TextureFirstPassLCD_Loader
instanceKlass com/sun/prism/impl/packrect/RectanglePacker
instanceKlass com/sun/prism/impl/GlyphCache
instanceKlass com/sun/javafx/font/directwrite/DWRITE_MATRIX
instanceKlass com/sun/prism/PrinterGraphics
instanceKlass com/sun/prism/shader/FillRoundRect_Color_Loader
instanceKlass com/sun/javafx/geom/transform/AffineBase$1
instanceKlass com/sun/scenario/effect/impl/prism/ps/PPSRenderer$2
instanceKlass com/sun/scenario/effect/impl/prism/ps/PPSRenderer$1
instanceKlass com/sun/scenario/effect/impl/hw/d3d/D3DShaderSource
instanceKlass com/sun/scenario/effect/impl/hw/ShaderSource
instanceKlass com/sun/scenario/effect/FloatMap
instanceKlass com/sun/scenario/effect/impl/EffectPeer
instanceKlass com/sun/prism/ResourceFactoryListener
instanceKlass com/sun/prism/d3d/D3DPipeline$1
instanceKlass com/sun/scenario/effect/impl/prism/PrTexture
instanceKlass com/sun/scenario/effect/impl/PoolFilterable
instanceKlass  @bci com/sun/scenario/effect/impl/RendererFactory createRenderer (Lcom/sun/scenario/effect/FilterContext;)Lcom/sun/scenario/effect/impl/Renderer; 1 <appendix> member <vmtarget> ; # com/sun/scenario/effect/impl/RendererFactory$$Lambda+0x00000160c91fc448
instanceKlass com/sun/scenario/effect/impl/RendererFactory
instanceKlass  @bci com/sun/scenario/effect/impl/Renderer <clinit> ()V 11 <appendix> argL0 ; # com/sun/scenario/effect/impl/Renderer$$Lambda+0x00000160c91fc000
instanceKlass com/sun/scenario/effect/impl/Renderer
instanceKlass com/sun/javafx/sg/prism/NodeEffectInput$1
instanceKlass com/sun/scenario/effect/ImageData
instanceKlass  @bci com/sun/scenario/effect/impl/state/LinearConvolveRenderState <clinit> ()V 25 <appendix> member <vmtarget> ; # com/sun/scenario/effect/impl/state/LinearConvolveRenderState$$Lambda+0x00000160c91f7188
instanceKlass  @cpi com/sun/scenario/effect/impl/state/LinearConvolveRenderState 173 form vmentry <vmtarget> ; # java/lang/invoke/LambdaForm$DMH+0x00000160c91f9000
instanceKlass  @bci com/sun/scenario/effect/impl/ImagePool <clinit> ()V 0 <appendix> argL0 ; # com/sun/scenario/effect/impl/ImagePool$$Lambda+0x00000160c91f6f58
instanceKlass com/sun/scenario/effect/impl/ImagePool
instanceKlass com/sun/scenario/effect/impl/prism/PrRenderInfo
instanceKlass com/sun/scenario/effect/ImageDataRenderer
instanceKlass com/sun/javafx/geom/transform/Affine2D$1
instanceKlass com/sun/scenario/effect/impl/prism/PrEffectHelper
instanceKlass com/sun/prism/d3d/D3DTexture$1
instanceKlass java/lang/FdLibm$Atan
instanceKlass java/lang/FdLibm$Atan2
instanceKlass com/sun/prism/impl/ps/BaseShaderContext$1
instanceKlass com/sun/prism/d3d/D3DContext$1
instanceKlass  @bci jdk/internal/reflect/DirectConstructorHandleAccessor invokeImpl ([Ljava/lang/Object;)Ljava/lang/Object; 88 <adapter> ; # java/lang/invoke/LambdaForm$MH+0x00000160c91f8c00
# instanceKlass java/lang/invoke/LambdaForm$MH+0x00000160c91f8800
# instanceKlass java/lang/invoke/LambdaForm$MH+0x00000160c91f8400
# instanceKlass java/lang/invoke/LambdaForm$MH+0x00000160c91f8000
instanceKlass com/sun/prism/shader/FillPgram_LinearGradient_PAD_Loader
instanceKlass  @bci com/sun/prism/d3d/D3DResourceFactory createStockShader (Ljava/lang/String;)Lcom/sun/prism/ps/Shader; 16 <appendix> member <vmtarget> ; # com/sun/prism/d3d/D3DResourceFactory$$Lambda+0x00000160c91f5618
instanceKlass com/sun/prism/Image$Serial
instanceKlass javafx/scene/image/PixelFormat
instanceKlass com/sun/javafx/image/PixelGetter
instanceKlass com/sun/prism/Image$Accessor
instanceKlass com/sun/prism/Image
# instanceKlass java/lang/invoke/LambdaForm$MH+0x00000160c91e8c00
# instanceKlass java/lang/invoke/LambdaForm$MH+0x00000160c91e8800
instanceKlass  @bci com/sun/prism/impl/BufferUtil nativeOrder (Ljava/nio/ByteBuffer;)V 12 <appendix> argL0 ; # com/sun/prism/impl/BufferUtil$$Lambda+0x00000160c91f3548
instanceKlass com/sun/prism/impl/BufferUtil
instanceKlass com/sun/prism/impl/ps/PaintHelper
instanceKlass com/sun/prism/paint/Stop
instanceKlass com/sun/javafx/geom/transform/Affine3D$1
instanceKlass com/sun/prism/impl/BaseGraphicsResource
instanceKlass  @bci com/sun/prism/impl/ps/BaseShaderGraphics <clinit> ()V 30 <appendix> argL0 ; # com/sun/prism/impl/ps/BaseShaderGraphics$$Lambda+0x00000160c91f1700
instanceKlass com/sun/prism/impl/Disposer$Target
instanceKlass com/sun/prism/impl/Disposer
instanceKlass com/sun/prism/impl/PrismTrace
instanceKlass com/sun/prism/d3d/D3DResource$D3DRecord
instanceKlass com/sun/prism/impl/Disposer$Record
instanceKlass com/sun/prism/impl/BaseTexture
instanceKlass com/sun/prism/d3d/D3DContextSource
instanceKlass com/sun/prism/ReadbackRenderTarget
instanceKlass com/sun/prism/d3d/D3DRenderTarget
instanceKlass com/sun/prism/impl/BaseResourcePool$WeakLinkedList
instanceKlass  @bci com/sun/prism/impl/BaseResourcePool <clinit> ()V 110 <appendix> argL0 ; # com/sun/prism/impl/BaseResourcePool$$Lambda+0x00000160c91eacf8
instanceKlass  @bci com/sun/prism/impl/BaseResourcePool <clinit> ()V 92 <appendix> argL0 ; # com/sun/prism/impl/BaseResourcePool$$Lambda+0x00000160c91eaac8
instanceKlass  @bci com/sun/prism/impl/BaseResourcePool <clinit> ()V 74 <appendix> argL0 ; # com/sun/prism/impl/BaseResourcePool$$Lambda+0x00000160c91ea898
instanceKlass  @bci com/sun/prism/impl/BaseResourcePool <clinit> ()V 56 <appendix> argL0 ; # com/sun/prism/impl/BaseResourcePool$$Lambda+0x00000160c91ea668
instanceKlass  @bci com/sun/prism/impl/BaseResourcePool <clinit> ()V 38 <appendix> argL0 ; # com/sun/prism/impl/BaseResourcePool$$Lambda+0x00000160c91ea438
instanceKlass  @bci com/sun/prism/impl/BaseResourcePool <clinit> ()V 20 <appendix> argL0 ; # com/sun/prism/impl/BaseResourcePool$$Lambda+0x00000160c91ea208
instanceKlass  @cpi software/amazon/awssdk/core/internal/interceptor/HttpChecksumValidationInterceptor 143 form vmentry <vmtarget> ; # java/lang/invoke/LambdaForm$DMH+0x00000160c91e8400
instanceKlass com/sun/prism/impl/ManagedResource
instanceKlass com/sun/prism/impl/BaseResourcePool$Predicate
instanceKlass com/sun/prism/impl/BaseResourcePool
instanceKlass  @bci com/sun/javafx/tk/quantum/PaintCollector lambda$liveRepaintRenderJob$2 (Lcom/sun/javafx/tk/quantum/QuantumToolkit;Lcom/sun/javafx/tk/quantum/ViewPainter;Ljava/util/concurrent/CountDownLatch;)Ljava/lang/Object; 7 <appendix> member <vmtarget> ; # com/sun/javafx/tk/quantum/PaintCollector$$Lambda+0x00000160c91eec70
instanceKlass  @bci com/sun/javafx/tk/quantum/PaintCollector liveRepaintRenderJob (Lcom/sun/javafx/tk/quantum/ViewScene;)V 31 <appendix> member <vmtarget> ; # com/sun/javafx/tk/quantum/PaintCollector$$Lambda+0x00000160c91eea38
instanceKlass  @bci javafx/scene/Parent computeViewOrderChildren ()V 84 <appendix> argL0 ; # javafx/scene/Parent$$Lambda+0x00000160c91edf80
instanceKlass com/sun/javafx/sg/prism/EffectFilter
instanceKlass com/sun/scenario/effect/GaussianShadow$1
instanceKlass com/sun/javafx/tk/Toolkit$1
instanceKlass com/sun/scenario/effect/impl/state/LinearConvolveRenderState
instanceKlass com/sun/scenario/effect/Color4f
instanceKlass com/sun/scenario/effect/impl/state/LinearConvolveKernel
instanceKlass com/sun/scenario/effect/impl/state/RenderState
instanceKlass  @bci com/sun/javafx/tk/quantum/ViewScene setCursor (Ljava/lang/Object;)V 7 <appendix> member <vmtarget> ; # com/sun/javafx/tk/quantum/ViewScene$$Lambda+0x00000160c91e77b8
instanceKlass com/sun/javafx/geom/Path2D$SVGParser
# instanceKlass java/lang/invoke/LambdaForm$MH+0x00000160c91e8000
instanceKlass java/lang/invoke/MethodHandle$1
instanceKlass javafx/scene/effect/Effect$2
instanceKlass javafx/scene/layout/BorderStroke
instanceKlass javafx/scene/layout/BorderStrokeStyle
instanceKlass javafx/scene/control/TextInputControl$TextInputControlFromatterAccessor
instanceKlass javafx/scene/control/TextFormatter$Change
instanceKlass com/sun/javafx/scene/traversal/TabOrderHelper
instanceKlass  @bci com/sun/javafx/tk/Toolkit runPulse (Lcom/sun/javafx/tk/TKPulseListener;Ljava/security/AccessControlContext;)V 15 <appendix> member <vmtarget> ; # com/sun/javafx/tk/Toolkit$$Lambda+0x00000160c91e3998
instanceKlass  @bci com/sun/javafx/tk/Toolkit notifyWindowListeners (Ljava/util/List;)V 74 <appendix> member <vmtarget> ; # com/sun/javafx/tk/Toolkit$$Lambda+0x00000160c91e3760
instanceKlass  @bci software/amazon/awssdk/regions/Region$RegionCache put (Ljava/lang/String;Z)Lsoftware/amazon/awssdk/regions/Region; 6 <appendix> form vmentry <vmtarget> ; # java/lang/invoke/LambdaForm$DMH+0x00000160c91e5c00
instanceKlass  @bci com/sun/javafx/tk/quantum/WindowStage setVisible (Z)V 102 <appendix> member <vmtarget> ; # com/sun/javafx/tk/quantum/WindowStage$$Lambda+0x00000160c91e3528
instanceKlass  @bci com/sun/javafx/tk/quantum/GlassViewEventHandler$ViewEventNotification run ()Ljava/lang/Void; 298 <appendix> member <vmtarget> ; # com/sun/javafx/tk/quantum/GlassViewEventHandler$ViewEventNotification$$Lambda+0x00000160c91e32f0
instanceKlass  @bci com/sun/javafx/tk/quantum/GlassWindowEventHandler handleWindowEvent (Lcom/sun/glass/ui/Window;JI)V 12 <appendix> member <vmtarget> ; # com/sun/javafx/tk/quantum/GlassWindowEventHandler$$Lambda+0x00000160c91e30b8
instanceKlass com/sun/javafx/scene/control/behavior/MnemonicInfo
instanceKlass javafx/scene/control/skin/TabPaneSkin$6
instanceKlass javafx/scene/layout/Region$12
instanceKlass com/sun/javafx/text/ScriptMapper
# instanceKlass java/lang/invoke/LambdaForm$MH+0x00000160c91e5800
# instanceKlass java/lang/invoke/LambdaForm$MH+0x00000160c91e5400
instanceKlass  @cpi software/amazon/awssdk/protocols/json/internal/unmarshall/JsonProtocolUnmarshaller 394 form vmentry <vmtarget> ; # java/lang/invoke/LambdaForm$DMH+0x00000160c91e5000
# instanceKlass java/lang/invoke/LambdaForm$MH+0x00000160c91e4c00
# instanceKlass java/lang/invoke/LambdaForm$DMH+0x00000160c91e4800
instanceKlass java/lang/invoke/ClassSpecializer$Factory$1$5$1
instanceKlass java/lang/classfile/attribute/ExceptionsAttribute
instanceKlass java/lang/invoke/ClassSpecializer$Factory$1$5
instanceKlass java/lang/invoke/ClassSpecializer$Factory$1$4
instanceKlass java/lang/invoke/ClassSpecializer$Factory$1$3
instanceKlass java/lang/invoke/ClassSpecializer$Factory$1$2
instanceKlass java/lang/invoke/ClassSpecializer$Factory$1$1Var
instanceKlass java/lang/invoke/ClassSpecializer$Factory$1$1
instanceKlass java/lang/invoke/ClassSpecializer$Factory$1
instanceKlass java/lang/invoke/MethodHandles$1
instanceKlass sun/invoke/util/ValueConversions$1
instanceKlass sun/invoke/util/ValueConversions$WrapperCache
# instanceKlass java/lang/invoke/LambdaForm$MH+0x00000160c91e4400
# instanceKlass java/lang/invoke/LambdaForm$DMH+0x00000160c91e4000
instanceKlass jdk/internal/icu/text/BidiLine
instanceKlass jdk/internal/icu/text/UTF16
instanceKlass jdk/internal/foreign/MemorySessionImpl
instanceKlass java/lang/foreign/MemorySegment$Scope
instanceKlass jdk/internal/icu/impl/Trie2$UTrie2Header
instanceKlass jdk/internal/icu/impl/Trie2$1
instanceKlass jdk/internal/icu/impl/Trie2$ValueMapper
instanceKlass jdk/internal/icu/impl/Trie2
instanceKlass jdk/internal/icu/impl/UBiDiProps$IsAcceptable
instanceKlass jdk/internal/icu/impl/ICUBinary$Authenticate
instanceKlass  @bci jdk/internal/module/SystemModuleFinders$SystemModuleReader open (Ljava/lang/String;)Ljava/util/Optional; 6 <appendix> member <vmtarget> ; # jdk/internal/module/SystemModuleFinders$SystemModuleReader$$Lambda+0x00000160c906c808
instanceKlass jdk/internal/icu/impl/ICUBinary
instanceKlass jdk/internal/icu/impl/UBiDiProps
instanceKlass jdk/internal/icu/text/BidiBase$Point
instanceKlass jdk/internal/icu/text/BidiBase$InsertPoints
instanceKlass jdk/internal/icu/text/BidiRun
instanceKlass jdk/internal/icu/text/BidiBase$ImpTabPair
instanceKlass jdk/internal/icu/text/BidiBase
instanceKlass java/text/Bidi
instanceKlass javafx/scene/Parent$5
instanceKlass javafx/scene/shape/SVGPath$1
instanceKlass com/sun/javafx/scene/shape/SVGPathHelper$SVGPathAccessor
instanceKlass  @bci javafx/scene/control/skin/ButtonSkin <init> (Ljavafx/scene/control/Button;)V 110 <appendix> member <vmtarget> ; # javafx/scene/control/skin/ButtonSkin$$Lambda+0x00000160c91df310
instanceKlass  @bci javafx/scene/control/skin/ButtonSkin <init> (Ljavafx/scene/control/Button;)V 96 <appendix> member <vmtarget> ; # javafx/scene/control/skin/ButtonSkin$$Lambda+0x00000160c91df0c8
instanceKlass  @bci javafx/scene/control/skin/ButtonSkin <init> (Ljavafx/scene/control/Button;)V 82 <appendix> member <vmtarget> ; # javafx/scene/control/skin/ButtonSkin$$Lambda+0x00000160c91dee80
instanceKlass  @bci javafx/scene/control/skin/ButtonSkin <init> (Ljavafx/scene/control/Button;)V 68 <appendix> member <vmtarget> ; # javafx/scene/control/skin/ButtonSkin$$Lambda+0x00000160c91dec38
instanceKlass  @bci com/sun/javafx/scene/control/behavior/ButtonBehavior <init> (Ljavafx/scene/control/ButtonBase;)V 225 <appendix> argL0 ; # com/sun/javafx/scene/control/behavior/ButtonBehavior$$Lambda+0x00000160c91de9d8
instanceKlass  @bci com/sun/javafx/scene/control/behavior/ButtonBehavior <init> (Ljavafx/scene/control/ButtonBase;)V 220 <appendix> member <vmtarget> ; # com/sun/javafx/scene/control/behavior/ButtonBehavior$$Lambda+0x00000160c91de7a0
instanceKlass  @bci com/sun/javafx/scene/control/behavior/ButtonBehavior <init> (Ljavafx/scene/control/ButtonBase;)V 190 <appendix> argL0 ; # com/sun/javafx/scene/control/behavior/ButtonBehavior$$Lambda+0x00000160c91de540
instanceKlass  @bci com/sun/javafx/scene/control/behavior/ButtonBehavior <init> (Ljavafx/scene/control/ButtonBase;)V 185 <appendix> member <vmtarget> ; # com/sun/javafx/scene/control/behavior/ButtonBehavior$$Lambda+0x00000160c91de308
instanceKlass  @bci com/sun/javafx/scene/control/behavior/ButtonBehavior <init> (Ljavafx/scene/control/ButtonBase;)V 155 <appendix> member <vmtarget> ; # com/sun/javafx/scene/control/behavior/ButtonBehavior$$Lambda+0x00000160c91de0d0
instanceKlass  @bci com/sun/javafx/scene/control/behavior/ButtonBehavior <init> (Ljavafx/scene/control/ButtonBase;)V 136 <appendix> member <vmtarget> ; # com/sun/javafx/scene/control/behavior/ButtonBehavior$$Lambda+0x00000160c91dde98
instanceKlass  @bci com/sun/javafx/scene/control/behavior/ButtonBehavior <init> (Ljavafx/scene/control/ButtonBase;)V 117 <appendix> member <vmtarget> ; # com/sun/javafx/scene/control/behavior/ButtonBehavior$$Lambda+0x00000160c91ddc60
instanceKlass  @bci com/sun/javafx/scene/control/behavior/ButtonBehavior <init> (Ljavafx/scene/control/ButtonBase;)V 98 <appendix> member <vmtarget> ; # com/sun/javafx/scene/control/behavior/ButtonBehavior$$Lambda+0x00000160c91dda28
instanceKlass  @bci com/sun/javafx/scene/control/behavior/ButtonBehavior <init> (Ljavafx/scene/control/ButtonBase;)V 79 <appendix> member <vmtarget> ; # com/sun/javafx/scene/control/behavior/ButtonBehavior$$Lambda+0x00000160c91dd7f0
instanceKlass  @bci com/sun/javafx/scene/control/behavior/ButtonBehavior <init> (Ljavafx/scene/control/ButtonBase;)V 57 <appendix> member <vmtarget> ; # com/sun/javafx/scene/control/behavior/ButtonBehavior$$Lambda+0x00000160c91dd5b8
instanceKlass  @bci com/sun/javafx/scene/control/behavior/FocusTraversalInputMap <clinit> ()V 321 <appendix> argL0 ; # com/sun/javafx/scene/control/behavior/FocusTraversalInputMap$$Lambda+0x00000160c91dd388
instanceKlass  @bci com/sun/javafx/scene/control/behavior/FocusTraversalInputMap <clinit> ()V 289 <appendix> argL0 ; # com/sun/javafx/scene/control/behavior/FocusTraversalInputMap$$Lambda+0x00000160c91dd158
instanceKlass  @bci com/sun/javafx/scene/control/behavior/FocusTraversalInputMap <clinit> ()V 254 <appendix> argL0 ; # com/sun/javafx/scene/control/behavior/FocusTraversalInputMap$$Lambda+0x00000160c91dcf28
instanceKlass  @bci com/sun/javafx/scene/control/behavior/FocusTraversalInputMap <clinit> ()V 219 <appendix> argL0 ; # com/sun/javafx/scene/control/behavior/FocusTraversalInputMap$$Lambda+0x00000160c91dccf8
instanceKlass  @bci com/sun/javafx/scene/control/behavior/FocusTraversalInputMap <clinit> ()V 184 <appendix> argL0 ; # com/sun/javafx/scene/control/behavior/FocusTraversalInputMap$$Lambda+0x00000160c91dcac8
instanceKlass  @bci com/sun/javafx/scene/control/behavior/FocusTraversalInputMap <clinit> ()V 149 <appendix> argL0 ; # com/sun/javafx/scene/control/behavior/FocusTraversalInputMap$$Lambda+0x00000160c91dc898
instanceKlass  @bci com/sun/javafx/scene/control/behavior/FocusTraversalInputMap <clinit> ()V 114 <appendix> argL0 ; # com/sun/javafx/scene/control/behavior/FocusTraversalInputMap$$Lambda+0x00000160c91dc668
instanceKlass  @bci com/sun/javafx/scene/control/behavior/FocusTraversalInputMap <clinit> ()V 86 <appendix> argL0 ; # com/sun/javafx/scene/control/behavior/FocusTraversalInputMap$$Lambda+0x00000160c91dc438
instanceKlass  @bci com/sun/javafx/scene/control/behavior/FocusTraversalInputMap <clinit> ()V 68 <appendix> argL0 ; # com/sun/javafx/scene/control/behavior/FocusTraversalInputMap$$Lambda+0x00000160c91dc208
instanceKlass  @bci com/sun/javafx/scene/control/behavior/FocusTraversalInputMap <clinit> ()V 50 <appendix> argL0 ; # com/sun/javafx/scene/control/behavior/FocusTraversalInputMap$$Lambda+0x00000160c91dbfd8
instanceKlass  @bci com/sun/javafx/scene/control/behavior/FocusTraversalInputMap <clinit> ()V 32 <appendix> argL0 ; # com/sun/javafx/scene/control/behavior/FocusTraversalInputMap$$Lambda+0x00000160c91dbda8
instanceKlass  @bci com/sun/javafx/scene/control/behavior/FocusTraversalInputMap <clinit> ()V 14 <appendix> argL0 ; # com/sun/javafx/scene/control/behavior/FocusTraversalInputMap$$Lambda+0x00000160c91dbb78
instanceKlass  @bci com/sun/javafx/scene/control/behavior/ButtonBehavior <init> (Ljavafx/scene/control/ButtonBase;)V 7 <appendix> member <vmtarget> ; # com/sun/javafx/scene/control/behavior/ButtonBehavior$$Lambda+0x00000160c91db940
instanceKlass  @bci javafx/scene/control/skin/ButtonSkin <init> (Ljavafx/scene/control/Button;)V 27 <appendix> member <vmtarget> ; # javafx/scene/control/skin/ButtonSkin$$Lambda+0x00000160c91db708
instanceKlass  @bci javafx/scene/control/skin/ButtonSkin <init> (Ljavafx/scene/control/Button;)V 17 <appendix> member <vmtarget> ; # javafx/scene/control/skin/ButtonSkin$$Lambda+0x00000160c91db4d0
instanceKlass  @bci javafx/scene/control/skin/ButtonSkin <init> (Ljavafx/scene/control/Button;)V 7 <appendix> member <vmtarget> ; # javafx/scene/control/skin/ButtonSkin$$Lambda+0x00000160c91db298
instanceKlass com/sun/javafx/font/directwrite/DWRITE_GLYPH_METRICS
instanceKlass com/sun/javafx/font/directwrite/DWRITE_GLYPH_RUN
instanceKlass com/sun/javafx/font/directwrite/RECT
instanceKlass com/sun/javafx/font/directwrite/D2D1_MATRIX_3X2_F
instanceKlass com/sun/javafx/font/directwrite/D2D1_COLOR_F
instanceKlass com/sun/javafx/font/directwrite/DWGlyph
instanceKlass com/sun/javafx/font/CMap
instanceKlass com/sun/javafx/font/Glyph
instanceKlass java/lang/FdLibm
instanceKlass java/lang/FdLibm$Hypot
instanceKlass com/sun/javafx/geom/Path2D$Iterator
instanceKlass com/sun/javafx/scene/shape/PathUtils
instanceKlass javafx/scene/control/skin/TextFieldSkin$8
instanceKlass javafx/scene/control/skin/TextInputControlSkin$StyleableProperties
instanceKlass javafx/scene/control/skin/TextInputControlSkin$6
instanceKlass  @bci javafx/scene/control/skin/TextFieldSkin <init> (Ljavafx/scene/control/TextField;)V 786 <appendix> member <vmtarget> ; # javafx/scene/control/skin/TextFieldSkin$$Lambda+0x00000160c91d65e8
instanceKlass  @bci javafx/scene/control/skin/TextFieldSkin <init> (Ljavafx/scene/control/TextField;)V 755 <appendix> member <vmtarget> ; # javafx/scene/control/skin/TextFieldSkin$$Lambda+0x00000160c91d63a0
instanceKlass  @bci javafx/scene/control/skin/TextFieldSkin <init> (Ljavafx/scene/control/TextField;)V 741 <appendix> member <vmtarget> ; # javafx/scene/control/skin/TextFieldSkin$$Lambda+0x00000160c91d6168
instanceKlass  @bci javafx/scene/control/skin/TextFieldSkin <init> (Ljavafx/scene/control/TextField;)V 715 <appendix> member <vmtarget> ; # javafx/scene/control/skin/TextFieldSkin$$Lambda+0x00000160c91d5b10
instanceKlass  @bci javafx/scene/control/skin/TextFieldSkin <init> (Ljavafx/scene/control/TextField;)V 688 <appendix> member <vmtarget> ; # javafx/scene/control/skin/TextFieldSkin$$Lambda+0x00000160c91d58c8
instanceKlass  @bci javafx/scene/control/skin/TextFieldSkin <init> (Ljavafx/scene/control/TextField;)V 674 <appendix> member <vmtarget> ; # javafx/scene/control/skin/TextFieldSkin$$Lambda+0x00000160c91d5680
instanceKlass  @bci javafx/scene/control/skin/TextFieldSkin <init> (Ljavafx/scene/control/TextField;)V 659 <appendix> member <vmtarget> ; # javafx/scene/control/skin/TextFieldSkin$$Lambda+0x00000160c91d5448
instanceKlass javafx/scene/shape/LineTo$1
instanceKlass com/sun/javafx/scene/shape/LineToHelper$LineToAccessor
instanceKlass com/sun/javafx/util/WeakReferenceQueue$1
instanceKlass javafx/scene/shape/MoveTo$1
instanceKlass com/sun/javafx/scene/shape/PathElementHelper
instanceKlass javafx/scene/shape/PathElement$1
instanceKlass com/sun/javafx/scene/shape/MoveToHelper$MoveToAccessor
instanceKlass com/sun/javafx/scene/shape/PathElementHelper$PathElementAccessor
instanceKlass javafx/scene/text/Text$10
instanceKlass com/sun/javafx/text/TextLine
instanceKlass com/sun/javafx/font/PrismMetrics
instanceKlass com/sun/javafx/text/LayoutCache
instanceKlass com/sun/javafx/text/TextRun
instanceKlass javafx/scene/shape/Shape$StrokeAttributes
instanceKlass  @bci javafx/scene/control/skin/TextFieldSkin <init> (Ljavafx/scene/control/TextField;)V 566 <appendix> member <vmtarget> ; # javafx/scene/control/skin/TextFieldSkin$$Lambda+0x00000160c91cba20
instanceKlass javafx/beans/binding/Bindings$ShortCircuitAndInvalidator
instanceKlass javafx/beans/value/ObservableLongValue
instanceKlass javafx/beans/value/ObservableFloatValue
instanceKlass javafx/beans/binding/Bindings
instanceKlass  @bci com/sun/javafx/scene/control/LambdaMultiplePropertyChangeListenerHandler registerInvalidationListener (Ljavafx/beans/Observable;Ljava/util/function/Consumer;)V 38 <appendix> argL0 ; # com/sun/javafx/scene/control/LambdaMultiplePropertyChangeListenerHandler$$Lambda+0x00000160c91a60a8
instanceKlass  @bci javafx/scene/control/skin/TextFieldSkin <init> (Ljavafx/scene/control/TextField;)V 477 <appendix> member <vmtarget> ; # javafx/scene/control/skin/TextFieldSkin$$Lambda+0x00000160c91a5e60
instanceKlass javafx/scene/Group$1
instanceKlass com/sun/javafx/scene/GroupHelper$GroupAccessor
instanceKlass  @bci javafx/scene/control/skin/TextFieldSkin <init> (Ljavafx/scene/control/TextField;)V 136 <appendix> member <vmtarget> ; # javafx/scene/control/skin/TextFieldSkin$$Lambda+0x00000160c919fa30
instanceKlass  @bci javafx/scene/control/skin/TextFieldSkin <init> (Ljavafx/scene/control/TextField;)V 122 <appendix> member <vmtarget> ; # javafx/scene/control/skin/TextFieldSkin$$Lambda+0x00000160c919f7e8
instanceKlass  @bci com/sun/javafx/scene/control/behavior/TextFieldBehavior <init> (Ljavafx/scene/control/TextField;)V 94 <appendix> member <vmtarget> ; # com/sun/javafx/scene/control/behavior/TextFieldBehavior$$Lambda+0x00000160c919f5b0
instanceKlass  @bci com/sun/javafx/scene/control/behavior/TextFieldBehavior <init> (Ljavafx/scene/control/TextField;)V 69 <appendix> member <vmtarget> ; # com/sun/javafx/scene/control/behavior/TextFieldBehavior$$Lambda+0x00000160c919f378
instanceKlass  @cpi javafx/scene/chart/NumberAxis$DefaultFormatter 129 form vmentry <vmtarget> ; # java/lang/invoke/LambdaForm$DMH+0x00000160c91a0000
instanceKlass  @bci com/sun/javafx/scene/control/behavior/TextFieldBehavior <init> (Ljavafx/scene/control/TextField;)V 43 <appendix> member <vmtarget> ; # com/sun/javafx/scene/control/behavior/TextFieldBehavior$$Lambda+0x00000160c919f140
instanceKlass com/sun/javafx/scene/control/behavior/TextInputControlBehavior$2
instanceKlass  @bci com/sun/javafx/scene/control/behavior/TextInputControlBehavior <init> (Ljavafx/scene/control/TextInputControl;)V 2061 <appendix> member <vmtarget> ; # com/sun/javafx/scene/control/behavior/TextInputControlBehavior$$Lambda+0x00000160c919ecf0
instanceKlass  @bci com/sun/javafx/scene/control/behavior/TextInputControlBehavior <init> (Ljavafx/scene/control/TextInputControl;)V 2031 <appendix> member <vmtarget> ; # com/sun/javafx/scene/control/behavior/TextInputControlBehavior$$Lambda+0x00000160c919eab8
instanceKlass  @bci com/sun/javafx/scene/control/behavior/TextInputControlBehavior <init> (Ljavafx/scene/control/TextInputControl;)V 1999 <appendix> member <vmtarget> ; # com/sun/javafx/scene/control/behavior/TextInputControlBehavior$$Lambda+0x00000160c919e880
instanceKlass  @bci com/sun/javafx/scene/control/behavior/TextInputControlBehavior <init> (Ljavafx/scene/control/TextInputControl;)V 1968 <appendix> member <vmtarget> ; # com/sun/javafx/scene/control/behavior/TextInputControlBehavior$$Lambda+0x00000160c919e648
instanceKlass  @bci com/sun/javafx/scene/control/behavior/TextInputControlBehavior <init> (Ljavafx/scene/control/TextInputControl;)V 1941 <appendix> member <vmtarget> ; # com/sun/javafx/scene/control/behavior/TextInputControlBehavior$$Lambda+0x00000160c919e410
instanceKlass  @bci com/sun/javafx/scene/control/behavior/TextInputControlBehavior <init> (Ljavafx/scene/control/TextInputControl;)V 1914 <appendix> member <vmtarget> ; # com/sun/javafx/scene/control/behavior/TextInputControlBehavior$$Lambda+0x00000160c919e1d8
instanceKlass  @bci com/sun/javafx/scene/control/behavior/TextInputControlBehavior <init> (Ljavafx/scene/control/TextInputControl;)V 1887 <appendix> member <vmtarget> ; # com/sun/javafx/scene/control/behavior/TextInputControlBehavior$$Lambda+0x00000160c919dfa0
instanceKlass  @bci com/sun/javafx/scene/control/behavior/TextInputControlBehavior <init> (Ljavafx/scene/control/TextInputControl;)V 1861 <appendix> member <vmtarget> ; # com/sun/javafx/scene/control/behavior/TextInputControlBehavior$$Lambda+0x00000160c919dd68
instanceKlass  @bci com/sun/javafx/scene/control/behavior/TextInputControlBehavior <init> (Ljavafx/scene/control/TextInputControl;)V 1835 <appendix> member <vmtarget> ; # com/sun/javafx/scene/control/behavior/TextInputControlBehavior$$Lambda+0x00000160c919db30
instanceKlass  @bci com/sun/javafx/scene/control/behavior/TextInputControlBehavior <init> (Ljavafx/scene/control/TextInputControl;)V 1809 <appendix> member <vmtarget> ; # com/sun/javafx/scene/control/behavior/TextInputControlBehavior$$Lambda+0x00000160c919d8f8
instanceKlass  @bci com/sun/javafx/scene/control/behavior/TextInputControlBehavior <init> (Ljavafx/scene/control/TextInputControl;)V 1783 <appendix> member <vmtarget> ; # com/sun/javafx/scene/control/behavior/TextInputControlBehavior$$Lambda+0x00000160c919d6c0
instanceKlass  @bci com/sun/javafx/scene/control/behavior/TextInputControlBehavior <init> (Ljavafx/scene/control/TextInputControl;)V 1757 <appendix> member <vmtarget> ; # com/sun/javafx/scene/control/behavior/TextInputControlBehavior$$Lambda+0x00000160c919d488
instanceKlass  @bci com/sun/javafx/scene/control/behavior/TextInputControlBehavior <init> (Ljavafx/scene/control/TextInputControl;)V 1722 <appendix> argL0 ; # com/sun/javafx/scene/control/behavior/TextInputControlBehavior$$Lambda+0x00000160c919d228
instanceKlass  @bci com/sun/javafx/scene/control/behavior/BehaviorBase addDefaultChildMap (Lcom/sun/javafx/scene/control/inputmap/InputMap;Lcom/sun/javafx/scene/control/inputmap/InputMap;)V 17 <appendix> member <vmtarget> ; # com/sun/javafx/scene/control/behavior/BehaviorBase$$Lambda+0x00000160c919cff0
instanceKlass  @bci com/sun/javafx/scene/control/inputmap/InputMap reprocessAllMappings ()V 14 <appendix> member <vmtarget> ; # com/sun/javafx/scene/control/inputmap/InputMap$$Lambda+0x00000160c919cda8
instanceKlass  @bci com/sun/javafx/scene/control/behavior/TextInputControlBehavior <init> (Ljavafx/scene/control/TextInputControl;)V 1685 <appendix> member <vmtarget> ; # com/sun/javafx/scene/control/behavior/TextInputControlBehavior$$Lambda+0x00000160c919cb70
instanceKlass  @bci com/sun/javafx/scene/control/behavior/TextInputControlBehavior <init> (Ljavafx/scene/control/TextInputControl;)V 1655 <appendix> member <vmtarget> ; # com/sun/javafx/scene/control/behavior/TextInputControlBehavior$$Lambda+0x00000160c919c938
instanceKlass  @bci com/sun/javafx/scene/control/behavior/TextInputControlBehavior <init> (Ljavafx/scene/control/TextInputControl;)V 1625 <appendix> member <vmtarget> ; # com/sun/javafx/scene/control/behavior/TextInputControlBehavior$$Lambda+0x00000160c919c700
instanceKlass  @bci com/sun/javafx/scene/control/behavior/TextInputControlBehavior <init> (Ljavafx/scene/control/TextInputControl;)V 1595 <appendix> member <vmtarget> ; # com/sun/javafx/scene/control/behavior/TextInputControlBehavior$$Lambda+0x00000160c919c4c8
instanceKlass  @bci com/sun/javafx/scene/control/behavior/TextInputControlBehavior <init> (Ljavafx/scene/control/TextInputControl;)V 1565 <appendix> member <vmtarget> ; # com/sun/javafx/scene/control/behavior/TextInputControlBehavior$$Lambda+0x00000160c919c290
instanceKlass  @bci com/sun/javafx/scene/control/behavior/TextInputControlBehavior <init> (Ljavafx/scene/control/TextInputControl;)V 1535 <appendix> member <vmtarget> ; # com/sun/javafx/scene/control/behavior/TextInputControlBehavior$$Lambda+0x00000160c919c058
instanceKlass  @bci com/sun/javafx/scene/control/behavior/TextInputControlBehavior <init> (Ljavafx/scene/control/TextInputControl;)V 1508 <appendix> member <vmtarget> ; # com/sun/javafx/scene/control/behavior/TextInputControlBehavior$$Lambda+0x00000160c919be20
instanceKlass  @bci com/sun/javafx/scene/control/behavior/TextInputControlBehavior <init> (Ljavafx/scene/control/TextInputControl;)V 1481 <appendix> member <vmtarget> ; # com/sun/javafx/scene/control/behavior/TextInputControlBehavior$$Lambda+0x00000160c919bbe8
instanceKlass  @bci com/sun/javafx/scene/control/behavior/TextInputControlBehavior <init> (Ljavafx/scene/control/TextInputControl;)V 1454 <appendix> member <vmtarget> ; # com/sun/javafx/scene/control/behavior/TextInputControlBehavior$$Lambda+0x00000160c919b9b0
instanceKlass  @bci com/sun/javafx/scene/control/behavior/TextInputControlBehavior <init> (Ljavafx/scene/control/TextInputControl;)V 1428 <appendix> member <vmtarget> ; # com/sun/javafx/scene/control/behavior/TextInputControlBehavior$$Lambda+0x00000160c919b778
instanceKlass  @bci com/sun/javafx/scene/control/behavior/TextInputControlBehavior <init> (Ljavafx/scene/control/TextInputControl;)V 1402 <appendix> member <vmtarget> ; # com/sun/javafx/scene/control/behavior/TextInputControlBehavior$$Lambda+0x00000160c919b540
instanceKlass  @bci com/sun/javafx/scene/control/behavior/TextInputControlBehavior <init> (Ljavafx/scene/control/TextInputControl;)V 1376 <appendix> member <vmtarget> ; # com/sun/javafx/scene/control/behavior/TextInputControlBehavior$$Lambda+0x00000160c919b308
instanceKlass  @bci com/sun/javafx/scene/control/behavior/TextInputControlBehavior <init> (Ljavafx/scene/control/TextInputControl;)V 1350 <appendix> member <vmtarget> ; # com/sun/javafx/scene/control/behavior/TextInputControlBehavior$$Lambda+0x00000160c919b0d0
instanceKlass  @bci com/sun/javafx/scene/control/behavior/TextInputControlBehavior <init> (Ljavafx/scene/control/TextInputControl;)V 1324 <appendix> member <vmtarget> ; # com/sun/javafx/scene/control/behavior/TextInputControlBehavior$$Lambda+0x00000160c919ae98
instanceKlass  @bci com/sun/javafx/scene/control/behavior/TextInputControlBehavior <init> (Ljavafx/scene/control/TextInputControl;)V 1289 <appendix> argL0 ; # com/sun/javafx/scene/control/behavior/TextInputControlBehavior$$Lambda+0x00000160c919ac38
instanceKlass  @bci com/sun/javafx/scene/control/behavior/TextInputControlBehavior <init> (Ljavafx/scene/control/TextInputControl;)V 1247 <appendix> member <vmtarget> ; # com/sun/javafx/scene/control/behavior/TextInputControlBehavior$$Lambda+0x00000160c919aa00
instanceKlass  @bci com/sun/javafx/scene/control/behavior/TextInputControlBehavior <init> (Ljavafx/scene/control/TextInputControl;)V 1226 <appendix> member <vmtarget> ; # com/sun/javafx/scene/control/behavior/TextInputControlBehavior$$Lambda+0x00000160c919a598
instanceKlass  @bci com/sun/javafx/scene/control/behavior/TextInputControlBehavior <init> (Ljavafx/scene/control/TextInputControl;)V 1206 <appendix> member <vmtarget> ; # com/sun/javafx/scene/control/behavior/TextInputControlBehavior$$Lambda+0x00000160c919a360
instanceKlass  @bci com/sun/javafx/scene/control/behavior/TextInputControlBehavior <init> (Ljavafx/scene/control/TextInputControl;)V 1186 <appendix> member <vmtarget> ; # com/sun/javafx/scene/control/behavior/TextInputControlBehavior$$Lambda+0x00000160c919a128
instanceKlass  @bci com/sun/javafx/scene/control/behavior/TextInputControlBehavior <init> (Ljavafx/scene/control/TextInputControl;)V 1166 <appendix> argL0 ; # com/sun/javafx/scene/control/behavior/TextInputControlBehavior$$Lambda+0x00000160c9199ec8
instanceKlass  @bci com/sun/javafx/scene/control/behavior/TextInputControlBehavior <init> (Ljavafx/scene/control/TextInputControl;)V 1161 <appendix> member <vmtarget> ; # com/sun/javafx/scene/control/behavior/TextInputControlBehavior$$Lambda+0x00000160c9199c90
instanceKlass  @bci com/sun/javafx/scene/control/behavior/TextInputControlBehavior <init> (Ljavafx/scene/control/TextInputControl;)V 1125 <appendix> argL0 ; # com/sun/javafx/scene/control/behavior/TextInputControlBehavior$$Lambda+0x00000160c9199a60
instanceKlass  @bci com/sun/javafx/scene/control/behavior/TextInputControlBehavior <init> (Ljavafx/scene/control/TextInputControl;)V 1095 <appendix> member <vmtarget> ; # com/sun/javafx/scene/control/behavior/TextInputControlBehavior$$Lambda+0x00000160c9199828
instanceKlass  @bci com/sun/javafx/scene/control/behavior/TextInputControlBehavior <init> (Ljavafx/scene/control/TextInputControl;)V 1046 <appendix> member <vmtarget> ; # com/sun/javafx/scene/control/behavior/TextInputControlBehavior$$Lambda+0x00000160c91995f0
instanceKlass  @bci com/sun/javafx/scene/control/behavior/TextInputControlBehavior <init> (Ljavafx/scene/control/TextInputControl;)V 1016 <appendix> member <vmtarget> ; # com/sun/javafx/scene/control/behavior/TextInputControlBehavior$$Lambda+0x00000160c91993b8
instanceKlass  @bci com/sun/javafx/scene/control/behavior/TextInputControlBehavior <init> (Ljavafx/scene/control/TextInputControl;)V 996 <appendix> argL0 ; # com/sun/javafx/scene/control/behavior/TextInputControlBehavior$$Lambda+0x00000160c9199188
instanceKlass  @bci com/sun/javafx/scene/control/behavior/TextInputControlBehavior <init> (Ljavafx/scene/control/TextInputControl;)V 964 <appendix> argL0 ; # com/sun/javafx/scene/control/behavior/TextInputControlBehavior$$Lambda+0x00000160c9198f58
instanceKlass  @bci com/sun/javafx/scene/control/behavior/TextInputControlBehavior <init> (Ljavafx/scene/control/TextInputControl;)V 935 <appendix> argL0 ; # com/sun/javafx/scene/control/behavior/TextInputControlBehavior$$Lambda+0x00000160c9198d28
instanceKlass  @bci com/sun/javafx/scene/control/behavior/TextInputControlBehavior <init> (Ljavafx/scene/control/TextInputControl;)V 906 <appendix> argL0 ; # com/sun/javafx/scene/control/behavior/TextInputControlBehavior$$Lambda+0x00000160c9198af8
instanceKlass com/sun/javafx/scene/control/behavior/FocusTraversalInputMap
instanceKlass  @bci com/sun/javafx/scene/control/behavior/TextInputControlBehavior <init> (Ljavafx/scene/control/TextInputControl;)V 880 <appendix> member <vmtarget> ; # com/sun/javafx/scene/control/behavior/TextInputControlBehavior$$Lambda+0x00000160c91986a8
instanceKlass  @bci com/sun/javafx/scene/control/behavior/TextInputControlBehavior <init> (Ljavafx/scene/control/TextInputControl;)V 853 <appendix> member <vmtarget> ; # com/sun/javafx/scene/control/behavior/TextInputControlBehavior$$Lambda+0x00000160c9198470
instanceKlass  @bci com/sun/javafx/scene/control/behavior/TextInputControlBehavior <init> (Ljavafx/scene/control/TextInputControl;)V 823 <appendix> member <vmtarget> ; # com/sun/javafx/scene/control/behavior/TextInputControlBehavior$$Lambda+0x00000160c9198238
instanceKlass  @bci com/sun/javafx/scene/control/behavior/TextInputControlBehavior <init> (Ljavafx/scene/control/TextInputControl;)V 793 <appendix> member <vmtarget> ; # com/sun/javafx/scene/control/behavior/TextInputControlBehavior$$Lambda+0x00000160c9198000
instanceKlass  @bci com/sun/javafx/scene/control/behavior/TextInputControlBehavior <init> (Ljavafx/scene/control/TextInputControl;)V 766 <appendix> member <vmtarget> ; # com/sun/javafx/scene/control/behavior/TextInputControlBehavior$$Lambda+0x00000160c9197c78
instanceKlass  @bci com/sun/javafx/scene/control/behavior/TextInputControlBehavior <init> (Ljavafx/scene/control/TextInputControl;)V 739 <appendix> member <vmtarget> ; # com/sun/javafx/scene/control/behavior/TextInputControlBehavior$$Lambda+0x00000160c9197a40
instanceKlass  @bci com/sun/javafx/scene/control/behavior/TextInputControlBehavior <init> (Ljavafx/scene/control/TextInputControl;)V 712 <appendix> member <vmtarget> ; # com/sun/javafx/scene/control/behavior/TextInputControlBehavior$$Lambda+0x00000160c9197808
instanceKlass  @bci com/sun/javafx/scene/control/behavior/TextInputControlBehavior <init> (Ljavafx/scene/control/TextInputControl;)V 684 <appendix> member <vmtarget> ; # com/sun/javafx/scene/control/behavior/TextInputControlBehavior$$Lambda+0x00000160c91975d0
instanceKlass  @bci com/sun/javafx/scene/control/behavior/TextInputControlBehavior <init> (Ljavafx/scene/control/TextInputControl;)V 656 <appendix> member <vmtarget> ; # com/sun/javafx/scene/control/behavior/TextInputControlBehavior$$Lambda+0x00000160c9197398
instanceKlass  @bci com/sun/javafx/scene/control/behavior/TextInputControlBehavior <init> (Ljavafx/scene/control/TextInputControl;)V 631 <appendix> member <vmtarget> ; # com/sun/javafx/scene/control/behavior/TextInputControlBehavior$$Lambda+0x00000160c9197160
instanceKlass  @bci com/sun/javafx/scene/control/behavior/TextInputControlBehavior <init> (Ljavafx/scene/control/TextInputControl;)V 604 <appendix> member <vmtarget> ; # com/sun/javafx/scene/control/behavior/TextInputControlBehavior$$Lambda+0x00000160c9196f28
instanceKlass  @bci com/sun/javafx/scene/control/behavior/TextInputControlBehavior <init> (Ljavafx/scene/control/TextInputControl;)V 587 <appendix> member <vmtarget> ; # com/sun/javafx/scene/control/behavior/TextInputControlBehavior$$Lambda+0x00000160c9196cf0
instanceKlass  @bci com/sun/javafx/scene/control/behavior/TextInputControlBehavior <init> (Ljavafx/scene/control/TextInputControl;)V 560 <appendix> member <vmtarget> ; # com/sun/javafx/scene/control/behavior/TextInputControlBehavior$$Lambda+0x00000160c9196ab8
instanceKlass  @bci com/sun/javafx/scene/control/behavior/TextInputControlBehavior <init> (Ljavafx/scene/control/TextInputControl;)V 532 <appendix> member <vmtarget> ; # com/sun/javafx/scene/control/behavior/TextInputControlBehavior$$Lambda+0x00000160c9196880
instanceKlass  @bci com/sun/javafx/scene/control/behavior/TextInputControlBehavior <init> (Ljavafx/scene/control/TextInputControl;)V 507 <appendix> member <vmtarget> ; # com/sun/javafx/scene/control/behavior/TextInputControlBehavior$$Lambda+0x00000160c9196648
instanceKlass  @bci com/sun/javafx/scene/control/behavior/TextInputControlBehavior <init> (Ljavafx/scene/control/TextInputControl;)V 479 <appendix> member <vmtarget> ; # com/sun/javafx/scene/control/behavior/TextInputControlBehavior$$Lambda+0x00000160c9196410
instanceKlass  @bci com/sun/javafx/scene/control/behavior/TextInputControlBehavior <init> (Ljavafx/scene/control/TextInputControl;)V 454 <appendix> member <vmtarget> ; # com/sun/javafx/scene/control/behavior/TextInputControlBehavior$$Lambda+0x00000160c91961d8
instanceKlass  @bci com/sun/javafx/scene/control/behavior/TextInputControlBehavior <init> (Ljavafx/scene/control/TextInputControl;)V 426 <appendix> member <vmtarget> ; # com/sun/javafx/scene/control/behavior/TextInputControlBehavior$$Lambda+0x00000160c9195fa0
instanceKlass  @bci com/sun/javafx/scene/control/behavior/TextInputControlBehavior <init> (Ljavafx/scene/control/TextInputControl;)V 402 <appendix> member <vmtarget> ; # com/sun/javafx/scene/control/behavior/TextInputControlBehavior$$Lambda+0x00000160c9195d68
instanceKlass  @bci com/sun/javafx/scene/control/behavior/TextInputControlBehavior <init> (Ljavafx/scene/control/TextInputControl;)V 375 <appendix> member <vmtarget> ; # com/sun/javafx/scene/control/behavior/TextInputControlBehavior$$Lambda+0x00000160c9195b30
instanceKlass com/sun/javafx/scene/control/inputmap/KeyBinding$1
instanceKlass  @bci com/sun/javafx/scene/control/behavior/TextInputControlBehavior <init> (Ljavafx/scene/control/TextInputControl;)V 345 <appendix> member <vmtarget> ; # com/sun/javafx/scene/control/behavior/TextInputControlBehavior$$Lambda+0x00000160c91956e0
instanceKlass  @bci com/sun/javafx/scene/control/behavior/TextInputControlBehavior <init> (Ljavafx/scene/control/TextInputControl;)V 328 <appendix> member <vmtarget> ; # com/sun/javafx/scene/control/behavior/TextInputControlBehavior$$Lambda+0x00000160c91954a8
instanceKlass  @bci com/sun/javafx/scene/control/behavior/TextInputControlBehavior <init> (Ljavafx/scene/control/TextInputControl;)V 312 <appendix> member <vmtarget> ; # com/sun/javafx/scene/control/behavior/TextInputControlBehavior$$Lambda+0x00000160c9195270
instanceKlass  @bci com/sun/javafx/scene/control/behavior/TextInputControlBehavior <init> (Ljavafx/scene/control/TextInputControl;)V 296 <appendix> member <vmtarget> ; # com/sun/javafx/scene/control/behavior/TextInputControlBehavior$$Lambda+0x00000160c9195038
instanceKlass  @bci com/sun/javafx/scene/control/behavior/TextInputControlBehavior <init> (Ljavafx/scene/control/TextInputControl;)V 280 <appendix> member <vmtarget> ; # com/sun/javafx/scene/control/behavior/TextInputControlBehavior$$Lambda+0x00000160c9194e00
instanceKlass  @bci com/sun/javafx/scene/control/behavior/TextInputControlBehavior <init> (Ljavafx/scene/control/TextInputControl;)V 264 <appendix> member <vmtarget> ; # com/sun/javafx/scene/control/behavior/TextInputControlBehavior$$Lambda+0x00000160c9194bc8
instanceKlass  @bci com/sun/javafx/scene/control/behavior/TextInputControlBehavior keyMapping (Lcom/sun/javafx/scene/control/inputmap/KeyBinding;Ljavafx/event/EventHandler;Ljava/util/function/Predicate;)Lcom/sun/javafx/scene/control/inputmap/InputMap$KeyMapping; 7 <appendix> member <vmtarget> ; # com/sun/javafx/scene/control/behavior/TextInputControlBehavior$$Lambda+0x00000160c9194990
instanceKlass  @bci com/sun/javafx/scene/control/behavior/TextInputControlBehavior <init> (Ljavafx/scene/control/TextInputControl;)V 248 <appendix> member <vmtarget> ; # com/sun/javafx/scene/control/behavior/TextInputControlBehavior$$Lambda+0x00000160c9194758
instanceKlass  @bci com/sun/javafx/scene/control/behavior/TextInputControlBehavior <init> (Ljavafx/scene/control/TextInputControl;)V 224 <appendix> argL0 ; # com/sun/javafx/scene/control/behavior/TextInputControlBehavior$$Lambda+0x00000160c91944f8
instanceKlass  @bci com/sun/javafx/scene/control/behavior/TextInputControlBehavior <init> (Ljavafx/scene/control/TextInputControl;)V 218 <appendix> argL0 ; # com/sun/javafx/scene/control/behavior/TextInputControlBehavior$$Lambda+0x00000160c9194298
instanceKlass  @bci com/sun/javafx/scene/control/behavior/TextInputControlBehavior <init> (Ljavafx/scene/control/TextInputControl;)V 212 <appendix> member <vmtarget> ; # com/sun/javafx/scene/control/behavior/TextInputControlBehavior$$Lambda+0x00000160c9194030
instanceKlass  @bci com/sun/javafx/scene/control/behavior/TextInputControlBehavior <init> (Ljavafx/scene/control/TextInputControl;)V 176 <appendix> member <vmtarget> ; # com/sun/javafx/scene/control/behavior/TextInputControlBehavior$$Lambda+0x00000160c9192340
instanceKlass  @bci com/sun/javafx/scene/control/behavior/TextInputControlBehavior <init> (Ljavafx/scene/control/TextInputControl;)V 157 <appendix> member <vmtarget> ; # com/sun/javafx/scene/control/behavior/TextInputControlBehavior$$Lambda+0x00000160c9192108
instanceKlass  @bci com/sun/javafx/scene/control/behavior/TextInputControlBehavior <init> (Ljavafx/scene/control/TextInputControl;)V 138 <appendix> member <vmtarget> ; # com/sun/javafx/scene/control/behavior/TextInputControlBehavior$$Lambda+0x00000160c9191ed0
instanceKlass  @bci com/sun/javafx/scene/control/behavior/TextInputControlBehavior <init> (Ljavafx/scene/control/TextInputControl;)V 119 <appendix> member <vmtarget> ; # com/sun/javafx/scene/control/behavior/TextInputControlBehavior$$Lambda+0x00000160c9191c98
instanceKlass  @bci com/sun/javafx/scene/control/behavior/TextInputControlBehavior <init> (Ljavafx/scene/control/TextInputControl;)V 100 <appendix> member <vmtarget> ; # com/sun/javafx/scene/control/behavior/TextInputControlBehavior$$Lambda+0x00000160c9191a60
instanceKlass  @bci com/sun/javafx/scene/control/behavior/TextInputControlBehavior <init> (Ljavafx/scene/control/TextInputControl;)V 81 <appendix> member <vmtarget> ; # com/sun/javafx/scene/control/behavior/TextInputControlBehavior$$Lambda+0x00000160c9191828
instanceKlass  @bci com/sun/javafx/scene/control/behavior/TextInputControlBehavior <init> (Ljavafx/scene/control/TextInputControl;)V 62 <appendix> member <vmtarget> ; # com/sun/javafx/scene/control/behavior/TextInputControlBehavior$$Lambda+0x00000160c91915f0
instanceKlass  @bci com/sun/javafx/scene/control/behavior/TextInputControlBehavior <init> (Ljavafx/scene/control/TextInputControl;)V 43 <appendix> member <vmtarget> ; # com/sun/javafx/scene/control/behavior/TextInputControlBehavior$$Lambda+0x00000160c91913b8
instanceKlass  @bci com/sun/javafx/scene/control/behavior/TextInputControlBehavior <init> (Ljavafx/scene/control/TextInputControl;)V 7 <appendix> member <vmtarget> ; # com/sun/javafx/scene/control/behavior/TextInputControlBehavior$$Lambda+0x00000160c9191180
instanceKlass  @bci javafx/scene/control/skin/TextInputControlSkin <init> (Ljavafx/scene/control/TextInputControl;)V 59 <appendix> member <vmtarget> ; # javafx/scene/control/skin/TextInputControlSkin$$Lambda+0x00000160c918f9f8
instanceKlass javafx/scene/shape/Path$1
instanceKlass com/sun/javafx/scene/shape/PathHelper$PathAccessor
instanceKlass  @bci javafx/scene/control/skin/TextInputControlSkin$CaretBlinking <init> (Ljavafx/beans/property/BooleanProperty;)V 82 <appendix> member <vmtarget> ; # javafx/scene/control/skin/TextInputControlSkin$CaretBlinking$$Lambda+0x00000160c918e020
instanceKlass javafx/animation/KeyValue
instanceKlass  @bci javafx/scene/control/skin/TextInputControlSkin$CaretBlinking <init> (Ljavafx/beans/property/BooleanProperty;)V 56 <appendix> member <vmtarget> ; # javafx/scene/control/skin/TextInputControlSkin$CaretBlinking$$Lambda+0x00000160c918d9c0
instanceKlass com/sun/scenario/animation/shared/InterpolationInterval
instanceKlass com/sun/scenario/animation/shared/ClipInterpolator
instanceKlass  @bci com/sun/scenario/animation/shared/TimelineClipCore <clinit> ()V 0 <appendix> argL0 ; # com/sun/scenario/animation/shared/TimelineClipCore$$Lambda+0x00000160c918cc60
instanceKlass javafx/animation/KeyFrame
instanceKlass com/sun/scenario/animation/shared/TimelineClipCore
instanceKlass javafx/scene/control/skin/TextInputControlSkin$CaretBlinking
instanceKlass  @bci javafx/scene/control/skin/TextInputControlSkin <clinit> ()V 4 <appendix> argL0 ; # javafx/scene/control/skin/TextInputControlSkin$$Lambda+0x00000160c918b7a0
instanceKlass com/sun/javafx/cursor/CursorFrame
instanceKlass javafx/scene/Cursor
instanceKlass javafx/scene/control/skin/TabPaneSkin$StyleableProperties
instanceKlass javafx/scene/layout/VBox$StyleableProperties
instanceKlass com/sun/javafx/scene/control/Properties
instanceKlass  @bci javafx/scene/control/skin/TabPaneSkin <init> (Ljavafx/scene/control/TabPane;)V 380 <appendix> member <vmtarget> ; # javafx/scene/control/skin/TabPaneSkin$$Lambda+0x00000160c91867e8
instanceKlass  @bci javafx/scene/control/skin/TabPaneSkin <init> (Ljavafx/scene/control/TabPane;)V 366 <appendix> member <vmtarget> ; # javafx/scene/control/skin/TabPaneSkin$$Lambda+0x00000160c91865a0
instanceKlass  @bci javafx/scene/control/skin/TabPaneSkin <init> (Ljavafx/scene/control/TabPane;)V 352 <appendix> member <vmtarget> ; # javafx/scene/control/skin/TabPaneSkin$$Lambda+0x00000160c9186358
instanceKlass  @bci javafx/scene/control/skin/TabPaneSkin <init> (Ljavafx/scene/control/TabPane;)V 338 <appendix> member <vmtarget> ; # javafx/scene/control/skin/TabPaneSkin$$Lambda+0x00000160c9186110
instanceKlass  @bci javafx/scene/control/skin/TabPaneSkin initializeTabListener ()V 2 <appendix> member <vmtarget> ; # javafx/scene/control/skin/TabPaneSkin$$Lambda+0x00000160c9185ed8
instanceKlass javafx/scene/layout/StackPane$StyleableProperties
instanceKlass  @bci javafx/scene/control/skin/TabPaneSkin$TabHeaderArea <init> (Ljavafx/scene/control/skin/TabPaneSkin;)V 275 <appendix> member <vmtarget> ; # javafx/scene/control/skin/TabPaneSkin$TabHeaderArea$$Lambda+0x00000160c9185838
instanceKlass  @bci javafx/scene/control/skin/TabPaneSkin$TabControlButtons setupPopupMenu ()V 95 <appendix> member <vmtarget> ; # javafx/scene/control/skin/TabPaneSkin$TabControlButtons$$Lambda+0x00000160c9185600
instanceKlass javafx/beans/property/StringPropertyBase$Listener
instanceKlass javafx/scene/control/skin/TabPaneSkin$TabMenuItem$1
instanceKlass javafx/scene/control/MenuItem
instanceKlass javafx/scene/control/Toggle
instanceKlass javafx/scene/control/ToggleGroup
instanceKlass javafx/stage/PopupWindow$3
instanceKlass com/sun/javafx/util/TempState
instanceKlass  @bci javafx/stage/PopupWindow <init> ()V 29 <appendix> member <vmtarget> ; # javafx/stage/PopupWindow$$Lambda+0x00000160c917f498
instanceKlass javafx/stage/PopupWindow$2
instanceKlass  @bci java/util/regex/CharPredicates ASCII_SPACE ()Ljava/util/regex/Pattern$BmpCharPredicate; 0 <appendix> argL0 ; # java/util/regex/CharPredicates$$Lambda+0x800000027
instanceKlass javafx/stage/PopupWindow$1
instanceKlass com/sun/javafx/stage/PopupWindowHelper$PopupWindowAccessor
instanceKlass  @bci javafx/scene/control/skin/TabPaneSkin$TabControlButtons <init> (Ljavafx/scene/control/skin/TabPaneSkin;)V 225 <appendix> member <vmtarget> ; # javafx/scene/control/skin/TabPaneSkin$TabControlButtons$$Lambda+0x00000160c9177a90
instanceKlass  @bci javafx/scene/control/skin/TabPaneSkin$TabControlButtons <init> (Ljavafx/scene/control/skin/TabPaneSkin;)V 21 <appendix> member <vmtarget> ; # javafx/scene/control/skin/TabPaneSkin$TabControlButtons$$Lambda+0x00000160c9177858
instanceKlass  @bci javafx/scene/control/skin/TabPaneSkin$TabControlButtons <init> (Ljavafx/scene/control/skin/TabPaneSkin;)V 11 <appendix> member <vmtarget> ; # javafx/scene/control/skin/TabPaneSkin$TabControlButtons$$Lambda+0x00000160c9177620
instanceKlass javafx/scene/control/skin/TabPaneSkin$TabHeaderSkin$5
instanceKlass  @bci javafx/scene/control/skin/TabPaneSkin$TabHeaderSkin <init> (Ljavafx/scene/control/skin/TabPaneSkin;Ljavafx/scene/control/Tab;)V 781 <appendix> member <vmtarget> ; # javafx/scene/control/skin/TabPaneSkin$TabHeaderSkin$$Lambda+0x00000160c91768e0
instanceKlass javafx/collections/MapChangeListener$Change
instanceKlass com/sun/javafx/collections/ObservableMapWrapper
instanceKlass  @bci javafx/scene/control/skin/TabPaneSkin$TabHeaderSkin <init> (Ljavafx/scene/control/skin/TabPaneSkin;Ljavafx/scene/control/Tab;)V 741 <appendix> member <vmtarget> ; # javafx/scene/control/skin/TabPaneSkin$TabHeaderSkin$$Lambda+0x00000160c9175b18
instanceKlass  @bci javafx/scene/control/skin/TabPaneSkin$TabHeaderSkin <init> (Ljavafx/scene/control/skin/TabPaneSkin;Ljavafx/scene/control/Tab;)V 718 <appendix> member <vmtarget> ; # javafx/scene/control/skin/TabPaneSkin$TabHeaderSkin$$Lambda+0x00000160c91758d0
instanceKlass  @bci javafx/scene/control/skin/TabPaneSkin$TabHeaderSkin <init> (Ljavafx/scene/control/skin/TabPaneSkin;Ljavafx/scene/control/Tab;)V 695 <appendix> member <vmtarget> ; # javafx/scene/control/skin/TabPaneSkin$TabHeaderSkin$$Lambda+0x00000160c9175688
instanceKlass  @bci javafx/scene/control/skin/TabPaneSkin$TabHeaderSkin <init> (Ljavafx/scene/control/skin/TabPaneSkin;Ljavafx/scene/control/Tab;)V 672 <appendix> member <vmtarget> ; # javafx/scene/control/skin/TabPaneSkin$TabHeaderSkin$$Lambda+0x00000160c9175440
instanceKlass  @bci javafx/scene/control/skin/TabPaneSkin$TabHeaderSkin <init> (Ljavafx/scene/control/skin/TabPaneSkin;Ljavafx/scene/control/Tab;)V 649 <appendix> member <vmtarget> ; # javafx/scene/control/skin/TabPaneSkin$TabHeaderSkin$$Lambda+0x00000160c91751f8
instanceKlass  @bci javafx/scene/control/skin/TabPaneSkin$TabHeaderSkin <init> (Ljavafx/scene/control/skin/TabPaneSkin;Ljavafx/scene/control/Tab;)V 626 <appendix> member <vmtarget> ; # javafx/scene/control/skin/TabPaneSkin$TabHeaderSkin$$Lambda+0x00000160c9174fb0
instanceKlass  @bci javafx/scene/control/skin/TabPaneSkin$TabHeaderSkin <init> (Ljavafx/scene/control/skin/TabPaneSkin;Ljavafx/scene/control/Tab;)V 603 <appendix> member <vmtarget> ; # javafx/scene/control/skin/TabPaneSkin$TabHeaderSkin$$Lambda+0x00000160c9174d68
instanceKlass  @bci javafx/scene/control/skin/TabPaneSkin$TabHeaderSkin <init> (Ljavafx/scene/control/skin/TabPaneSkin;Ljavafx/scene/control/Tab;)V 567 <appendix> member <vmtarget> ; # javafx/scene/control/skin/TabPaneSkin$TabHeaderSkin$$Lambda+0x00000160c9174b20
instanceKlass  @bci javafx/scene/control/skin/TabPaneSkin$TabHeaderSkin <init> (Ljavafx/scene/control/skin/TabPaneSkin;Ljavafx/scene/control/Tab;)V 549 <appendix> member <vmtarget> ; # javafx/scene/control/skin/TabPaneSkin$TabHeaderSkin$$Lambda+0x00000160c91748d8
instanceKlass  @bci javafx/scene/control/skin/TabPaneSkin$TabHeaderSkin <init> (Ljavafx/scene/control/skin/TabPaneSkin;Ljavafx/scene/control/Tab;)V 529 <appendix> member <vmtarget> ; # javafx/scene/control/skin/TabPaneSkin$TabHeaderSkin$$Lambda+0x00000160c9174690
instanceKlass  @bci javafx/scene/control/skin/TabPaneSkin$TabHeaderSkin <init> (Ljavafx/scene/control/skin/TabPaneSkin;Ljavafx/scene/control/Tab;)V 512 <appendix> member <vmtarget> ; # javafx/scene/control/skin/TabPaneSkin$TabHeaderSkin$$Lambda+0x00000160c9174448
instanceKlass  @bci javafx/scene/control/skin/TabPaneSkin$TabHeaderSkin <init> (Ljavafx/scene/control/skin/TabPaneSkin;Ljavafx/scene/control/Tab;)V 494 <appendix> member <vmtarget> ; # javafx/scene/control/skin/TabPaneSkin$TabHeaderSkin$$Lambda+0x00000160c9174200
instanceKlass  @bci javafx/scene/control/skin/TabPaneSkin$TabHeaderSkin <init> (Ljavafx/scene/control/skin/TabPaneSkin;Ljavafx/scene/control/Tab;)V 477 <appendix> member <vmtarget> ; # javafx/scene/control/skin/TabPaneSkin$TabHeaderSkin$$Lambda+0x00000160c9173fb8
instanceKlass  @bci javafx/scene/control/skin/TabPaneSkin$TabHeaderSkin <init> (Ljavafx/scene/control/skin/TabPaneSkin;Ljavafx/scene/control/Tab;)V 460 <appendix> member <vmtarget> ; # javafx/scene/control/skin/TabPaneSkin$TabHeaderSkin$$Lambda+0x00000160c9173d70
instanceKlass  @bci javafx/scene/control/skin/TabPaneSkin$TabHeaderSkin <init> (Ljavafx/scene/control/skin/TabPaneSkin;Ljavafx/scene/control/Tab;)V 442 <appendix> member <vmtarget> ; # javafx/scene/control/skin/TabPaneSkin$TabHeaderSkin$$Lambda+0x00000160c9173b28
instanceKlass com/sun/javafx/scene/EventHandlerProperties
instanceKlass javafx/scene/control/skin/TabPaneSkin$TabHeaderSkin$3
instanceKlass javafx/scene/Node$AccessibilityProperties
instanceKlass com/sun/javafx/scene/control/skin/resources/ControlResources
instanceKlass  @bci javafx/scene/control/Label <init> (Ljava/lang/String;Ljavafx/scene/Node;)V 8 <appendix> member <vmtarget> ; # javafx/scene/control/Label$$Lambda+0x00000160c9172b40
instanceKlass javafx/scene/control/skin/TabPaneSkin$TabHeaderSkin$1
instanceKlass  @bci javafx/scene/control/skin/TabPaneSkin setupReordering (Ljavafx/scene/layout/StackPane;)V 28 <appendix> member <vmtarget> ; # javafx/scene/control/skin/TabPaneSkin$$Lambda+0x00000160c916f828
instanceKlass com/sun/javafx/collections/VetoableListDecorator$ModCountAccessorImpl
instanceKlass com/sun/javafx/collections/VetoableListDecorator$VetoableIteratorDecorator
instanceKlass javafx/scene/control/TextInputControl$StyleableProperties
instanceKlass javafx/scene/control/TextField$StyleableProperties
instanceKlass javafx/scene/control/skin/TabPaneSkin$TabContentRegion$1
instanceKlass  @bci javafx/scene/control/skin/TabPaneSkin$TabContentRegion <init> (Ljavafx/scene/control/Tab;)V 6 <appendix> member <vmtarget> ; # javafx/scene/control/skin/TabPaneSkin$TabContentRegion$$Lambda+0x00000160c916c078
instanceKlass  @bci javafx/scene/layout/StackPane <clinit> ()V 0 <appendix> argL0 ; # javafx/scene/layout/StackPane$$Lambda+0x00000160c916be48
instanceKlass javafx/scene/shape/Rectangle$StyleableProperties
instanceKlass com/sun/javafx/geom/PathIterator
instanceKlass javafx/scene/shape/Rectangle$1
instanceKlass com/sun/javafx/scene/shape/RectangleHelper$RectangleAccessor
instanceKlass  @bci com/sun/javafx/scene/control/inputmap/InputMap addMapping (Lcom/sun/javafx/scene/control/inputmap/InputMap$Mapping;)V 23 <appendix> argL0 ; # com/sun/javafx/scene/control/inputmap/InputMap$$Lambda+0x00000160c9165288
instanceKlass  @bci com/sun/javafx/scene/control/inputmap/InputMap addEventHandler (Ljavafx/event/EventType;)V 20 <appendix> member <vmtarget> ; # com/sun/javafx/scene/control/inputmap/InputMap$$Lambda+0x00000160c9165050
instanceKlass java/lang/WeakPairMap$Pair$Lookup
instanceKlass java/lang/WeakPairMap$Pair
instanceKlass java/lang/WeakPairMap
instanceKlass java/lang/Module$ReflectionData
instanceKlass  @bci com/sun/javafx/scene/control/inputmap/InputMap addEventHandler (Ljavafx/event/EventType;)V 5 <appendix> argL0 ; # com/sun/javafx/scene/control/inputmap/InputMap$$Lambda+0x00000160c9164e00
instanceKlass  @bci com/sun/javafx/scene/control/behavior/TabPaneBehavior <init> (Ljavafx/scene/control/TabPane;)V 273 <appendix> member <vmtarget> ; # com/sun/javafx/scene/control/behavior/TabPaneBehavior$$Lambda+0x00000160c9164bc8
instanceKlass  @bci com/sun/javafx/scene/control/behavior/TabPaneBehavior <init> (Ljavafx/scene/control/TabPane;)V 253 <appendix> member <vmtarget> ; # com/sun/javafx/scene/control/behavior/TabPaneBehavior$$Lambda+0x00000160c9164760
instanceKlass  @bci com/sun/javafx/scene/control/behavior/TabPaneBehavior <init> (Ljavafx/scene/control/TabPane;)V 220 <appendix> member <vmtarget> ; # com/sun/javafx/scene/control/behavior/TabPaneBehavior$$Lambda+0x00000160c9164528
instanceKlass  @bci com/sun/javafx/scene/control/behavior/TabPaneBehavior <init> (Ljavafx/scene/control/TabPane;)V 190 <appendix> member <vmtarget> ; # com/sun/javafx/scene/control/behavior/TabPaneBehavior$$Lambda+0x00000160c91642f0
instanceKlass  @bci com/sun/javafx/scene/control/behavior/TabPaneBehavior <init> (Ljavafx/scene/control/TabPane;)V 160 <appendix> member <vmtarget> ; # com/sun/javafx/scene/control/behavior/TabPaneBehavior$$Lambda+0x00000160c91640b8
instanceKlass  @bci com/sun/javafx/scene/control/behavior/TabPaneBehavior <init> (Ljavafx/scene/control/TabPane;)V 130 <appendix> member <vmtarget> ; # com/sun/javafx/scene/control/behavior/TabPaneBehavior$$Lambda+0x00000160c9163e80
instanceKlass  @bci com/sun/javafx/scene/control/behavior/TabPaneBehavior <init> (Ljavafx/scene/control/TabPane;)V 111 <appendix> member <vmtarget> ; # com/sun/javafx/scene/control/behavior/TabPaneBehavior$$Lambda+0x00000160c9163c48
instanceKlass  @bci com/sun/javafx/scene/control/behavior/TabPaneBehavior <init> (Ljavafx/scene/control/TabPane;)V 92 <appendix> member <vmtarget> ; # com/sun/javafx/scene/control/behavior/TabPaneBehavior$$Lambda+0x00000160c9163a10
instanceKlass  @bci com/sun/javafx/scene/control/behavior/TabPaneBehavior <init> (Ljavafx/scene/control/TabPane;)V 72 <appendix> member <vmtarget> ; # com/sun/javafx/scene/control/behavior/TabPaneBehavior$$Lambda+0x00000160c91637d8
instanceKlass  @bci com/sun/javafx/scene/control/behavior/TabPaneBehavior <init> (Ljavafx/scene/control/TabPane;)V 52 <appendix> member <vmtarget> ; # com/sun/javafx/scene/control/behavior/TabPaneBehavior$$Lambda+0x00000160c91635a0
instanceKlass com/sun/javafx/scene/control/inputmap/KeyBinding
instanceKlass  @bci com/sun/javafx/scene/control/behavior/TabPaneBehavior <init> (Ljavafx/scene/control/TabPane;)V 33 <appendix> member <vmtarget> ; # com/sun/javafx/scene/control/behavior/TabPaneBehavior$$Lambda+0x00000160c9162ce0
instanceKlass com/sun/javafx/scene/control/inputmap/InputMap$Mapping
instanceKlass  @bci com/sun/javafx/scene/control/inputmap/InputMap <init> (Ljavafx/scene/Node;)V 108 <appendix> member <vmtarget> ; # com/sun/javafx/scene/control/inputmap/InputMap$$Lambda+0x00000160c9162670
instanceKlass  @bci com/sun/javafx/scene/control/inputmap/InputMap <init> (Ljavafx/scene/Node;)V 86 <appendix> member <vmtarget> ; # com/sun/javafx/scene/control/inputmap/InputMap$$Lambda+0x00000160c9162438
instanceKlass com/sun/javafx/scene/control/inputmap/InputMap
instanceKlass com/sun/javafx/scene/control/behavior/BehaviorBase
instanceKlass javafx/scene/control/skin/TabPaneSkin$5
instanceKlass  @bci javafx/scene/control/skin/TabPaneSkin$4 <init> (Ljavafx/scene/control/skin/TabPaneSkin;)V 28 <appendix> member <vmtarget> ; # javafx/scene/control/skin/TabPaneSkin$4$$Lambda+0x00000160c91615c0
instanceKlass  @bci javafx/scene/control/skin/TabPaneSkin$3 <init> (Ljavafx/scene/control/skin/TabPaneSkin;)V 28 <appendix> member <vmtarget> ; # javafx/scene/control/skin/TabPaneSkin$3$$Lambda+0x00000160c9161388
instanceKlass com/sun/scenario/animation/shared/ClipEnvelope
instanceKlass javafx/animation/Animation$1
instanceKlass javafx/animation/Interpolator
instanceKlass javafx/util/Duration
instanceKlass com/sun/scenario/animation/shared/AnimationAccessor
instanceKlass  @bci javafx/scene/control/skin/TabPaneSkin <init> (Ljavafx/scene/control/TabPane;)V 82 <appendix> member <vmtarget> ; # javafx/scene/control/skin/TabPaneSkin$$Lambda+0x00000160c915e7a0
instanceKlass  @bci javafx/scene/control/skin/TabPaneSkin <init> (Ljavafx/scene/control/TabPane;)V 72 <appendix> member <vmtarget> ; # javafx/scene/control/skin/TabPaneSkin$$Lambda+0x00000160c915e568
instanceKlass  @bci javafx/scene/control/skin/TabPaneSkin <init> (Ljavafx/scene/control/TabPane;)V 62 <appendix> member <vmtarget> ; # javafx/scene/control/skin/TabPaneSkin$$Lambda+0x00000160c915e330
instanceKlass  @bci javafx/scene/control/skin/TabPaneSkin <init> (Ljavafx/scene/control/TabPane;)V 37 <appendix> member <vmtarget> ; # javafx/scene/control/skin/TabPaneSkin$$Lambda+0x00000160c915e0f8
instanceKlass javafx/animation/Animation
instanceKlass javafx/scene/control/SkinBase$StyleableProperties
instanceKlass com/sun/javafx/scene/control/Logging
instanceKlass  @bci javafx/scene/control/skin/LabelSkin <init> (Ljavafx/scene/control/Label;)V 16 <appendix> member <vmtarget> ; # javafx/scene/control/skin/LabelSkin$$Lambda+0x00000160c9156f88
instanceKlass  @bci javafx/scene/control/skin/LabeledSkinBase <init> (Ljavafx/scene/control/Labeled;)V 294 <appendix> member <vmtarget> ; # javafx/scene/control/skin/LabeledSkinBase$$Lambda+0x00000160c9156d40
instanceKlass  @bci javafx/scene/control/skin/LabeledSkinBase <init> (Ljavafx/scene/control/Labeled;)V 280 <appendix> member <vmtarget> ; # javafx/scene/control/skin/LabeledSkinBase$$Lambda+0x00000160c9156af8
instanceKlass  @bci javafx/scene/control/skin/LabeledSkinBase <init> (Ljavafx/scene/control/Labeled;)V 266 <appendix> member <vmtarget> ; # javafx/scene/control/skin/LabeledSkinBase$$Lambda+0x00000160c91568b0
instanceKlass  @bci javafx/scene/control/skin/LabeledSkinBase <init> (Ljavafx/scene/control/Labeled;)V 252 <appendix> member <vmtarget> ; # javafx/scene/control/skin/LabeledSkinBase$$Lambda+0x00000160c9156668
instanceKlass  @bci javafx/scene/control/skin/LabeledSkinBase <init> (Ljavafx/scene/control/Labeled;)V 238 <appendix> member <vmtarget> ; # javafx/scene/control/skin/LabeledSkinBase$$Lambda+0x00000160c9156420
instanceKlass  @bci javafx/scene/control/skin/LabeledSkinBase <init> (Ljavafx/scene/control/Labeled;)V 224 <appendix> argL0 ; # javafx/scene/control/skin/LabeledSkinBase$$Lambda+0x00000160c91561e0
instanceKlass  @bci javafx/scene/control/skin/LabeledSkinBase <init> (Ljavafx/scene/control/Labeled;)V 211 <appendix> member <vmtarget> ; # javafx/scene/control/skin/LabeledSkinBase$$Lambda+0x00000160c9155f98
instanceKlass  @bci javafx/scene/control/skin/LabeledSkinBase <init> (Ljavafx/scene/control/Labeled;)V 197 <appendix> member <vmtarget> ; # javafx/scene/control/skin/LabeledSkinBase$$Lambda+0x00000160c9155d50
instanceKlass  @bci javafx/scene/control/skin/LabeledSkinBase <init> (Ljavafx/scene/control/Labeled;)V 183 <appendix> member <vmtarget> ; # javafx/scene/control/skin/LabeledSkinBase$$Lambda+0x00000160c9155b08
instanceKlass  @bci javafx/scene/control/skin/LabeledSkinBase <init> (Ljavafx/scene/control/Labeled;)V 169 <appendix> member <vmtarget> ; # javafx/scene/control/skin/LabeledSkinBase$$Lambda+0x00000160c91558c0
instanceKlass  @bci javafx/scene/control/skin/LabeledSkinBase <init> (Ljavafx/scene/control/Labeled;)V 155 <appendix> member <vmtarget> ; # javafx/scene/control/skin/LabeledSkinBase$$Lambda+0x00000160c9155678
instanceKlass  @bci javafx/scene/control/skin/LabeledSkinBase <init> (Ljavafx/scene/control/Labeled;)V 141 <appendix> member <vmtarget> ; # javafx/scene/control/skin/LabeledSkinBase$$Lambda+0x00000160c9155430
instanceKlass  @bci javafx/scene/control/skin/LabeledSkinBase <init> (Ljavafx/scene/control/Labeled;)V 127 <appendix> member <vmtarget> ; # javafx/scene/control/skin/LabeledSkinBase$$Lambda+0x00000160c91551e8
instanceKlass  @bci javafx/scene/control/skin/LabeledSkinBase <init> (Ljavafx/scene/control/Labeled;)V 113 <appendix> member <vmtarget> ; # javafx/scene/control/skin/LabeledSkinBase$$Lambda+0x00000160c9154fa0
instanceKlass  @bci javafx/scene/control/skin/LabeledSkinBase <init> (Ljavafx/scene/control/Labeled;)V 99 <appendix> member <vmtarget> ; # javafx/scene/control/skin/LabeledSkinBase$$Lambda+0x00000160c9154d58
instanceKlass  @bci javafx/scene/control/skin/LabeledSkinBase <init> (Ljavafx/scene/control/Labeled;)V 85 <appendix> member <vmtarget> ; # javafx/scene/control/skin/LabeledSkinBase$$Lambda+0x00000160c9154b10
instanceKlass  @bci com/sun/javafx/scene/control/LambdaMultiplePropertyChangeListenerHandler registerChangeListener (Ljavafx/beans/value/ObservableValue;Ljava/util/function/Consumer;)V 38 <appendix> argL0 ; # com/sun/javafx/scene/control/LambdaMultiplePropertyChangeListenerHandler$$Lambda+0x00000160c91548d0
instanceKlass java/lang/classfile/constantpool/InterfaceMethodRefEntry
instanceKlass  @cpi software/amazon/awssdk/services/rekognition/model/EyeDirection 222 form vmentry <vmtarget> ; # java/lang/invoke/LambdaForm$DMH+0x00000160c9158000
instanceKlass  @bci com/sun/javafx/scene/control/LambdaMultiplePropertyChangeListenerHandler <init> ()V 89 <appendix> member <vmtarget> ; # com/sun/javafx/scene/control/LambdaMultiplePropertyChangeListenerHandler$$Lambda+0x00000160c9154698
instanceKlass  @bci com/sun/javafx/scene/control/LambdaMultiplePropertyChangeListenerHandler <init> ()V 53 <appendix> member <vmtarget> ; # com/sun/javafx/scene/control/LambdaMultiplePropertyChangeListenerHandler$$Lambda+0x00000160c9154460
instanceKlass javafx/beans/value/WeakChangeListener
instanceKlass  @bci com/sun/javafx/scene/control/LambdaMultiplePropertyChangeListenerHandler <init> ()V 17 <appendix> member <vmtarget> ; # com/sun/javafx/scene/control/LambdaMultiplePropertyChangeListenerHandler$$Lambda+0x00000160c9153fd8
instanceKlass  @bci com/sun/javafx/scene/control/LambdaMultiplePropertyChangeListenerHandler <clinit> ()V 0 <appendix> argL0 ; # com/sun/javafx/scene/control/LambdaMultiplePropertyChangeListenerHandler$$Lambda+0x00000160c9153d98
instanceKlass com/sun/javafx/scene/control/LambdaMultiplePropertyChangeListenerHandler
instanceKlass  @bci javafx/scene/control/skin/LabeledSkinBase <init> (Ljavafx/scene/control/Labeled;)V 71 <appendix> member <vmtarget> ; # javafx/scene/control/skin/LabeledSkinBase$$Lambda+0x00000160c9153930
instanceKlass javafx/beans/property/DoublePropertyBase$Listener
instanceKlass javafx/beans/property/BooleanPropertyBase$Listener
instanceKlass javafx/beans/property/ObjectPropertyBase$Listener
instanceKlass javafx/scene/text/Text$TextAttribute
instanceKlass com/sun/javafx/font/Disposer$1
instanceKlass com/sun/javafx/font/Disposer
instanceKlass com/sun/javafx/font/CompositeStrikeDisposer
instanceKlass com/sun/javafx/font/Metrics
instanceKlass com/sun/javafx/font/CompositeStrike
instanceKlass com/sun/javafx/font/FontStrikeDesc
instanceKlass javafx/scene/shape/Shape$StyleableProperties
instanceKlass javafx/scene/text/Text$StyleableProperties
instanceKlass  @bci javafx/scene/control/skin/LabeledSkinBase <init> (Ljavafx/scene/control/Labeled;)V 26 <appendix> member <vmtarget> ; # javafx/scene/control/skin/LabeledSkinBase$$Lambda+0x00000160c9145000
instanceKlass  @bci javafx/scene/control/SkinBase <clinit> ()V 8 <appendix> argL0 ; # javafx/scene/control/SkinBase$$Lambda+0x00000160c9147c10
instanceKlass com/sun/javafx/scene/control/ListenerHelper$InLi
instanceKlass javafx/collections/MapChangeListener
instanceKlass com/sun/javafx/scene/control/ListenerHelper$ChLi
instanceKlass com/sun/javafx/scene/control/ListenerHelper$EvHa
instanceKlass  @bci javafx/scene/control/SkinBase <clinit> ()V 0 <appendix> argL0 ; # javafx/scene/control/SkinBase$$Lambda+0x00000160c9146920
instanceKlass com/sun/javafx/scene/control/ListenerHelper
instanceKlass com/sun/javafx/scene/control/IDisconnectable
instanceKlass javafx/scene/control/SkinBase
instanceKlass com/sun/javafx/font/PrismFontFactory$TTFilter
instanceKlass  @bci com/sun/javafx/font/PrismFontFactory populateFontFileNameMapGeneric (Ljava/lang/String;)V 12 <appendix> member <vmtarget> ; # com/sun/javafx/font/PrismFontFactory$$Lambda+0x00000160c9143280
instanceKlass java/security/PrivilegedExceptionAction
instanceKlass com/sun/javafx/font/PrismCompositeFontResource
instanceKlass com/sun/javafx/font/PrismFontFile$DirectoryEntry
instanceKlass com/sun/javafx/font/FontFileReader$Buffer
instanceKlass  @bci com/sun/javafx/font/FontFileReader openFile ()Z 11 <appendix> member <vmtarget> ; # com/sun/javafx/font/FontFileReader$$Lambda+0x00000160c91419b8
instanceKlass com/sun/javafx/font/FontFileReader
instanceKlass com/sun/javafx/font/PrismFontStrike
instanceKlass com/sun/javafx/font/DisposerRecord
instanceKlass  @bci com/sun/scenario/effect/impl/Renderer getPeerInstance (Lcom/sun/scenario/effect/FilterContext;Ljava/lang/String;I)Lcom/sun/scenario/effect/impl/EffectPeer; 33 <appendix> form vmentry <vmtarget> ; # java/lang/invoke/LambdaForm$MH+0x00000160c9144400
instanceKlass com/sun/javafx/font/WindowsFontMap$FamilyDescription
instanceKlass com/sun/javafx/font/WindowsFontMap
instanceKlass com/sun/scenario/effect/EffectHelper
instanceKlass javafx/scene/effect/Effect$1
instanceKlass com/sun/scenario/effect/EffectHelper$EffectAccessor
instanceKlass javafx/scene/layout/BackgroundFill
instanceKlass javafx/scene/paint/Stop
instanceKlass com/sun/javafx/css/StyleCacheEntry
instanceKlass javafx/css/Style
instanceKlass javafx/css/Match
instanceKlass com/sun/javafx/css/CalculatedValue
instanceKlass com/sun/javafx/css/StyleCacheEntry$Key
instanceKlass com/sun/javafx/css/StyleCache
instanceKlass javafx/scene/layout/HBox$StyleableProperties
instanceKlass javafx/scene/paint/Color$NamedColors
instanceKlass javafx/css/CssParser$Term
instanceKlass com/sun/javafx/css/parser/Token
instanceKlass  @bci javafx/css/CssLexer$UnitsState <init> (Ljavafx/css/CssLexer;)V 468 <appendix> argL0 ; # javafx/css/CssLexer$UnitsState$$Lambda+0x00000160c91377e8
instanceKlass  @bci javafx/css/CssLexer <init> ()V 419 <appendix> argL0 ; # javafx/css/CssLexer$$Lambda+0x00000160c91371a8
instanceKlass  @bci javafx/css/CssLexer <init> ()V 410 <appendix> argL0 ; # javafx/css/CssLexer$$Lambda+0x00000160c9136f78
instanceKlass  @bci javafx/css/CssLexer <init> ()V 401 <appendix> argL0 ; # javafx/css/CssLexer$$Lambda+0x00000160c9136d48
instanceKlass  @bci javafx/css/CssLexer <init> ()V 392 <appendix> argL0 ; # javafx/css/CssLexer$$Lambda+0x00000160c9136b18
instanceKlass  @bci javafx/css/CssLexer <init> ()V 383 <appendix> argL0 ; # javafx/css/CssLexer$$Lambda+0x00000160c91368e8
instanceKlass  @bci javafx/css/CssLexer <init> ()V 374 <appendix> argL0 ; # javafx/css/CssLexer$$Lambda+0x00000160c91366b8
instanceKlass  @bci javafx/css/CssLexer <init> ()V 365 <appendix> argL0 ; # javafx/css/CssLexer$$Lambda+0x00000160c9136488
instanceKlass  @bci javafx/css/CssLexer <init> ()V 356 <appendix> argL0 ; # javafx/css/CssLexer$$Lambda+0x00000160c9136258
instanceKlass  @bci javafx/css/CssLexer <init> ()V 347 <appendix> argL0 ; # javafx/css/CssLexer$$Lambda+0x00000160c9136028
instanceKlass  @bci javafx/css/CssLexer <init> ()V 338 <appendix> argL0 ; # javafx/css/CssLexer$$Lambda+0x00000160c9135df8
instanceKlass  @bci javafx/css/CssLexer <init> ()V 329 <appendix> argL0 ; # javafx/css/CssLexer$$Lambda+0x00000160c9135bc8
instanceKlass  @bci javafx/css/CssLexer <init> ()V 320 <appendix> argL0 ; # javafx/css/CssLexer$$Lambda+0x00000160c9135998
instanceKlass  @bci javafx/css/CssLexer <init> ()V 311 <appendix> argL0 ; # javafx/css/CssLexer$$Lambda+0x00000160c9135768
instanceKlass  @bci javafx/css/CssLexer <init> ()V 302 <appendix> argL0 ; # javafx/css/CssLexer$$Lambda+0x00000160c9135538
instanceKlass  @bci javafx/css/CssLexer <init> ()V 293 <appendix> argL0 ; # javafx/css/CssLexer$$Lambda+0x00000160c9135308
instanceKlass  @bci javafx/css/CssLexer <init> ()V 284 <appendix> argL0 ; # javafx/css/CssLexer$$Lambda+0x00000160c91350d8
instanceKlass  @bci javafx/css/CssLexer <init> ()V 275 <appendix> argL0 ; # javafx/css/CssLexer$$Lambda+0x00000160c9134ea8
instanceKlass  @bci javafx/css/CssLexer <init> ()V 266 <appendix> argL0 ; # javafx/css/CssLexer$$Lambda+0x00000160c9134c78
instanceKlass  @bci javafx/css/CssLexer <init> ()V 257 <appendix> argL0 ; # javafx/css/CssLexer$$Lambda+0x00000160c9134a48
instanceKlass  @bci javafx/css/CssLexer <init> ()V 248 <appendix> argL0 ; # javafx/css/CssLexer$$Lambda+0x00000160c9134818
instanceKlass  @bci javafx/css/CssLexer <init> ()V 239 <appendix> argL0 ; # javafx/css/CssLexer$$Lambda+0x00000160c91345e8
instanceKlass  @bci javafx/css/CssLexer <init> ()V 230 <appendix> argL0 ; # javafx/css/CssLexer$$Lambda+0x00000160c91343b8
instanceKlass  @bci javafx/css/CssLexer <init> ()V 221 <appendix> argL0 ; # javafx/css/CssLexer$$Lambda+0x00000160c9134188
instanceKlass  @bci javafx/css/CssLexer <init> ()V 212 <appendix> argL0 ; # javafx/css/CssLexer$$Lambda+0x00000160c9133f58
instanceKlass  @bci javafx/css/CssLexer <init> ()V 203 <appendix> argL0 ; # javafx/css/CssLexer$$Lambda+0x00000160c9133d28
instanceKlass  @bci javafx/css/CssLexer <init> ()V 194 <appendix> argL0 ; # javafx/css/CssLexer$$Lambda+0x00000160c9133af8
instanceKlass  @bci javafx/css/CssLexer <init> ()V 185 <appendix> argL0 ; # javafx/css/CssLexer$$Lambda+0x00000160c91338c8
instanceKlass  @bci javafx/css/CssLexer <init> ()V 176 <appendix> argL0 ; # javafx/css/CssLexer$$Lambda+0x00000160c9133698
instanceKlass  @bci javafx/css/CssLexer <init> ()V 167 <appendix> argL0 ; # javafx/css/CssLexer$$Lambda+0x00000160c9133468
instanceKlass  @bci javafx/css/CssLexer <init> ()V 158 <appendix> argL0 ; # javafx/css/CssLexer$$Lambda+0x00000160c9133238
instanceKlass  @bci javafx/css/CssLexer <init> ()V 149 <appendix> argL0 ; # javafx/css/CssLexer$$Lambda+0x00000160c9133008
instanceKlass  @bci javafx/css/CssLexer <init> ()V 140 <appendix> argL0 ; # javafx/css/CssLexer$$Lambda+0x00000160c9132dd8
instanceKlass  @bci javafx/css/CssLexer <init> ()V 131 <appendix> argL0 ; # javafx/css/CssLexer$$Lambda+0x00000160c9132ba8
instanceKlass  @bci javafx/css/CssLexer <init> ()V 122 <appendix> argL0 ; # javafx/css/CssLexer$$Lambda+0x00000160c9132978
instanceKlass  @bci javafx/css/CssLexer <init> ()V 113 <appendix> argL0 ; # javafx/css/CssLexer$$Lambda+0x00000160c9132748
instanceKlass  @bci javafx/css/CssLexer <init> ()V 104 <appendix> argL0 ; # javafx/css/CssLexer$$Lambda+0x00000160c9132518
instanceKlass  @bci javafx/css/CssLexer <init> ()V 95 <appendix> argL0 ; # javafx/css/CssLexer$$Lambda+0x00000160c91322e8
instanceKlass  @bci javafx/css/CssLexer <init> ()V 86 <appendix> argL0 ; # javafx/css/CssLexer$$Lambda+0x00000160c91320b8
instanceKlass  @bci javafx/css/CssLexer <init> ()V 77 <appendix> argL0 ; # javafx/css/CssLexer$$Lambda+0x00000160c9131e88
instanceKlass  @bci javafx/css/CssLexer <init> ()V 68 <appendix> argL0 ; # javafx/css/CssLexer$$Lambda+0x00000160c9131c58
instanceKlass  @bci javafx/css/CssLexer <init> ()V 59 <appendix> argL0 ; # javafx/css/CssLexer$$Lambda+0x00000160c9131a28
instanceKlass  @bci javafx/css/CssLexer <init> ()V 50 <appendix> argL0 ; # javafx/css/CssLexer$$Lambda+0x00000160c91317f8
instanceKlass  @bci javafx/css/CssLexer <init> ()V 41 <appendix> argL0 ; # javafx/css/CssLexer$$Lambda+0x00000160c91315c8
instanceKlass  @bci javafx/css/CssLexer <init> ()V 32 <appendix> argL0 ; # javafx/css/CssLexer$$Lambda+0x00000160c9131398
instanceKlass  @bci javafx/css/CssLexer <init> ()V 23 <appendix> argL0 ; # javafx/css/CssLexer$$Lambda+0x00000160c9131168
instanceKlass  @bci javafx/css/CssLexer <init> ()V 14 <appendix> argL0 ; # javafx/css/CssLexer$$Lambda+0x00000160c9130f38
instanceKlass  @bci javafx/css/CssLexer <init> ()V 5 <appendix> argL0 ; # javafx/css/CssLexer$$Lambda+0x00000160c9130d08
instanceKlass com/sun/javafx/css/parser/Recognizer
instanceKlass com/sun/javafx/css/parser/LexerState
instanceKlass javafx/css/CssLexer
instanceKlass javafx/css/FontFace
instanceKlass javafx/css/CssParser$ParseError
instanceKlass javafx/css/CssParser
instanceKlass javafx/scene/Node$22
instanceKlass  @bci com/sun/javafx/tk/quantum/GlassViewEventHandler handleViewEvent (Lcom/sun/glass/ui/View;JI)V 45 <appendix> member <vmtarget> ; # com/sun/javafx/tk/quantum/GlassViewEventHandler$$Lambda+0x00000160c912e998
instanceKlass jdk/jfr/FlightRecorder
instanceKlass  @bci com/sun/javafx/logging/PulseLogger isPulseLoggingRequested ()Z 0 <appendix> argL0 ; # com/sun/javafx/logging/PulseLogger$$Lambda+0x00000160c912de00
instanceKlass com/sun/javafx/logging/PrintLogger$PulseData
instanceKlass  @bci com/sun/javafx/logging/PrintLogger <clinit> ()V 18 <appendix> argL0 ; # com/sun/javafx/logging/PrintLogger$$Lambda+0x00000160c912d9b0
instanceKlass  @bci com/sun/javafx/logging/PrintLogger <clinit> ()V 0 <appendix> argL0 ; # com/sun/javafx/logging/PrintLogger$$Lambda+0x00000160c912d780
instanceKlass com/sun/javafx/logging/Logger
instanceKlass com/sun/javafx/logging/PulseLogger
instanceKlass  @bci com/sun/javafx/tk/quantum/WindowStage setScene (Lcom/sun/javafx/tk/TKScene;)V 40 <appendix> member <vmtarget> ; # com/sun/javafx/tk/quantum/WindowStage$$Lambda+0x00000160c912cbf8
instanceKlass com/sun/javafx/geom/DirtyRegionContainer
instanceKlass com/sun/javafx/geom/DirtyRegionPool
instanceKlass com/sun/javafx/sg/prism/NodePath
instanceKlass javafx/scene/Scene$InputMethodRequestsDelegate
instanceKlass com/sun/javafx/scene/input/ExtendedInputMethodRequests
instanceKlass javafx/scene/Scene$DropTargetListener
instanceKlass com/sun/scenario/effect/impl/state/AccessHelper
instanceKlass  @bci com/sun/scenario/effect/Effect <clinit> ()V 4 <appendix> argL0 ; # com/sun/scenario/effect/Effect$$Lambda+0x00000160c912a250
instanceKlass com/sun/scenario/effect/impl/state/AccessHelper$StateAccessor
instanceKlass com/sun/javafx/geom/Rectangle
instanceKlass com/sun/javafx/geom/Point2D
instanceKlass com/sun/prism/paint/Paint
instanceKlass com/sun/scenario/effect/Effect
instanceKlass javafx/scene/Scene$ScenePeerPaintListener
instanceKlass javafx/scene/Scene$ScenePeerListener
instanceKlass  @bci com/sun/javafx/tk/quantum/GlassScene setSecurityContext (Ljava/security/AccessControlContext;)V 22 <appendix> argL0 ; # com/sun/javafx/tk/quantum/GlassScene$$Lambda+0x00000160c9124c90
instanceKlass com/sun/javafx/tk/quantum/SwipeGestureRecognizer$CenterComputer
instanceKlass com/sun/javafx/tk/quantum/SwipeGestureRecognizer$MultiTouchTracker
instanceKlass com/sun/javafx/tk/quantum/SwipeGestureRecognizer
instanceKlass com/sun/javafx/tk/quantum/GestureRecognizers
instanceKlass com/sun/javafx/tk/quantum/GlassSceneDnDEventHandler
instanceKlass com/sun/javafx/tk/quantum/GlassViewEventHandler$ViewEventNotification
instanceKlass com/sun/javafx/tk/quantum/GlassViewEventHandler$MouseEventNotification
instanceKlass com/sun/javafx/tk/quantum/GlassViewEventHandler$KeyEventNotification
instanceKlass  @bci com/sun/javafx/tk/quantum/GlassViewEventHandler <clinit> ()V 0 <appendix> argL0 ; # com/sun/javafx/tk/quantum/GlassViewEventHandler$$Lambda+0x00000160c91278c8
instanceKlass com/sun/javafx/tk/quantum/GestureRecognizer
instanceKlass com/sun/javafx/tk/quantum/GlassTouchEventListener
instanceKlass  @bci com/sun/glass/ui/View <clinit> ()V 0 <appendix> argL0 ; # com/sun/glass/ui/View$$Lambda+0x00000160c9127698
instanceKlass com/sun/prism/PresentableState
instanceKlass com/sun/javafx/tk/quantum/ViewPainter
instanceKlass com/sun/glass/ui/View$EventHandler
instanceKlass com/sun/glass/ui/ClipboardAssistance
instanceKlass javafx/application/Platform
instanceKlass  @bci com/sun/glass/ui/GestureSupport createTouchCountListener ()Lcom/sun/glass/ui/TouchInputSupport$TouchCountListener; 4 <appendix> member <vmtarget> ; # com/sun/glass/ui/GestureSupport$$Lambda+0x00000160c9121e38
instanceKlass  @cpi com/sun/glass/ui/GestureSupport 204 form vmentry <vmtarget> ; # java/lang/invoke/LambdaForm$DMH+0x00000160c9124000
instanceKlass com/sun/glass/ui/TouchInputSupport$TouchCountListener
instanceKlass com/sun/glass/ui/TouchInputSupport
instanceKlass com/sun/glass/ui/GestureSupport$GestureState
instanceKlass com/sun/glass/ui/GestureSupport
instanceKlass com/sun/glass/ui/win/WinGestureSupport
instanceKlass com/sun/javafx/tk/quantum/WindowStage$1
instanceKlass  @bci com/sun/javafx/tk/quantum/GlassStage lambda$doIntersectionPrivilege$1 (Ljava/security/AccessControlContext;)Ljava/security/AccessControlContext; 0 <appendix> argL0 ; # com/sun/javafx/tk/quantum/GlassStage$$Lambda+0x00000160c9120878
instanceKlass  @bci com/sun/javafx/tk/quantum/GlassStage doIntersectionPrivilege (Ljava/security/PrivilegedAction;Ljava/security/AccessControlContext;Ljava/security/AccessControlContext;)Ljava/security/AccessControlContext; 1 <appendix> member <vmtarget> ; # com/sun/javafx/tk/quantum/GlassStage$$Lambda+0x00000160c9120640
instanceKlass  @bci com/sun/javafx/tk/quantum/GlassStage setSecurityContext (Ljava/security/AccessControlContext;)V 22 <appendix> argL0 ; # com/sun/javafx/tk/quantum/GlassStage$$Lambda+0x00000160c9120410
instanceKlass javafx/scene/input/KeyCombination$Modifier
instanceKlass com/sun/glass/ui/Window$EventHandler
instanceKlass com/sun/javafx/tk/quantum/GlassStage
instanceKlass com/sun/javafx/event/EventUtil
instanceKlass  @bci javafx/scene/Scene <init> (Ljavafx/scene/Parent;DDLjavafx/scene/paint/Paint;ZLjavafx/scene/SceneAntialiasing;)V 318 <appendix> member <vmtarget> ; # javafx/scene/Scene$$Lambda+0x00000160c911e340
instanceKlass com/sun/javafx/util/WeakReferenceQueue
instanceKlass com/sun/javafx/scene/transform/TransformUtils
instanceKlass java/util/LinkedList$Node
instanceKlass javafx/scene/Node$NodeTransformation
instanceKlass  @bci javafx/scene/Camera <init> ()V 115 <appendix> member <vmtarget> ; # javafx/scene/Camera$$Lambda+0x00000160c9117bf0
instanceKlass javafx/scene/ParallelCamera$1
instanceKlass javafx/scene/Camera$1
instanceKlass com/sun/javafx/scene/ParallelCameraHelper$ParallelCameraAccessor
instanceKlass com/sun/javafx/scene/CameraHelper$CameraAccessor
instanceKlass com/sun/javafx/logging/PlatformLogger$1
instanceKlass javafx/scene/control/TabPane$StyleableProperties
instanceKlass javafx/css/converter/CursorConverter$Holder
instanceKlass javafx/scene/Node$StyleableProperties
instanceKlass javafx/scene/layout/BorderWidths
instanceKlass com/sun/javafx/scene/layout/region/BorderImageSlices
instanceKlass javafx/scene/layout/Border
instanceKlass javafx/scene/layout/BackgroundSize
instanceKlass javafx/scene/layout/BackgroundPosition
instanceKlass com/sun/javafx/scene/layout/region/RepeatStruct
instanceKlass javafx/scene/layout/CornerRadii
instanceKlass javafx/scene/layout/Background
instanceKlass javafx/scene/layout/Region$StyleableProperties
instanceKlass javafx/scene/control/Control$StyleableProperties
instanceKlass javafx/scene/control/Labeled$StyleableProperties
instanceKlass com/sun/javafx/css/StyleCache$Key
instanceKlass javafx/scene/CssStyleHelper$CacheContainer
instanceKlass  @bci com/sun/javafx/css/StyleMap <clinit> ()V 30 <appendix> argL0 ; # com/sun/javafx/css/StyleMap$$Lambda+0x00000160c91088d8
instanceKlass com/sun/javafx/css/CascadingStyle
instanceKlass com/sun/javafx/css/StyleMap
instanceKlass com/sun/javafx/css/StyleManager$Cache$Key
instanceKlass com/sun/javafx/css/StyleManager$Cache
instanceKlass java/util/TimSort
instanceKlass java/util/Arrays$LegacyMergeSort
instanceKlass com/sun/javafx/css/StyleManager$Key
instanceKlass  @bci java/lang/ClassLoader definePackage (Ljava/lang/String;Ljava/lang/Module;)Ljava/lang/Package; 73 <appendix> member <vmtarget> ; # java/lang/ClassLoader$$Lambda+0x00000160c90678b0
instanceKlass  @bci com/sun/javafx/css/StyleManager findMatchingStyles (Ljavafx/scene/Node;Ljavafx/scene/SubScene;[Ljava/util/Set;)Lcom/sun/javafx/css/StyleMap; 251 <appendix> argL0 ; # com/sun/javafx/css/StyleManager$$Lambda+0x00000160c9104a28
instanceKlass com/sun/javafx/css/StyleManager$CacheContainer
instanceKlass javafx/css/converter/FontConverter$FontStyleConverter$Holder
instanceKlass javafx/css/converter/FontConverter$Holder
instanceKlass com/sun/javafx/font/PrismFont
instanceKlass com/sun/javafx/font/CharToGlyphMapper
instanceKlass com/sun/javafx/font/FontStrike
instanceKlass com/sun/javafx/font/LogicalFont
instanceKlass com/sun/javafx/font/CompositeFontResource
instanceKlass com/sun/javafx/font/directwrite/IUnknown
instanceKlass  @bci com/sun/javafx/font/directwrite/OS <clinit> ()V 0 <appendix> argL0 ; # com/sun/javafx/font/directwrite/OS$$Lambda+0x00000160c9103ac8
instanceKlass com/sun/javafx/font/directwrite/OS
instanceKlass com/sun/javafx/font/FontFallbackInfo
instanceKlass com/sun/javafx/text/GlyphLayout
instanceKlass com/sun/javafx/font/PrismFontFile
instanceKlass com/sun/javafx/font/FontConstants
# instanceKlass java/lang/invoke/LambdaForm$MH+0x00000160c9104400
instanceKlass com/sun/javafx/scene/text/FontHelper
instanceKlass javafx/scene/text/Font$1
instanceKlass com/sun/javafx/scene/text/FontHelper$FontAccessor
instanceKlass sun/util/logging/PlatformLogger$ConfigurableBridge$LoggerConfiguration
instanceKlass  @bci java/util/logging/Level$KnownLevel findByName (Ljava/lang/String;Ljava/util/function/Function;)Ljava/util/Optional; 29 <appendix> argL0 ; # java/util/logging/Level$KnownLevel$$Lambda+0x800000024
instanceKlass java/util/ArrayList$ArrayListSpliterator
instanceKlass  @bci java/util/logging/Level findLevel (Ljava/lang/String;)Ljava/util/logging/Level; 13 <appendix> argL0 ; # java/util/logging/Level$$Lambda+0x800000020
instanceKlass java/util/Hashtable$Enumerator
instanceKlass java/util/Collections$3
instanceKlass java/util/logging/LogManager$VisitedLoggers
instanceKlass  @bci com/zaxxer/hikari/pool/HikariPool <init> (Lcom/zaxxer/hikari/HikariConfig;)V 197 <appendix> form vmentry <vmtarget> ; # java/lang/invoke/LambdaForm$MH+0x00000160c9104000
instanceKlass java/util/logging/Logger$ConfigurationData
instanceKlass java/util/logging/Logger$LoggerBundle
instanceKlass java/util/logging/Handler
instanceKlass java/util/logging/Logger
instanceKlass java/util/logging/LogManager$LoggingProviderAccess
instanceKlass java/util/logging/LogManager$LogNode
instanceKlass java/util/logging/LogManager$LoggerContext
instanceKlass  @bci java/util/logging/Level$KnownLevel add (Ljava/util/logging/Level;)V 49 <appendix> argL0 ; # java/util/logging/Level$KnownLevel$$Lambda+0x800000023
instanceKlass  @bci java/util/logging/Level$KnownLevel add (Ljava/util/logging/Level;)V 19 <appendix> argL0 ; # java/util/logging/Level$KnownLevel$$Lambda+0x800000022
instanceKlass java/util/logging/Level
instanceKlass java/util/logging/LogManager
instanceKlass jdk/internal/logger/BootstrapLogger$BootstrapExecutors
instanceKlass jdk/internal/logger/BootstrapLogger$RedirectedLoggers
instanceKlass java/util/ServiceLoader$ProviderImpl
instanceKlass java/util/ServiceLoader$Provider
instanceKlass sun/util/logging/internal/LoggingProviderImpl$LogManagerAccess
instanceKlass java/util/concurrent/CopyOnWriteArrayList$COWIterator
instanceKlass jdk/internal/loader/URLClassPath$1
instanceKlass java/lang/CompoundEnumeration
instanceKlass jdk/internal/loader/BuiltinClassLoader$1
instanceKlass java/util/Collections$EmptyEnumeration
instanceKlass jdk/internal/jimage/ImageLocation
instanceKlass jdk/internal/jimage/decompressor/Decompressor
instanceKlass jdk/internal/jimage/ImageStringsReader
instanceKlass jdk/internal/jimage/ImageStrings
instanceKlass jdk/internal/jimage/ImageHeader
instanceKlass jdk/internal/jimage/NativeImageBuffer$1
instanceKlass jdk/internal/jimage/NativeImageBuffer
instanceKlass jdk/internal/jimage/BasicImageReader$1
instanceKlass jdk/internal/jimage/BasicImageReader
instanceKlass jdk/internal/jimage/ImageReader
instanceKlass jdk/internal/jimage/ImageReaderFactory$1
instanceKlass java/nio/file/Paths
instanceKlass jdk/internal/jimage/ImageReaderFactory
instanceKlass jdk/internal/module/SystemModuleFinders$SystemImage
instanceKlass jdk/internal/module/SystemModuleFinders$SystemModuleReader
instanceKlass java/util/ServiceLoader$2
instanceKlass java/util/ServiceLoader$1
instanceKlass java/util/ServiceLoader$LazyClassPathLookupIterator
instanceKlass java/util/Spliterators$1Adapter
instanceKlass java/util/Spliterators$ArraySpliterator
instanceKlass java/util/ServiceLoader$ModuleServicesLookupIterator
instanceKlass java/util/ServiceLoader
instanceKlass jdk/internal/logger/BootstrapLogger$DetectBackend
instanceKlass jdk/internal/logger/BootstrapLogger
instanceKlass sun/util/logging/PlatformLogger$ConfigurableBridge
instanceKlass sun/util/logging/PlatformLogger$Bridge
instanceKlass jdk/internal/logger/LoggerFinderLoader
instanceKlass java/lang/System$LoggerFinder
instanceKlass jdk/internal/logger/LazyLoggers$LazyLoggerFactories
instanceKlass jdk/internal/logger/LazyLoggers$1
instanceKlass jdk/internal/logger/LazyLoggers
instanceKlass com/sun/javafx/logging/PlatformLogger
instanceKlass java/lang/System$Logger
instanceKlass com/sun/javafx/util/Logging
instanceKlass javafx/css/CssMetaData
instanceKlass javafx/scene/CssStyleHelper
instanceKlass javafx/scene/Scene$ClickCounter
instanceKlass javafx/scene/Scene$ClickGenerator
instanceKlass javafx/scene/Scene$MouseHandler$1
instanceKlass com/sun/javafx/event/EventQueue
instanceKlass javafx/scene/Scene$MouseHandler
instanceKlass com/sun/javafx/scene/traversal/TraversalEngine$BaseEngineContext
instanceKlass com/sun/javafx/scene/traversal/ContainerTabOrder
instanceKlass com/sun/javafx/scene/traversal/Algorithm
instanceKlass com/sun/javafx/scene/traversal/TraversalContext
instanceKlass  @bci javafx/scene/Scene <init> (Ljavafx/scene/Parent;DDLjavafx/scene/paint/Paint;ZLjavafx/scene/SceneAntialiasing;)V 172 <appendix> member <vmtarget> ; # javafx/scene/Scene$$Lambda+0x00000160c9100000
instanceKlass javafx/scene/Scene$TouchMap
instanceKlass javafx/scene/Scene$TouchGesture
instanceKlass javafx/scene/Scene$TargetWrapper
instanceKlass javafx/scene/Scene$ScenePulseListener
instanceKlass javafx/scene/SceneAntialiasing
instanceKlass  @bci javafx/scene/Scene <clinit> ()V 76 <appendix> argL0 ; # javafx/scene/Scene$$Lambda+0x00000160c90fe6e0
instanceKlass com/sun/javafx/scene/SceneHelper
instanceKlass javafx/scene/Scene$2
instanceKlass javafx/scene/input/InputMethodRequests
instanceKlass com/sun/javafx/tk/TKDropTargetListener
instanceKlass com/sun/javafx/tk/TKScenePaintListener
instanceKlass com/sun/javafx/tk/TKSceneListener
instanceKlass com/sun/javafx/scene/SceneHelper$SceneAccessor
instanceKlass com/sun/javafx/perf/PerformanceTracker$SceneAccessor
instanceKlass com/sun/javafx/scene/traversal/TraversalEngine
instanceKlass  @bci com/sun/javafx/binding/ExpressionHelperBase trim (I[Ljava/lang/Object;)I 0 <appendix> argL0 ; # com/sun/javafx/binding/ExpressionHelperBase$$Lambda+0x00000160c90eb5a0
instanceKlass  @bci com/priya/neurosyncdemo/ui/AuthView show ()V 510 <appendix> member <vmtarget> ; # com/priya/neurosyncdemo/ui/AuthView$$Lambda+0x00000160c90eb160
instanceKlass  @cpi com/priya/neurosyncdemo/ui/AuthView 377 form vmentry <vmtarget> ; # java/lang/invoke/LambdaForm$DMH+0x00000160c90ec000
instanceKlass javafx/scene/Node$MiscProperties
instanceKlass  @bci javafx/scene/control/Tab <init> (Ljava/lang/String;Ljavafx/scene/Node;)V 6 <appendix> member <vmtarget> ; # javafx/scene/control/Tab$$Lambda+0x00000160c90e7668
instanceKlass javafx/scene/control/Tab
instanceKlass  @bci javafx/scene/layout/VBox <clinit> ()V 0 <appendix> argL0 ; # javafx/scene/layout/VBox$$Lambda+0x00000160c90e43d8
instanceKlass  @bci com/priya/neurosyncdemo/ui/AuthView show ()V 236 <appendix> member <vmtarget> ; # com/priya/neurosyncdemo/ui/AuthView$$Lambda+0x00000160c90e2c60
instanceKlass  @bci javafx/scene/control/TextInputControl <init> (Ljavafx/scene/control/TextInputControl$Content;)V 260 <appendix> member <vmtarget> ; # javafx/scene/control/TextInputControl$$Lambda+0x00000160c90e0000
instanceKlass  @bci javafx/scene/control/TextInputControl <init> (Ljavafx/scene/control/TextInputControl$Content;)V 247 <appendix> member <vmtarget> ; # javafx/scene/control/TextInputControl$$Lambda+0x00000160c90dfa08
instanceKlass  @bci javafx/scene/control/TextInputControl <init> (Ljavafx/scene/control/TextInputControl$Content;)V 234 <appendix> member <vmtarget> ; # javafx/scene/control/TextInputControl$$Lambda+0x00000160c90df7d0
instanceKlass javafx/beans/property/IntegerPropertyBase$Listener
instanceKlass com/sun/javafx/binding/BindingHelperObserver
instanceKlass  @bci javafx/scene/control/TextInputControl <init> (Ljavafx/scene/control/TextInputControl$Content;)V 204 <appendix> member <vmtarget> ; # javafx/scene/control/TextInputControl$$Lambda+0x00000160c90de360
instanceKlass javafx/scene/control/TextInputControl$UndoRedoChange
instanceKlass javafx/scene/control/IndexRange
instanceKlass javafx/scene/control/TextInputControl$ContentBase
instanceKlass javafx/scene/control/TextInputControl$Content
instanceKlass com/sun/javafx/scene/control/FormatterAccessor
instanceKlass  @bci javafx/scene/control/TabPane <init> ([Ljavafx/scene/control/Tab;)V 79 <appendix> member <vmtarget> ; # javafx/scene/control/TabPane$$Lambda+0x00000160c90d8b40
instanceKlass  @bci javafx/scene/control/TabPane$TabPaneSelectionModel <init> (Ljavafx/scene/control/TabPane;)V 25 <appendix> member <vmtarget> ; # javafx/scene/control/TabPane$TabPaneSelectionModel$$Lambda+0x00000160c90d8908
instanceKlass javafx/beans/value/ObservableIntegerValue
instanceKlass javafx/beans/value/WritableIntegerValue
instanceKlass javafx/scene/control/SelectionModel
instanceKlass java/util/Collections$1
instanceKlass javafx/scene/layout/BorderPane$BorderPositionProperty$1
instanceKlass java/time/LocalDate
instanceKlass java/time/chrono/ChronoLocalDate
instanceKlass java/time/temporal/TemporalAdjuster
instanceKlass java/time/temporal/Temporal
instanceKlass java/time/temporal/TemporalAccessor
instanceKlass  @bci javafx/scene/layout/HBox <clinit> ()V 0 <appendix> argL0 ; # javafx/scene/layout/HBox$$Lambda+0x00000160c90ceaa0
instanceKlass  @bci javafx/scene/control/Label <init> (Ljava/lang/String;)V 7 <appendix> member <vmtarget> ; # javafx/scene/control/Label$$Lambda+0x00000160c90cafc8
instanceKlass javafx/beans/value/ChangeListener
instanceKlass javafx/event/WeakEventHandler
instanceKlass com/sun/javafx/event/CompositeEventHandler$EventProcessorRecord
instanceKlass com/sun/javafx/event/CompositeEventHandler
instanceKlass javafx/event/EventType
instanceKlass  @bci javafx/event/Event <clinit> ()V 0 <appendix> argL0 ; # javafx/event/Event$$Lambda+0x00000160c90c9188
instanceKlass  @bci javafx/scene/control/Control <clinit> ()V 35 <appendix> argL0 ; # javafx/scene/control/Control$$Lambda+0x00000160c90c8f58
instanceKlass  @cpi com/mysql/cj/protocol/ExportControlled 611 form vmentry <vmtarget> ; # java/lang/invoke/LambdaForm$DMH+0x00000160c90cc000
instanceKlass javafx/event/EventHandler
instanceKlass java/util/EventListener
instanceKlass com/sun/javafx/css/StyleManager$RefList
instanceKlass javafx/css/converter/FontConverter$FontWeightConverter$Holder
instanceKlass javafx/css/converter/StringConverter$Holder
instanceKlass javafx/css/converter/FontConverter$FontSizeConverter$Holder
instanceKlass javafx/css/converter/EffectConverter$Holder
instanceKlass javafx/scene/effect/Effect
instanceKlass com/sun/javafx/scene/layout/region/Margins
instanceKlass com/sun/javafx/scene/layout/region/Margins$Holder
instanceKlass javafx/css/converter/BooleanConverter$Holder
instanceKlass javafx/css/converter/SizeConverter$Holder
instanceKlass javafx/css/converter/InsetsConverter$Holder
instanceKlass com/sun/javafx/css/SelectorPartitioning$Slot
instanceKlass com/sun/javafx/css/BitSet$1
instanceKlass com/sun/javafx/css/SelectorPartitioning$Partition
instanceKlass javafx/css/converter/PaintConverter$Holder
instanceKlass javafx/css/converter/StopConverter$Holder
instanceKlass javafx/css/converter/LadderConverter$Holder
instanceKlass javafx/css/converter/DeriveColorConverter$Holder
instanceKlass javafx/css/converter/URLConverter$Holder
instanceKlass javafx/css/StyleConverter
instanceKlass javafx/css/Size
instanceKlass javafx/css/ParsedValue
instanceKlass javafx/css/Declaration
instanceKlass javafx/css/Rule$Observables
instanceKlass  @bci com/sun/javafx/css/SelectorPartitioning <clinit> ()V 28 <appendix> argL0 ; # com/sun/javafx/css/SelectorPartitioning$$Lambda+0x00000160c90bde40
instanceKlass com/sun/javafx/css/SelectorPartitioning$PartitionKey
instanceKlass com/sun/javafx/css/SelectorPartitioning
instanceKlass com/sun/javafx/css/StyleManager$StylesheetContainer
instanceKlass java/util/AbstractList$SubList$1
instanceKlass javafx/collections/ModifiableObservableListBase$SubObservableList
instanceKlass javafx/css/StyleClass
instanceKlass javafx/css/Selector
instanceKlass javafx/css/Rule
instanceKlass javafx/css/StyleConverter$StringStore
instanceKlass sun/net/www/MessageHeader
instanceKlass sun/net/www/protocol/jar/JarFileFactory
instanceKlass sun/net/www/protocol/jar/URLJarFile$URLJarFileCloseController
instanceKlass java/net/URLConnection
instanceKlass javafx/css/Stylesheet
# instanceKlass java/lang/invoke/LambdaForm$MH+0x00000160c90b8400
# instanceKlass java/lang/invoke/LambdaForm$MH+0x00000160c90b8000
instanceKlass javafx/scene/Scene
instanceKlass javafx/geometry/Point2D
instanceKlass javafx/scene/text/Font
instanceKlass  @bci com/sun/javafx/font/PrismFontFactory <clinit> ()V 59 <appendix> member <vmtarget> ; # com/sun/javafx/font/PrismFontFactory$$Lambda+0x00000160c90b4d08
instanceKlass java/io/FilenameFilter
instanceKlass com/sun/javafx/font/PGFont
instanceKlass com/sun/javafx/font/FontResource
instanceKlass com/sun/javafx/font/PrismFontFactory
instanceKlass com/sun/javafx/scene/text/TextLine
instanceKlass java/text/CharacterIterator
instanceKlass com/sun/javafx/scene/text/GlyphList
instanceKlass com/sun/javafx/text/PrismTextLayout
instanceKlass com/sun/javafx/scene/text/TextLayout
instanceKlass com/sun/javafx/text/PrismTextLayoutFactory
instanceKlass  @bci javafx/scene/text/Text <init> ()V 64 <appendix> member <vmtarget> ; # javafx/scene/text/Text$$Lambda+0x00000160c90b40b8
instanceKlass  @bci javafx/scene/text/Text <init> ()V 37 <appendix> member <vmtarget> ; # javafx/scene/text/Text$$Lambda+0x00000160c90b3c28
instanceKlass javafx/beans/WeakInvalidationListener
instanceKlass javafx/scene/paint/Paint$1
instanceKlass com/sun/javafx/tk/Toolkit$PaintAccessor
instanceKlass javafx/scene/text/Text$1
instanceKlass javafx/scene/shape/Shape$1
instanceKlass com/sun/javafx/scene/text/TextSpan
instanceKlass com/sun/javafx/scene/shape/TextHelper$TextAccessor
instanceKlass com/sun/javafx/scene/shape/ShapeHelper$ShapeAccessor
instanceKlass com/sun/javafx/beans/event/AbstractNotifyListener
instanceKlass com/sun/javafx/scene/control/skin/Utils
instanceKlass  @bci com/sun/javafx/css/StyleManager loadStylesheetUnPrivileged (Ljava/lang/String;)Ljavafx/css/Stylesheet; 7 <appendix> member <vmtarget> ; # com/sun/javafx/css/StyleManager$$Lambda+0x00000160c90aa9e0
instanceKlass com/sun/javafx/css/StyleManager$ImageCache
instanceKlass com/sun/javafx/css/StyleManager$InstanceHolder
instanceKlass com/sun/javafx/css/StyleManager
instanceKlass  @bci com/sun/javafx/application/PlatformImpl _setPlatformUserAgentStylesheet (Ljava/lang/String;)V 370 <appendix> member <vmtarget> ; # com/sun/javafx/application/PlatformImpl$$Lambda+0x00000160c90aa150
instanceKlass  @bci com/sun/javafx/application/PlatformImpl _setAccessibilityTheme (Ljava/lang/String;)V 0 <appendix> argL0 ; # com/sun/javafx/application/PlatformImpl$$Lambda+0x00000160c90a9f20
instanceKlass  @bci com/sun/glass/ui/win/WinApplication getHighContrastScheme (Ljava/lang/String;)Ljava/lang/String; 11 <appendix> member <vmtarget> ; # com/sun/glass/ui/win/WinApplication$$Lambda+0x00000160c90a9cc8
instanceKlass java/util/StringTokenizer
instanceKlass  @bci java/util/zip/ZipFile$Source initCEN (I)V 482 <appendix> argL0 ; # java/util/zip/ZipFile$Source$$Lambda+0x00000160c9060818
instanceKlass jdk/internal/loader/FileURLMapper
instanceKlass java/util/Collections$SynchronizedCollection
instanceKlass java/util/Properties$EntrySet
instanceKlass java/io/Reader
instanceKlass java/util/ResourceBundle$ResourceBundleProviderHelper
instanceKlass  @bci java/util/ResourceBundle$Control getCandidateLocales (Ljava/lang/String;Ljava/util/Locale;)Ljava/util/List; 23 <appendix> argL0 ; # java/util/ResourceBundle$Control$$Lambda+0x80000001e
instanceKlass java/util/ResourceBundle$CacheKeyReference
instanceKlass java/util/ResourceBundle$CacheKey
instanceKlass  @bci java/util/ResourceBundle$Control <clinit> ()V 39 <appendix> argL0 ; # java/util/ResourceBundle$Control$$Lambda+0x80000001f
instanceKlass java/util/ResourceBundle$Control
instanceKlass java/util/ResourceBundle$1
instanceKlass jdk/internal/access/JavaUtilResourceBundleAccess
instanceKlass java/util/ResourceBundle
instanceKlass com/sun/javafx/tk/quantum/QuantumToolkit$6
instanceKlass com/sun/javafx/application/PlatformImpl$2
instanceKlass  @bci com/sun/javafx/application/PlatformImpl _setPlatformUserAgentStylesheet (Ljava/lang/String;)V 8 <appendix> argL0 ; # com/sun/javafx/application/PlatformImpl$$Lambda+0x00000160c90a84e0
instanceKlass javafx/scene/control/Control$1
instanceKlass javafx/scene/control/Skin
instanceKlass com/sun/javafx/scene/control/ControlHelper$ControlAccessor
instanceKlass com/sun/javafx/scene/layout/ScaledMath
instanceKlass javafx/geometry/Insets
instanceKlass  @bci javafx/scene/layout/Region <init> ()V 6 <appendix> member <vmtarget> ; # javafx/scene/layout/Region$$Lambda+0x00000160c909dd70
instanceKlass javafx/collections/SetChangeListener
instanceKlass javafx/scene/layout/Pane$1
instanceKlass com/sun/javafx/geom/Vec2d
instanceKlass javafx/scene/layout/Region$1
instanceKlass javafx/scene/Parent$1
instanceKlass  @bci javafx/scene/PropertyHelper getBooleanProperty (Ljava/lang/String;)Z 1 <appendix> member <vmtarget> ; # javafx/scene/PropertyHelper$$Lambda+0x00000160c9099248
instanceKlass javafx/scene/PropertyHelper
instanceKlass  @bci javafx/scene/Node <clinit> ()V 123 <appendix> argL0 ; # javafx/scene/Node$$Lambda+0x00000160c9098e00
instanceKlass  @cpi software/amazon/awssdk/protocols/json/internal/unmarshall/HeaderUnmarshaller 126 form vmentry <vmtarget> ; # java/lang/invoke/LambdaForm$DMH+0x00000160c909c000
instanceKlass com/sun/javafx/scene/BoundsAccessor
instanceKlass javafx/collections/SetChangeListener$Change
instanceKlass javafx/css/PseudoClass
instanceKlass javafx/geometry/Point3D
instanceKlass com/sun/javafx/scene/transform/TransformHelper
instanceKlass javafx/scene/transform/Transform$1
instanceKlass com/sun/javafx/scene/transform/TransformHelper$TransformAccessor
instanceKlass javafx/scene/transform/Transform
instanceKlass com/sun/javafx/scene/NodeHelper
instanceKlass javafx/scene/Node$1
instanceKlass com/sun/javafx/scene/layout/PaneHelper$PaneAccessor
instanceKlass com/sun/javafx/scene/layout/RegionHelper$RegionAccessor
instanceKlass com/sun/javafx/sg/prism/NGNode
instanceKlass com/sun/javafx/scene/ParentHelper$ParentAccessor
instanceKlass com/sun/glass/ui/Accessible$EventHandler
instanceKlass javafx/css/StyleableProperty
instanceKlass com/sun/javafx/scene/NodeHelper$NodeAccessor
instanceKlass javafx/scene/control/Skinnable
instanceKlass com/priya/neurosyncdemo/ui/AuthView
instanceKlass  @bci com/sun/javafx/collections/VetoableListDecorator <init> (Ljavafx/collections/ObservableList;)V 14 <appendix> member <vmtarget> ; # com/sun/javafx/collections/VetoableListDecorator$$Lambda+0x00000160c903f1d8
instanceKlass  @bci com/sun/javafx/collections/TrackableObservableList <init> ()V 13 <appendix> member <vmtarget> ; # com/sun/javafx/collections/TrackableObservableList$$Lambda+0x00000160c903efa0
instanceKlass com/sun/javafx/collections/VetoableListDecorator$ModCountAccessor
instanceKlass com/sun/javafx/collections/VetoableListDecorator
instanceKlass com/sun/javafx/event/EventDispatchChainImpl
instanceKlass javafx/event/EventDispatchChain
instanceKlass com/sun/javafx/event/BasicEventDispatcher
instanceKlass javafx/event/EventDispatcher
instanceKlass java/util/EventObject
instanceKlass javafx/beans/binding/NumberBinding
instanceKlass javafx/stage/Window$TKBoundsConfigurator
instanceKlass com/sun/javafx/tk/TKPulseListener
instanceKlass javafx/stage/Stage$2
instanceKlass javafx/stage/Stage$1
instanceKlass com/sun/javafx/stage/WindowHelper
instanceKlass javafx/stage/Window$1
instanceKlass com/sun/javafx/stage/WindowPeerListener
instanceKlass com/sun/javafx/tk/TKStageListener
instanceKlass javafx/beans/binding/StringExpression
instanceKlass javafx/beans/value/ObservableStringValue
instanceKlass javafx/beans/value/WritableStringValue
instanceKlass com/sun/javafx/stage/StagePeerListener$StageAccessor
instanceKlass com/sun/javafx/stage/StageHelper$StageAccessor
instanceKlass javafx/scene/Node
instanceKlass javafx/css/Styleable
instanceKlass com/sun/javafx/stage/WindowHelper$WindowAccessor
instanceKlass javafx/beans/value/WritableDoubleValue
instanceKlass javafx/beans/value/WritableNumberValue
instanceKlass  @bci com/sun/javafx/application/LauncherImpl launchApplication1 (Ljava/lang/Class;Ljava/lang/Class;[Ljava/lang/String;)V 415 <appendix> member <vmtarget> ; # com/sun/javafx/application/LauncherImpl$$Lambda+0x00000160c902c8f8
instanceKlass  @bci com/sun/javafx/application/PlatformImpl setApplicationName (Ljava/lang/Class;)V 1 <appendix> member <vmtarget> ; # com/sun/javafx/application/PlatformImpl$$Lambda+0x00000160c902c6c0
instanceKlass  @bci com/sun/javafx/application/LauncherImpl launchApplication1 (Ljava/lang/Class;Ljava/lang/Class;[Ljava/lang/String;)V 303 <appendix> member <vmtarget> ; # com/sun/javafx/application/LauncherImpl$$Lambda+0x00000160c902c488
instanceKlass com/sun/javafx/application/LauncherImpl$1
instanceKlass  @bci software/amazon/awssdk/core/internal/http/pipeline/stages/SigningStage sraSignRequest (Lsoftware/amazon/awssdk/http/SdkHttpFullRequest;Lsoftware/amazon/awssdk/core/internal/http/RequestExecutionContext;Lsoftware/amazon/awssdk/core/SelectedAuthScheme;)Lsoftware/amazon/awssdk/http/SdkHttpFullRequest; 29 <appendix> form vmentry <vmtarget> ; # java/lang/invoke/LambdaForm$DMH+0x00000160c9029800
instanceKlass  @bci com/sun/javafx/application/LauncherImpl launchApplication (Ljava/lang/Class;Ljava/lang/Class;[Ljava/lang/String;)V 109 <appendix> member <vmtarget> ; # com/sun/javafx/application/LauncherImpl$$Lambda+0x00000160c902c000
instanceKlass  @bci com/sun/javafx/application/LauncherImpl launchApplication (Ljava/lang/Class;[Ljava/lang/String;)V 8 <appendix> argL0 ; # com/sun/javafx/application/LauncherImpl$$Lambda+0x00000160c9027cb0
instanceKlass java/lang/StackTraceElement$HashedModules
# instanceKlass java/lang/invoke/LambdaForm$MH+0x00000160c9029400
# instanceKlass java/lang/invoke/LambdaForm$MH+0x00000160c9029000
# instanceKlass java/lang/invoke/LambdaForm$MH+0x00000160c9028c00
instanceKlass javafx/stage/Window
instanceKlass javafx/event/EventTarget
instanceKlass  @bci com/sun/javafx/application/PlatformImpl lambda$runLater$11 (Ljava/lang/Runnable;Ljava/security/AccessControlContext;)V 1 <appendix> member <vmtarget> ; # com/sun/javafx/application/PlatformImpl$$Lambda+0x00000160c9027410
instanceKlass com/sun/scenario/animation/AbstractPrimaryTimer$MainLoop
instanceKlass com/sun/scenario/DelayedRunnable
instanceKlass com/sun/glass/ui/InvokeLaterDispatcher$Future
instanceKlass com/sun/scenario/animation/shared/TimerReceiver
instanceKlass java/util/concurrent/LinkedBlockingDeque$Node
instanceKlass com/sun/scenario/animation/shared/PulseReceiver
instanceKlass  @bci com/sun/javafx/application/PlatformImpl runLater (Ljava/lang/Runnable;Z)V 68 <appendix> member <vmtarget> ; # com/sun/javafx/application/PlatformImpl$$Lambda+0x00000160c9026930
instanceKlass  @bci com/sun/javafx/application/PlatformImpl runAndWait (Ljava/lang/Runnable;Z)V 43 <appendix> member <vmtarget> ; # com/sun/javafx/application/PlatformImpl$$Lambda+0x00000160c90266f8
instanceKlass com/sun/javafx/animation/TickCalculation
instanceKlass  @bci com/sun/scenario/animation/AbstractPrimaryTimer <clinit> ()V 16 <appendix> argL0 ; # com/sun/scenario/animation/AbstractPrimaryTimer$$Lambda+0x00000160c90262b0
instanceKlass  @bci com/priya/neurosyncdemo/ui/AuthView show ()V 510 <appendix> form vmentry <vmtarget> ; # java/lang/invoke/LambdaForm$DMH+0x00000160c9028800
instanceKlass  @bci com/sun/javafx/application/LauncherImpl launchApplicationWithArgs (Lcom/sun/javafx/application/ModuleAccess;Ljava/lang/String;Ljava/lang/String;[Ljava/lang/String;)V 55 <appendix> member <vmtarget> ; # com/sun/javafx/application/LauncherImpl$$Lambda+0x00000160c9026078
instanceKlass com/sun/scenario/Settings
instanceKlass  @cpi com/priya/neurosyncdemo/ui/AuthView 372 form vmentry <vmtarget> ; # java/lang/invoke/LambdaForm$DMH+0x00000160c9028400
instanceKlass java/util/AbstractList$Itr
instanceKlass javafx/collections/ListChangeBuilder$SubChange
instanceKlass javafx/collections/ListChangeBuilder
instanceKlass javafx/geometry/Rectangle2D
instanceKlass  @bci javafx/stage/Screen <clinit> ()V 29 <appendix> argL0 ; # javafx/stage/Screen$$Lambda+0x00000160c9025020
instanceKlass  @cpi javafx/util/Subscription 79 form vmentry <vmtarget> ; # java/lang/invoke/LambdaForm$DMH+0x00000160c9028000
instanceKlass com/sun/javafx/tk/TKScreenConfigurationListener
instanceKlass com/sun/javafx/binding/ExpressionHelperBase
instanceKlass javafx/collections/WeakListChangeListener
instanceKlass javafx/beans/WeakListener
instanceKlass  @bci javafx/collections/FXCollections$UnmodifiableObservableListImpl <init> (Ljavafx/collections/ObservableList;)V 11 <appendix> member <vmtarget> ; # javafx/collections/FXCollections$UnmodifiableObservableListImpl$$Lambda+0x00000160c90242a0
instanceKlass javafx/collections/ListChangeListener
instanceKlass javafx/collections/ListChangeListener$Change
instanceKlass javafx/util/Callback
instanceKlass com/sun/javafx/collections/SortableList
instanceKlass javafx/collections/FXCollections$EmptyObservableSet$1
instanceKlass javafx/collections/FXCollections$EmptyObservableList$1
instanceKlass javafx/collections/ObservableIntegerArray
instanceKlass javafx/collections/ObservableFloatArray
instanceKlass javafx/collections/ObservableArray
instanceKlass javafx/collections/ObservableSet
instanceKlass javafx/collections/ObservableList
instanceKlass javafx/collections/ObservableMap
instanceKlass javafx/collections/FXCollections
instanceKlass javafx/stage/Screen
instanceKlass  @bci com/sun/javafx/tk/quantum/QuantumToolkit runToolkit ()V 55 <appendix> member <vmtarget> ; # com/sun/javafx/tk/quantum/QuantumToolkit$$Lambda+0x00000160c9020f48
instanceKlass  @bci com/sun/javafx/tk/quantum/QuantumToolkit runToolkit ()V 45 <appendix> member <vmtarget> ; # com/sun/javafx/tk/quantum/QuantumToolkit$$Lambda+0x00000160c9020d10
instanceKlass com/sun/prism/impl/ps/BaseShaderContext$State
instanceKlass com/sun/javafx/geom/Vec3d
instanceKlass com/sun/prism/impl/VertexBuffer
instanceKlass com/sun/javafx/geom/BaseBounds
instanceKlass com/sun/javafx/geom/transform/GeneralTransform3D
instanceKlass com/sun/javafx/geom/transform/BaseTransform
instanceKlass com/sun/javafx/geom/transform/CanTransformVec3d
instanceKlass com/sun/prism/MaskTextureGraphics
instanceKlass com/sun/prism/ReadbackGraphics
instanceKlass com/sun/prism/ps/ShaderGraphics
instanceKlass com/sun/prism/impl/BaseGraphics
instanceKlass com/sun/prism/RectShadowGraphics
instanceKlass com/sun/prism/Graphics
instanceKlass com/sun/prism/impl/BaseContext
instanceKlass com/sun/prism/ps/Shader
instanceKlass com/sun/prism/Mesh
instanceKlass com/sun/prism/MeshView
instanceKlass com/sun/prism/PhongMaterial
instanceKlass com/sun/prism/Material
instanceKlass com/sun/prism/Presentable
instanceKlass com/sun/prism/RTTexture
instanceKlass com/sun/prism/RenderTarget
instanceKlass com/sun/prism/Surface
instanceKlass com/sun/prism/Texture
instanceKlass com/sun/prism/impl/TextureResourcePool
instanceKlass com/sun/prism/impl/ResourcePool
instanceKlass com/sun/prism/shape/ShapeRep
instanceKlass java/util/concurrent/Executors$RunnableAdapter
instanceKlass java/util/concurrent/FutureTask$WaitNode
instanceKlass  @bci com/sun/javafx/tk/quantum/QuantumRenderer createResourceFactory ()V 16 <appendix> argL0 ; # com/sun/javafx/tk/quantum/QuantumRenderer$$Lambda+0x00000160c901e580
instanceKlass  @bci com/sun/javafx/tk/quantum/QuantumRenderer createResourceFactory ()V 10 <appendix> member <vmtarget> ; # com/sun/javafx/tk/quantum/QuantumRenderer$$Lambda+0x00000160c901e348
instanceKlass java/util/concurrent/FutureTask
instanceKlass java/util/Arrays$ArrayItr
instanceKlass  @bci com/sun/glass/ui/Screen <clinit> ()V 4 <appendix> argL0 ; # com/sun/glass/ui/Screen$$Lambda+0x00000160c901ba68
instanceKlass  @bci com/sun/glass/ui/win/WinApplication lambda$runLoop$4 (ILjava/lang/Runnable;)Ljava/lang/Thread; 7 <appendix> member <vmtarget> ; # com/sun/glass/ui/win/WinApplication$$Lambda+0x00000160c901b830
instanceKlass  @cpi com/sun/glass/ui/win/WinApplication 503 form vmentry <vmtarget> ; # java/lang/invoke/LambdaForm$DMH+0x00000160c901c800
instanceKlass  @bci com/sun/glass/ui/win/WinApplication runLoop (Ljava/lang/Runnable;)V 58 <adapter> ; # java/lang/invoke/LambdaForm$MH+0x00000160c901c400
instanceKlass  @bci com/sun/glass/ui/win/WinApplication runLoop (Ljava/lang/Runnable;)V 58 <appendix> form vmentry <vmtarget> ; # java/lang/invoke/LambdaForm$DMH+0x00000160c901c000
instanceKlass  @bci com/sun/glass/ui/win/WinApplication runLoop (Ljava/lang/Runnable;)V 58 <appendix> member <vmtarget> ; # com/sun/glass/ui/win/WinApplication$$Lambda+0x00000160c901b5f8
instanceKlass  @bci com/sun/glass/ui/win/WinApplication getDesiredAwarenesslevel ()I 8 <appendix> argL0 ; # com/sun/glass/ui/win/WinApplication$$Lambda+0x00000160c901b3c8
instanceKlass  @bci com/sun/glass/ui/win/WinApplication runLoop (Ljava/lang/Runnable;)V 0 <appendix> argL0 ; # com/sun/glass/ui/win/WinApplication$$Lambda+0x00000160c901b198
instanceKlass  @bci com/sun/glass/ui/Application run (Ljava/lang/Runnable;)V 29 <appendix> member <vmtarget> ; # com/sun/glass/ui/Application$$Lambda+0x00000160c901af60
instanceKlass java/util/concurrent/BlockingDeque
instanceKlass  @bci com/sun/glass/ui/win/WinApplication <init> ()V 4 <appendix> argL0 ; # com/sun/glass/ui/win/WinApplication$$Lambda+0x00000160c901a9f8
instanceKlass java/lang/ProcessEnvironment$CheckedEntry
instanceKlass java/lang/ProcessEnvironment$CheckedEntrySet$1
instanceKlass java/lang/ProcessEnvironment$EntryComparator
instanceKlass java/lang/ProcessEnvironment$NameComparator
instanceKlass com/sun/glass/ui/win/WinApplication$1
instanceKlass com/sun/glass/ui/Accessible
instanceKlass com/sun/glass/ui/Cursor
instanceKlass com/sun/glass/ui/Pixels
instanceKlass com/sun/glass/ui/Window
instanceKlass com/sun/glass/ui/View
instanceKlass com/sun/glass/ui/GlassRobot
instanceKlass com/sun/glass/ui/Timer
instanceKlass com/sun/glass/ui/InvokeLaterDispatcher$InvokeLaterSubmitter
instanceKlass com/sun/glass/ui/delegate/MenuDelegate
instanceKlass com/sun/glass/ui/delegate/MenuBarDelegate
instanceKlass com/sun/glass/ui/delegate/ClipboardDelegate
instanceKlass com/sun/glass/ui/delegate/MenuItemDelegate
instanceKlass  @bci com/sun/glass/ui/Platform determinePlatform ()Ljava/lang/String; 6 <appendix> argL0 ; # com/sun/glass/ui/Platform$$Lambda+0x00000160c90188c0
instanceKlass com/sun/glass/ui/Platform
instanceKlass com/sun/glass/ui/PlatformFactory
instanceKlass  @bci com/sun/javafx/tk/quantum/QuantumToolkit startup (Ljava/lang/Runnable;)V 16 <appendix> member <vmtarget> ; # com/sun/javafx/tk/quantum/QuantumToolkit$$Lambda+0x00000160c9018470
instanceKlass  @bci com/sun/javafx/application/PlatformImpl startup (Ljava/lang/Runnable;Z)V 234 <appendix> member <vmtarget> ; # com/sun/javafx/application/PlatformImpl$$Lambda+0x00000160c9018238
instanceKlass java/lang/Shutdown$Lock
instanceKlass java/lang/Shutdown
instanceKlass java/lang/ApplicationShutdownHooks$1
instanceKlass java/lang/ApplicationShutdownHooks
instanceKlass  @bci com/sun/javafx/tk/quantum/QuantumToolkit init ()Z 37 <appendix> member <vmtarget> ; # com/sun/javafx/tk/quantum/QuantumToolkit$$Lambda+0x00000160c9018000
instanceKlass  @bci com/sun/javafx/tk/quantum/PaintCollector <clinit> ()V 16 <appendix> argL0 ; # com/sun/javafx/tk/quantum/PaintCollector$$Lambda+0x00000160c9015d48
instanceKlass  @cpi com/sun/prism/impl/ps/CachingShapeRepState$MaskCache 286 form vmentry <vmtarget> ; # java/lang/invoke/LambdaForm$DMH+0x00000160c9014c00
instanceKlass com/sun/javafx/tk/quantum/GlassScene
instanceKlass com/sun/javafx/tk/TKScene
instanceKlass com/sun/javafx/tk/quantum/PaintCollector
instanceKlass com/sun/javafx/tk/CompletionListener
instanceKlass java/util/concurrent/ForkJoinPool$DefaultForkJoinWorkerThreadFactory
instanceKlass java/util/concurrent/ForkJoinPool$1
instanceKlass jdk/internal/access/JavaUtilConcurrentFJPAccess
instanceKlass java/util/concurrent/ForkJoinTask
instanceKlass java/util/concurrent/ForkJoinPool$WorkQueue
instanceKlass java/util/concurrent/ForkJoinPool$ForkJoinWorkerThreadFactory
instanceKlass java/util/concurrent/ForkJoinPool$ManagedBlocker
instanceKlass  @bci com/sun/glass/ui/Application <clinit> ()V 4 <appendix> argL0 ; # com/sun/glass/ui/Application$$Lambda+0x00000160c90158e0
instanceKlass com/sun/glass/ui/Application
instanceKlass com/sun/glass/ui/View$Capability
instanceKlass com/sun/glass/ui/Screen
instanceKlass com/sun/prism/impl/BaseResourceFactory
instanceKlass com/sun/prism/ps/ShaderFactory
instanceKlass  @bci com/sun/prism/d3d/D3DPipeline <clinit> ()V 0 <appendix> argL0 ; # com/sun/prism/d3d/D3DPipeline$$Lambda+0x00000160c9016ba8
instanceKlass com/sun/prism/ResourceFactory
instanceKlass com/sun/prism/GraphicsResource
instanceKlass com/sun/javafx/font/FontFactory
instanceKlass com/sun/prism/GraphicsPipeline
instanceKlass java/util/concurrent/locks/AbstractQueuedSynchronizer$Node
instanceKlass  @bci com/sun/javafx/tk/quantum/QuantumRenderer$QuantumThreadFactory lambda$newThread$1 (Lcom/sun/javafx/tk/quantum/QuantumRenderer$PipelineRunnable;)Ljava/lang/Thread; 31 <appendix> argL0 ; # com/sun/javafx/tk/quantum/QuantumRenderer$QuantumThreadFactory$$Lambda+0x00000160c90166c8
instanceKlass  @cpi software/amazon/awssdk/services/rekognition/model/FaceDetailListCopier 66 form vmentry <vmtarget> ; # java/lang/invoke/LambdaForm$DMH+0x00000160c9014800
instanceKlass  @bci java/awt/EventQueue <init> ()V 53 <appendix> form vmentry <vmtarget> ; # java/lang/invoke/LambdaForm$MH+0x00000160c9014400
instanceKlass java/lang/Thread$ThreadNumbering
instanceKlass  @bci com/sun/javafx/tk/quantum/QuantumRenderer$QuantumThreadFactory newThread (Ljava/lang/Runnable;)Ljava/lang/Thread; 19 <appendix> member <vmtarget> ; # com/sun/javafx/tk/quantum/QuantumRenderer$QuantumThreadFactory$$Lambda+0x00000160c9016490
instanceKlass com/sun/javafx/tk/quantum/QuantumRenderer$PipelineRunnable
instanceKlass com/sun/javafx/tk/quantum/QuantumRenderer$QuantumThreadFactory
instanceKlass jdk/internal/vm/ThreadContainers
instanceKlass jdk/internal/vm/StackableScope
instanceKlass java/util/concurrent/Executors$DefaultThreadFactory
instanceKlass java/util/concurrent/Executors
instanceKlass java/util/concurrent/LinkedBlockingQueue$Node
instanceKlass java/util/concurrent/locks/AbstractQueuedSynchronizer$ConditionObject
instanceKlass java/util/concurrent/locks/Condition
instanceKlass java/util/concurrent/atomic/AtomicReference
instanceKlass  @bci com/sun/javafx/tk/quantum/QuantumRenderer <clinit> ()V 16 <appendix> argL0 ; # com/sun/javafx/tk/quantum/QuantumRenderer$$Lambda+0x00000160c9013cf0
instanceKlass java/util/concurrent/ThreadPoolExecutor$AbortPolicy
instanceKlass java/util/concurrent/RejectedExecutionHandler
instanceKlass java/util/concurrent/RunnableFuture
instanceKlass java/util/concurrent/Future
instanceKlass java/util/concurrent/BlockingQueue
instanceKlass java/util/concurrent/AbstractExecutorService
instanceKlass java/util/concurrent/ExecutorService
instanceKlass java/util/concurrent/Executor
instanceKlass  @bci com/sun/javafx/tk/quantum/GlassSystemMenu <init> ()V 38 <appendix> member <vmtarget> ; # com/sun/javafx/tk/quantum/GlassSystemMenu$$Lambda+0x00000160c9013680
instanceKlass  @cpi software/amazon/awssdk/http/apache/internal/RepeatableInputStreamRequestEntity 147 form vmentry <vmtarget> ; # java/lang/invoke/LambdaForm$DMH+0x00000160c9014000
instanceKlass com/sun/glass/ui/MenuItem$Callback
instanceKlass javafx/scene/input/KeyCombination
instanceKlass com/sun/glass/ui/Menu$EventHandler
instanceKlass com/sun/javafx/menu/MenuItemBase
instanceKlass com/sun/javafx/tk/quantum/GlassSystemMenu
instanceKlass java/util/Collections$SynchronizedMap
instanceKlass  @bci com/sun/prism/impl/PrismSettings <clinit> ()V 0 <appendix> argL0 ; # com/sun/prism/impl/PrismSettings$$Lambda+0x00000160c90124b8
instanceKlass com/sun/prism/impl/PrismSettings
instanceKlass com/sun/javafx/tk/quantum/PerformanceTrackerHelper$1
instanceKlass com/sun/javafx/tk/quantum/PerformanceTrackerHelper
instanceKlass com/sun/javafx/tk/quantum/QuantumToolkit$PulseTask
instanceKlass com/sun/javafx/geom/PathConsumer2D
instanceKlass com/sun/javafx/geom/Shape
instanceKlass com/sun/prism/BasicStroke
instanceKlass com/sun/javafx/tk/quantum/QuantumToolkit$3
instanceKlass  @bci com/sun/javafx/tk/quantum/QuantumToolkit <clinit> ()V 149 <appendix> argL0 ; # com/sun/javafx/tk/quantum/QuantumToolkit$$Lambda+0x00000160c9010460
instanceKlass  @bci com/sun/javafx/tk/quantum/QuantumToolkit <clinit> ()V 132 <appendix> argL0 ; # com/sun/javafx/tk/quantum/QuantumToolkit$$Lambda+0x00000160c9010230
instanceKlass  @bci com/sun/javafx/tk/quantum/QuantumToolkit <clinit> ()V 115 <appendix> argL0 ; # com/sun/javafx/tk/quantum/QuantumToolkit$$Lambda+0x00000160c9010000
instanceKlass  @bci com/sun/javafx/tk/quantum/QuantumToolkit <clinit> ()V 98 <appendix> argL0 ; # com/sun/javafx/tk/quantum/QuantumToolkit$$Lambda+0x00000160c900dd18
instanceKlass  @bci com/sun/javafx/tk/quantum/QuantumToolkit <clinit> ()V 84 <appendix> argL0 ; # com/sun/javafx/tk/quantum/QuantumToolkit$$Lambda+0x00000160c900dae8
instanceKlass  @bci com/sun/javafx/tk/quantum/QuantumToolkit <clinit> ()V 67 <appendix> argL0 ; # com/sun/javafx/tk/quantum/QuantumToolkit$$Lambda+0x00000160c900d8b8
instanceKlass  @bci com/sun/javafx/tk/quantum/QuantumToolkit <clinit> ()V 50 <appendix> argL0 ; # com/sun/javafx/tk/quantum/QuantumToolkit$$Lambda+0x00000160c900d688
instanceKlass  @bci com/sun/javafx/tk/quantum/QuantumToolkit <clinit> ()V 33 <appendix> argL0 ; # com/sun/javafx/tk/quantum/QuantumToolkit$$Lambda+0x00000160c900d458
instanceKlass  @bci com/sun/javafx/tk/quantum/QuantumToolkit <clinit> ()V 16 <appendix> argL0 ; # com/sun/javafx/tk/quantum/QuantumToolkit$$Lambda+0x00000160c900d228
instanceKlass com/sun/glass/ui/Screen$EventHandler
instanceKlass com/sun/javafx/tk/FontLoader
instanceKlass com/sun/javafx/scene/text/TextLayoutFactory
instanceKlass com/sun/scenario/effect/Filterable
instanceKlass com/sun/scenario/effect/LockableResource
instanceKlass javafx/scene/shape/PathElement
instanceKlass com/sun/javafx/tk/TKSystemMenu
instanceKlass com/sun/scenario/animation/AbstractPrimaryTimer
instanceKlass com/sun/scenario/effect/FilterContext
instanceKlass com/sun/javafx/tk/PlatformImage
instanceKlass com/sun/javafx/runtime/async/AbstractAsyncOperation
instanceKlass java/util/concurrent/Callable
instanceKlass com/sun/javafx/runtime/async/AsyncOperation
instanceKlass com/sun/javafx/tk/TKStage
instanceKlass com/sun/glass/ui/Application$EventHandler
instanceKlass com/sun/javafx/tk/ImageLoader
instanceKlass com/sun/javafx/tk/ScreenConfigurationAccessor
instanceKlass com/sun/javafx/perf/PerformanceTracker
instanceKlass sun/security/provider/ByteArrayAccess
instanceKlass sun/security/provider/ByteArrayAccess$LE
instanceKlass sun/security/util/MessageDigestSpi2
instanceKlass sun/security/jca/GetInstance$Instance
instanceKlass jdk/internal/event/Event
instanceKlass java/util/LinkedHashMap$LinkedHashIterator
instanceKlass sun/security/util/SecurityProviderConstants
instanceKlass java/security/Provider$UString
instanceKlass java/security/Provider$Service
instanceKlass sun/security/provider/NativePRNG$NonBlocking
instanceKlass sun/security/provider/NativePRNG$Blocking
instanceKlass sun/security/provider/NativePRNG
instanceKlass sun/security/provider/SunEntries
instanceKlass sun/security/util/SecurityConstants
instanceKlass java/security/Security$2
instanceKlass jdk/internal/access/JavaSecurityPropertiesAccess
instanceKlass java/util/concurrent/ConcurrentHashMap$MapEntry
instanceKlass sun/nio/ch/IOStatus
instanceKlass sun/nio/ch/Util$BufferCache
instanceKlass sun/nio/ch/Util
instanceKlass sun/nio/ch/NativeThread
instanceKlass java/util/Properties$LineReader
instanceKlass java/nio/channels/NetworkChannel
instanceKlass sun/nio/ch/SelChImpl
instanceKlass sun/nio/ch/Streams
instanceKlass java/nio/channels/Channels
instanceKlass sun/nio/ch/FileChannelImpl$Closer
instanceKlass sun/nio/ch/NativeThreadSet
instanceKlass java/nio/channels/spi/AbstractInterruptibleChannel$1
instanceKlass sun/nio/ch/Interruptible
instanceKlass sun/nio/ch/IOUtil
instanceKlass sun/nio/ch/NativeDispatcher
instanceKlass java/nio/channels/spi/AbstractInterruptibleChannel
instanceKlass java/nio/channels/InterruptibleChannel
instanceKlass java/nio/channels/ScatteringByteChannel
instanceKlass java/nio/channels/GatheringByteChannel
instanceKlass java/nio/channels/SeekableByteChannel
instanceKlass java/nio/channels/ByteChannel
instanceKlass java/nio/channels/WritableByteChannel
instanceKlass java/nio/channels/ReadableByteChannel
instanceKlass java/nio/channels/Channel
instanceKlass java/util/Collections$EmptyIterator
instanceKlass sun/nio/fs/WindowsChannelFactory$Flags
instanceKlass sun/nio/fs/WindowsChannelFactory$1
instanceKlass sun/nio/fs/WindowsChannelFactory
instanceKlass sun/nio/fs/WindowsSecurityDescriptor
instanceKlass java/nio/file/attribute/FileAttribute
instanceKlass sun/nio/fs/WindowsLinkSupport
instanceKlass java/nio/file/FileSystems$DefaultFileSystemHolder
instanceKlass java/security/Security$SecPropLoader
instanceKlass java/security/Security
instanceKlass javax/security/auth/login/Configuration$Parameters
instanceKlass java/security/Policy$Parameters
instanceKlass javax/crypto/KDFParameters
instanceKlass java/security/cert/CertStoreParameters
instanceKlass java/security/SecureRandomParameters
instanceKlass java/security/Provider$EngineDescription
instanceKlass  @bci java/security/Provider <clinit> ()V 28 <appendix> argL0 ; # java/security/Provider$$Lambda+0x00000160c904f218
instanceKlass java/security/Provider$ServiceKey
instanceKlass sun/security/jca/ProviderConfig
instanceKlass sun/security/jca/ProviderList
instanceKlass sun/security/jca/Providers
instanceKlass sun/security/jca/GetInstance
instanceKlass java/security/MessageDigestSpi
instanceKlass java/util/Formatter$Flags
instanceKlass java/util/Formattable
instanceKlass jdk/internal/misc/Blocker
instanceKlass java/util/Formatter$FormatSpecifier
instanceKlass java/util/Formatter$Conversion
instanceKlass java/util/Formatter$FormatString
instanceKlass java/util/Formatter
instanceKlass jdk/internal/reflect/Reflection$1Holder
instanceKlass  @bci java/awt/Toolkit initAssistiveTechnologies ()V 95 <appendix> form vmentry <vmtarget> ; # java/lang/invoke/LambdaForm$MH+0x00000160c900cc00
instanceKlass  @bci java/awt/Toolkit initAssistiveTechnologies ()V 22 <appendix> form vmentry <vmtarget> ; # java/lang/invoke/LambdaForm$MH+0x00000160c900c400
instanceKlass java/lang/StringConcatHelper$StringConcatBase
instanceKlass java/lang/invoke/StringConcatFactory$InlineHiddenClassStrategy$6
instanceKlass java/lang/invoke/StringConcatFactory$InlineHiddenClassStrategy$3$4
instanceKlass java/lang/invoke/StringConcatFactory$InlineHiddenClassStrategy$4
instanceKlass java/lang/invoke/StringConcatFactory$InlineHiddenClassStrategy$3$1
instanceKlass jdk/internal/classfile/impl/BytecodeHelpers$1
instanceKlass java/lang/invoke/StringConcatFactory$InlineHiddenClassStrategy$7
instanceKlass java/lang/invoke/StringConcatFactory$InlineHiddenClassStrategy$3$2
instanceKlass java/lang/invoke/StringConcatFactory$InlineHiddenClassStrategy$5
instanceKlass java/lang/invoke/StringConcatFactory$InlineHiddenClassStrategy$3$3
instanceKlass java/lang/invoke/StringConcatFactory$InlineHiddenClassStrategy$3
instanceKlass java/lang/invoke/StringConcatFactory$InlineHiddenClassStrategy$2
instanceKlass java/lang/invoke/StringConcatFactory$InlineHiddenClassStrategy$1
instanceKlass java/lang/invoke/StringConcatFactory$InlineHiddenClassStrategy
instanceKlass java/lang/invoke/StringConcatFactory
instanceKlass jdk/internal/module/Resources
instanceKlass java/lang/StackStreamFactory$FrameBuffer
instanceKlass java/lang/StackStreamFactory
instanceKlass  @bci com/sun/glass/utils/NativeLibLoader loadLibrary (Ljava/lang/String;)V 10 <appendix> argL0 ; # com/sun/glass/utils/NativeLibLoader$$Lambda+0x00000160c900ae98
instanceKlass  @bci com/sun/glass/utils/NativeLibLoader <clinit> ()V 28 <appendix> argL0 ; # com/sun/glass/utils/NativeLibLoader$$Lambda+0x00000160c900ac68
instanceKlass com/sun/glass/utils/NativeLibLoader
instanceKlass jdk/internal/math/FloatingDecimal$ASCIIToBinaryBuffer
instanceKlass jdk/internal/math/FloatingDecimal$PreparedASCIIToBinaryBuffer
instanceKlass jdk/internal/math/FloatingDecimal$ASCIIToBinaryConverter
instanceKlass jdk/internal/math/FloatingDecimal$BinaryToASCIIBuffer
instanceKlass jdk/internal/math/FloatingDecimal$ExceptionalBinaryToASCIIBuffer
instanceKlass jdk/internal/math/FloatingDecimal$BinaryToASCIIConverter
instanceKlass jdk/internal/math/FloatingDecimal
instanceKlass  @bci com/sun/javafx/PlatformUtil <clinit> ()V 72 <appendix> argL0 ; # com/sun/javafx/PlatformUtil$$Lambda+0x00000160c900a820
instanceKlass  @bci com/sun/javafx/PlatformUtil <clinit> ()V 56 <appendix> argL0 ; # com/sun/javafx/PlatformUtil$$Lambda+0x00000160c900a5f0
instanceKlass  @bci com/sun/javafx/PlatformUtil <clinit> ()V 37 <appendix> argL0 ; # com/sun/javafx/PlatformUtil$$Lambda+0x00000160c900a3c0
instanceKlass  @bci com/sun/javafx/PlatformUtil <clinit> ()V 18 <appendix> argL0 ; # com/sun/javafx/PlatformUtil$$Lambda+0x00000160c900a190
instanceKlass com/sun/javafx/PlatformUtil
instanceKlass com/sun/javafx/runtime/VersionInfo
instanceKlass  @bci com/sun/javafx/tk/Toolkit getToolkit ()Lcom/sun/javafx/tk/Toolkit; 10 <appendix> argL0 ; # com/sun/javafx/tk/Toolkit$$Lambda+0x00000160c9009b30
instanceKlass  @bci java/util/regex/Pattern DOT ()Ljava/util/regex/Pattern$CharPredicate; 0 <appendix> argL0 ; # java/util/regex/Pattern$$Lambda+0x00000160c90489a0
instanceKlass  @bci java/util/regex/CharPredicates ctype (I)Ljava/util/regex/Pattern$CharPredicate; 1 <appendix> member <vmtarget> ; # java/util/regex/CharPredicates$$Lambda+0x00000160c9048700
instanceKlass javafx/scene/image/Image$1
instanceKlass javafx/scene/image/PixelReader
instanceKlass javafx/beans/binding/NumberExpressionBase
instanceKlass javafx/beans/binding/NumberExpression
instanceKlass javafx/beans/value/ObservableDoubleValue
instanceKlass javafx/beans/value/ObservableNumberValue
instanceKlass com/sun/javafx/tk/Toolkit$ImageAccessor
instanceKlass javafx/geometry/Bounds
instanceKlass com/sun/javafx/util/Utils
instanceKlass javafx/scene/image/Image
instanceKlass  @bci com/sun/javafx/tk/Toolkit <clinit> ()V 14 <appendix> argL0 ; # com/sun/javafx/tk/Toolkit$$Lambda+0x00000160c9008260
instanceKlass com/sun/javafx/tk/TKClipboard
instanceKlass javafx/animation/Interpolatable
instanceKlass javafx/scene/paint/Paint
instanceKlass com/sun/javafx/tk/Toolkit
instanceKlass com/sun/javafx/application/PlatformImpl$1
instanceKlass  @bci com/sun/javafx/application/PlatformImpl startup (Ljava/lang/Runnable;Z)V 145 <appendix> argL0 ; # com/sun/javafx/application/PlatformImpl$$Lambda+0x00000160c9004c60
instanceKlass  @bci com/sun/javafx/application/PlatformImpl <clinit> ()V 176 <appendix> argL0 ; # com/sun/javafx/application/PlatformImpl$$Lambda+0x00000160c9004a30
instanceKlass  @bci com/sun/javafx/application/PlatformImpl <clinit> ()V 159 <appendix> argL0 ; # com/sun/javafx/application/PlatformImpl$$Lambda+0x00000160c9004800
instanceKlass javafx/beans/InvalidationListener
instanceKlass javafx/beans/value/WritableObjectValue
instanceKlass javafx/beans/binding/ObjectExpression
instanceKlass javafx/beans/value/ObservableObjectValue
instanceKlass javafx/beans/binding/Binding
instanceKlass com/sun/javafx/tk/TKListener
instanceKlass java/security/Permission
instanceKlass java/security/Guard
instanceKlass javafx/beans/binding/BooleanExpression
instanceKlass javafx/beans/value/ObservableBooleanValue
instanceKlass javafx/beans/value/WritableBooleanValue
instanceKlass javafx/beans/property/Property
instanceKlass javafx/beans/value/WritableValue
instanceKlass javafx/beans/property/ReadOnlyProperty
instanceKlass javafx/beans/value/ObservableValue
instanceKlass javafx/beans/Observable
instanceKlass com/sun/javafx/application/PlatformImpl
instanceKlass  @bci com/sun/javafx/application/LauncherImpl startToolkit ()V 21 <appendix> member <vmtarget> ; # com/sun/javafx/application/LauncherImpl$$Lambda+0x00000160c9006000
instanceKlass  @cpi software/amazon/awssdk/core/internal/http/CombinedResponseHandler 188 form vmentry <vmtarget> ; # java/lang/invoke/LambdaForm$DMH+0x00000160c9004000
instanceKlass java/util/concurrent/CountDownLatch
instanceKlass  @bci jdk/internal/reflect/DirectMethodHandleAccessor invokeImpl (Ljava/lang/Object;[Ljava/lang/Object;)Ljava/lang/Object; 92 <adapter> ; # java/lang/invoke/LambdaForm$MH+0x00000160c9003c00
# instanceKlass java/lang/invoke/LambdaForm$MH+0x00000160c9003800
# instanceKlass java/lang/invoke/LambdaForm$MH+0x00000160c9003400
instanceKlass java/util/TreeMap$PrivateEntryIterator
instanceKlass java/util/TreeMap$Entry
instanceKlass java/lang/invoke/LambdaFormEditor$1
instanceKlass java/util/NavigableMap
instanceKlass java/util/SortedMap
# instanceKlass java/lang/invoke/LambdaForm$MH+0x00000160c9003000
instanceKlass  @bci java/sql/DriverManager ensureDriversInitialized ()V 70 <appendix> form vmentry <vmtarget> ; # java/lang/invoke/LambdaForm$MH+0x00000160c9002c00
# instanceKlass java/lang/invoke/LambdaForm$MH+0x00000160c9002800
instanceKlass  @cpi software/amazon/awssdk/utils/AttributeMap$DependencyGraph 137 form vmentry <vmtarget> ; # java/lang/invoke/LambdaForm$DMH+0x00000160c9002400
instanceKlass  @cpi software/amazon/awssdk/http/DefaultSdkHttpFullResponse 190 form vmentry <vmtarget> ; # java/lang/invoke/LambdaForm$DMH+0x00000160c9002000
instanceKlass jdk/internal/invoke/MhUtil
instanceKlass java/util/concurrent/atomic/AtomicBoolean
instanceKlass java/security/AccessControlContext
instanceKlass java/security/AccessController
instanceKlass  @bci com/sun/javafx/application/LauncherImpl <clinit> ()V 0 <appendix> argL0 ; # com/sun/javafx/application/LauncherImpl$$Lambda+0x00000160c9001c00
instanceKlass  @cpi software/amazon/awssdk/services/rekognition/model/FaceDetail 520 form vmentry <vmtarget> ; # java/lang/invoke/LambdaForm$DMH+0x00000160c9001800
instanceKlass java/security/PrivilegedAction
instanceKlass jdk/internal/misc/PreviewFeatures
instanceKlass jdk/internal/misc/MethodFinder
instanceKlass javafx/application/Preloader$PreloaderNotification
instanceKlass com/sun/javafx/application/ModuleAccess
instanceKlass javafx/application/Application$Parameters
instanceKlass com/sun/javafx/application/PlatformImpl$FinishListener
instanceKlass com/sun/javafx/application/LauncherImpl
instanceKlass sun/launcher/LauncherHelper$FXHelper
instanceKlass javafx/application/Application
instanceKlass jdk/internal/module/ModulePatcher$PatchedModuleReader
instanceKlass java/util/concurrent/locks/ReentrantReadWriteLock$WriteLock
instanceKlass java/util/concurrent/locks/ReentrantReadWriteLock$ReadLock
instanceKlass java/util/concurrent/locks/ReentrantReadWriteLock
instanceKlass java/util/concurrent/locks/ReadWriteLock
instanceKlass jdk/internal/module/ModuleReferences$SafeCloseModuleReader
instanceKlass java/lang/module/ModuleReader
instanceKlass jdk/internal/loader/BuiltinClassLoader$2
instanceKlass java/security/SecureClassLoader$DebugHolder
instanceKlass java/security/PermissionCollection
instanceKlass java/security/SecureClassLoader$1
instanceKlass java/io/FileInputStream$1
instanceKlass sun/nio/ByteBuffered
instanceKlass java/lang/Package$VersionInfo
instanceKlass java/lang/NamedPackage
instanceKlass jdk/internal/loader/Resource
instanceKlass java/nio/charset/CoderResult
instanceKlass java/lang/Readable
instanceKlass jdk/internal/loader/URLClassPath$Loader
instanceKlass sun/net/util/URLUtil
instanceKlass sun/nio/cs/ArrayDecoder
instanceKlass java/nio/charset/CharsetDecoder
instanceKlass sun/launcher/LauncherHelper
instanceKlass sun/usagetracker/UsageTrackerClient
instanceKlass jdk/internal/util/EnvUtils
instanceKlass jdk/internal/vm/PostVMInitHook
instanceKlass jdk/internal/vm/ContinuationSupport
instanceKlass jdk/internal/module/ModuleBootstrap$SafeModuleFinder
instanceKlass java/lang/ModuleLayer$Controller
instanceKlass java/util/concurrent/CopyOnWriteArrayList
instanceKlass jdk/internal/module/ServicesCatalog$ServiceProvider
instanceKlass jdk/internal/loader/AbstractClassLoaderValue$Memoizer
instanceKlass java/util/SequencedSet
instanceKlass java/util/stream/ForEachOps$ForEachOp
instanceKlass java/util/stream/ForEachOps
instanceKlass  @bci java/lang/module/ModuleFinder$2 findAll ()Ljava/util/Set; 50 <appendix> member <vmtarget> ; # java/lang/module/ModuleFinder$2$$Lambda+0x800000012
instanceKlass  @bci java/lang/module/ModuleFinder$2 findAll ()Ljava/util/Set; 38 <appendix> argL0 ; # java/lang/module/ModuleFinder$2$$Lambda+0x800000013
instanceKlass  @bci jdk/internal/module/ModulePath deriveModuleDescriptor (Ljava/util/jar/JarFile;)Ljava/lang/module/ModuleDescriptor; 373 <appendix> argL0 ; # jdk/internal/module/ModulePath$$Lambda+0x00000160c9044058
instanceKlass  @bci jdk/internal/module/ModulePath deriveModuleDescriptor (Ljava/util/jar/JarFile;)Ljava/lang/module/ModuleDescriptor; 363 <appendix> member <vmtarget> ; # jdk/internal/module/ModulePath$$Lambda+0x80000005b
instanceKlass  @bci java/lang/module/ModuleDescriptor$Builder packages (Ljava/util/Set;)Ljava/lang/module/ModuleDescriptor$Builder; 17 <appendix> argL0 ; # java/lang/module/ModuleDescriptor$Builder$$Lambda+0x80000000f
instanceKlass  @bci jdk/internal/module/ModulePath deriveModuleDescriptor (Ljava/util/jar/JarFile;)Ljava/lang/module/ModuleDescriptor; 324 <appendix> argL0 ; # jdk/internal/module/ModulePath$$Lambda+0x800000055
instanceKlass  @bci jdk/internal/module/ModulePath deriveModuleDescriptor (Ljava/util/jar/JarFile;)Ljava/lang/module/ModuleDescriptor; 314 <appendix> member <vmtarget> ; # jdk/internal/module/ModulePath$$Lambda+0x00000160c9043e00
instanceKlass java/util/HashMap$HashMapSpliterator
instanceKlass  @bci java/util/stream/Collectors partitioningBy (Ljava/util/function/Predicate;Ljava/util/stream/Collector;)Ljava/util/stream/Collector; 33 <appendix> member <vmtarget> ; # java/util/stream/Collectors$$Lambda+0x80000004b
instanceKlass  @bci java/util/stream/Collectors partitioningBy (Ljava/util/function/Predicate;Ljava/util/stream/Collector;)Ljava/util/stream/Collector; 25 <appendix> member <vmtarget> ; # java/util/stream/Collectors$$Lambda+0x800000048
instanceKlass  @bci java/util/stream/Collectors partitioningBy (Ljava/util/function/Predicate;Ljava/util/stream/Collector;)Ljava/util/stream/Collector; 9 <appendix> member <vmtarget> ; # java/util/stream/Collectors$$Lambda+0x800000043
instanceKlass  @bci jdk/internal/module/ModulePath deriveModuleDescriptor (Ljava/util/jar/JarFile;)Ljava/lang/module/ModuleDescriptor; 255 <appendix> argL0 ; # jdk/internal/module/ModulePath$$Lambda+0x80000005e
instanceKlass  @bci jdk/internal/module/ModulePath deriveModuleDescriptor (Ljava/util/jar/JarFile;)Ljava/lang/module/ModuleDescriptor; 245 <appendix> argL0 ; # jdk/internal/module/ModulePath$$Lambda+0x80000005d
instanceKlass  @bci jdk/internal/module/ModulePath deriveModuleDescriptor (Ljava/util/jar/JarFile;)Ljava/lang/module/ModuleDescriptor; 235 <appendix> argL0 ; # jdk/internal/module/ModulePath$$Lambda+0x00000160c9043bb0
instanceKlass  @bci jdk/internal/module/ModulePath deriveModuleDescriptor (Ljava/util/jar/JarFile;)Ljava/lang/module/ModuleDescriptor; 225 <appendix> argL0 ; # jdk/internal/module/ModulePath$$Lambda+0x80000005c
instanceKlass java/util/regex/ASCII
instanceKlass java/util/regex/IntHashSet
instanceKlass java/util/regex/Matcher
instanceKlass java/util/regex/MatchResult
instanceKlass  @bci java/util/regex/Pattern negate (Ljava/util/regex/Pattern$CharPredicate;)Ljava/util/regex/Pattern$CharPredicate; 1 <appendix> member <vmtarget> ; # java/util/regex/Pattern$$Lambda+0x800000033
instanceKlass  @bci java/util/regex/Pattern union (Ljava/util/regex/Pattern$CharPredicate;Ljava/util/regex/Pattern$CharPredicate;Z)Ljava/util/regex/Pattern$CharPredicate; 6 <appendix> member <vmtarget> ; # java/util/regex/Pattern$$Lambda+0x800000034
instanceKlass  @bci java/util/regex/Pattern Range (II)Ljava/util/regex/Pattern$CharPredicate; 23 <appendix> member <vmtarget> ; # java/util/regex/Pattern$$Lambda+0x80000002c
instanceKlass java/util/regex/Pattern$BitClass
instanceKlass java/util/ArrayList$Itr
instanceKlass java/util/regex/Pattern$TreeInfo
instanceKlass  @bci java/util/regex/CharPredicates ASCII_DIGIT ()Ljava/util/regex/Pattern$BmpCharPredicate; 0 <appendix> argL0 ; # java/util/regex/CharPredicates$$Lambda+0x800000026
instanceKlass java/util/regex/CharPredicates
instanceKlass  @bci java/util/regex/Pattern Single (I)Ljava/util/regex/Pattern$BmpCharPredicate; 1 <appendix> member <vmtarget> ; # java/util/regex/Pattern$$Lambda+0x80000002b
instanceKlass java/util/regex/Pattern$BmpCharPredicate
instanceKlass java/util/regex/Pattern$CharPredicate
instanceKlass java/util/regex/Pattern$Node
instanceKlass java/util/regex/Pattern
instanceKlass jdk/internal/module/ModulePath$Patterns
instanceKlass java/util/SequencedMap
instanceKlass java/util/jar/Attributes
instanceKlass java/util/jar/JarVerifier
instanceKlass java/io/RandomAccessFile$1
instanceKlass java/util/WeakHashMap$HashIterator
instanceKlass jdk/internal/module/ModuleReferences$2
instanceKlass jdk/internal/module/ModuleReferences$1
instanceKlass java/net/URI$Parser
instanceKlass sun/nio/fs/WindowsUriSupport
instanceKlass jdk/internal/module/ModuleReferences
instanceKlass jdk/internal/module/ModuleInfo$Attributes
instanceKlass java/util/Collections$UnmodifiableCollection$1
instanceKlass jdk/internal/module/Checks
instanceKlass  @bci jdk/internal/module/ModulePath jarPackages (Ljava/util/jar/JarFile;)Ljava/util/Set; 35 <appendix> argL0 ; # jdk/internal/module/ModulePath$$Lambda+0x800000056
instanceKlass  @bci jdk/internal/module/ModulePath jarPackages (Ljava/util/jar/JarFile;)Ljava/util/Set; 25 <appendix> member <vmtarget> ; # jdk/internal/module/ModulePath$$Lambda+0x800000058
instanceKlass  @bci jdk/internal/module/ModulePath jarPackages (Ljava/util/jar/JarFile;)Ljava/util/Set; 14 <appendix> argL0 ; # jdk/internal/module/ModulePath$$Lambda+0x800000057
instanceKlass  @bci jdk/internal/module/ModulePath jarPackages (Ljava/util/jar/JarFile;)Ljava/util/Set; 4 <appendix> argL0 ; # jdk/internal/module/ModulePath$$Lambda+0x00000160c9042aa8
instanceKlass  @bci java/util/zip/ZipFile jarStream ()Ljava/util/stream/Stream; 25 <appendix> member <vmtarget> ; # java/util/zip/ZipFile$$Lambda+0x80000004e
instanceKlass java/util/function/IntFunction
instanceKlass java/util/Spliterators$AbstractSpliterator
instanceKlass java/lang/module/ModuleDescriptor$Builder
instanceKlass jdk/internal/module/ModuleInfo$ConstantPool$Entry
instanceKlass jdk/internal/module/ModuleInfo$ConstantPool
instanceKlass java/lang/invoke/VarHandle$AccessDescriptor
instanceKlass java/lang/invoke/VarForm
instanceKlass java/lang/invoke/VarHandleGuards
instanceKlass java/lang/invoke/VarHandles
instanceKlass jdk/internal/util/ByteArray
instanceKlass jdk/internal/module/ModuleInfo$CountingDataInput
instanceKlass jdk/internal/module/ModuleInfo
instanceKlass  @bci jdk/internal/module/ModulePath readJar (Ljava/nio/file/Path;)Ljava/lang/module/ModuleReference; 99 <appendix> member <vmtarget> ; # jdk/internal/module/ModulePath$$Lambda+0x00000160c9041668
instanceKlass java/lang/invoke/TypeConvertingMethodAdapter
instanceKlass java/lang/invoke/InnerClassLambdaMetafactory$6
instanceKlass java/lang/invoke/InnerClassLambdaMetafactory$3
instanceKlass java/lang/classfile/Interfaces
instanceKlass java/util/ImmutableCollections$Access$1
instanceKlass jdk/internal/access/JavaUtilCollectionAccess
instanceKlass java/util/ImmutableCollections$Access
instanceKlass java/lang/invoke/InnerClassLambdaMetafactory$1
instanceKlass sun/security/util/Debug
instanceKlass sun/security/util/SignatureFileVerifier
instanceKlass java/util/zip/ZipFile$InflaterCleanupAction
instanceKlass java/util/zip/Inflater$InflaterZStreamRef
instanceKlass java/util/zip/Inflater
instanceKlass java/util/zip/ZipEntry
instanceKlass jdk/internal/perf/PerfCounter$CoreCounters
instanceKlass java/util/Locale$LocaleCache
instanceKlass jdk/internal/util/ReferencedKeyMap$1
instanceKlass sun/util/locale/BaseLocale$1InterningCache
instanceKlass sun/util/locale/LocaleUtils
instanceKlass java/util/Locale
instanceKlass java/nio/file/attribute/FileTime
instanceKlass java/util/zip/ZipUtils
instanceKlass java/util/zip/ZipFile$Source$End
instanceKlass java/io/RandomAccessFile$2
instanceKlass jdk/internal/access/JavaIORandomAccessFileAccess
instanceKlass java/io/RandomAccessFile
instanceKlass java/io/DataInput
instanceKlass java/io/DataOutput
instanceKlass java/util/zip/ZipFile$Source$Key
instanceKlass java/util/zip/ZipFile$Source
instanceKlass java/util/zip/ZipCoder
instanceKlass java/util/zip/ZipFile$CleanableResource
instanceKlass sun/nio/fs/WindowsNativeDispatcher$CompletionStatus
instanceKlass sun/nio/fs/WindowsNativeDispatcher$AclInformation
instanceKlass sun/nio/fs/WindowsNativeDispatcher$Account
instanceKlass sun/nio/fs/WindowsNativeDispatcher$DiskFreeSpace
instanceKlass sun/nio/fs/WindowsNativeDispatcher$VolumeInformation
instanceKlass sun/nio/fs/WindowsNativeDispatcher$FirstStream
instanceKlass sun/nio/fs/WindowsNativeDispatcher$FirstFile
instanceKlass java/util/Enumeration
instanceKlass java/util/concurrent/ConcurrentHashMap$Traverser
instanceKlass jdk/internal/loader/NativeLibraries$2
instanceKlass jdk/internal/loader/NativeLibrary
instanceKlass java/util/ArrayDeque$DeqIterator
instanceKlass jdk/internal/loader/NativeLibraries$NativeLibraryContext$1
instanceKlass jdk/internal/loader/NativeLibraries$NativeLibraryContext
instanceKlass jdk/internal/loader/NativeLibraries$1
instanceKlass jdk/internal/loader/NativeLibraries$LibraryPaths
instanceKlass sun/nio/fs/WindowsNativeDispatcher
instanceKlass sun/nio/fs/NativeBuffer$Deallocator
instanceKlass java/lang/ref/Cleaner$Cleanable
instanceKlass jdk/internal/ref/CleanerImpl$CleanableList$Node
instanceKlass jdk/internal/ref/CleanerImpl$CleanableList
instanceKlass jdk/internal/ref/CleanerImpl
instanceKlass java/lang/ref/Cleaner$1
instanceKlass java/lang/ref/Cleaner
instanceKlass jdk/internal/ref/CleanerFactory$1
instanceKlass java/util/concurrent/ThreadFactory
instanceKlass jdk/internal/ref/CleanerFactory
instanceKlass sun/nio/fs/NativeBuffer
instanceKlass java/lang/ThreadLocal$ThreadLocalMap
instanceKlass java/lang/ThreadLocal
instanceKlass sun/nio/fs/NativeBuffers
instanceKlass sun/nio/fs/WindowsFileAttributes
instanceKlass java/nio/file/attribute/DosFileAttributes
instanceKlass sun/nio/fs/AbstractBasicFileAttributeView
instanceKlass sun/nio/fs/DynamicFileAttributeView
instanceKlass sun/nio/fs/WindowsFileAttributeViews
instanceKlass sun/nio/fs/Util
instanceKlass java/nio/file/attribute/BasicFileAttributeView
instanceKlass java/nio/file/attribute/FileAttributeView
instanceKlass java/nio/file/attribute/AttributeView
instanceKlass java/nio/file/Files
instanceKlass java/nio/file/CopyOption
instanceKlass java/nio/file/attribute/BasicFileAttributes
instanceKlass java/util/Spliterators$EmptySpliterator
instanceKlass java/lang/module/ModuleFinder$1
instanceKlass java/lang/module/Resolver
instanceKlass  @bci jdk/internal/module/DefaultRoots exportsAPI (Ljava/lang/module/ModuleDescriptor;)Z 9 <appendix> argL0 ; # jdk/internal/module/DefaultRoots$$Lambda+0x800000053
instanceKlass  @bci java/lang/module/ModuleFinder$2 find (Ljava/lang/String;)Ljava/util/Optional; 62 <appendix> member <vmtarget> ; # java/lang/module/ModuleFinder$2$$Lambda+0x800000011
instanceKlass  @bci java/util/stream/MatchOps makeRef (Ljava/util/function/Predicate;Ljava/util/stream/MatchOps$MatchKind;)Ljava/util/stream/TerminalOp; 20 <appendix> member <vmtarget> ; # java/util/stream/MatchOps$$Lambda+0x800000005
instanceKlass java/util/stream/MatchOps$BooleanTerminalSink
instanceKlass java/util/stream/MatchOps$MatchOp
instanceKlass java/util/stream/MatchOps
instanceKlass java/util/stream/Streams
instanceKlass java/util/stream/Stream$Builder
instanceKlass java/util/stream/Streams$AbstractStreamBuilderImpl
instanceKlass java/util/stream/ReferencePipeline$7$1FlatMap
instanceKlass java/util/stream/FindOps$FindOp
instanceKlass  @bci java/util/stream/FindOps$FindSink$OfRef <clinit> ()V 6 <appendix> argL0 ; # java/util/stream/FindOps$FindSink$OfRef$$Lambda+0x80000004c
instanceKlass  @bci java/util/stream/FindOps$FindSink$OfRef <clinit> ()V 0 <appendix> argL0 ; # java/util/stream/FindOps$FindSink$OfRef$$Lambda+0x80000004d
instanceKlass java/util/stream/FindOps$FindSink
instanceKlass java/util/stream/FindOps
instanceKlass  @bci java/lang/module/ModuleFinder$2 find (Ljava/lang/String;)Ljava/util/Optional; 43 <appendix> argL0 ; # java/lang/module/ModuleFinder$2$$Lambda+0x800000014
instanceKlass  @bci java/lang/module/ModuleFinder$2 find (Ljava/lang/String;)Ljava/util/Optional; 33 <appendix> member <vmtarget> ; # java/lang/module/ModuleFinder$2$$Lambda+0x800000015
instanceKlass java/util/AbstractList$RandomAccessSpliterator
instanceKlass java/util/stream/Sink$ChainedReference
instanceKlass java/util/stream/ReduceOps$AccumulatingSink
instanceKlass java/util/stream/TerminalSink
instanceKlass java/util/stream/Sink
instanceKlass java/util/stream/ReduceOps$Box
instanceKlass java/util/stream/ReduceOps$ReduceOp
instanceKlass java/util/stream/TerminalOp
instanceKlass java/util/stream/ReduceOps
instanceKlass  @bci java/util/stream/Collectors castingIdentity ()Ljava/util/function/Function; 0 <appendix> argL0 ; # java/util/stream/Collectors$$Lambda+0x800000046
instanceKlass  @bci java/util/stream/Collectors toSet ()Ljava/util/stream/Collector; 14 <appendix> argL0 ; # java/util/stream/Collectors$$Lambda+0x800000044
instanceKlass java/util/function/BinaryOperator
instanceKlass  @bci java/util/stream/Collectors toSet ()Ljava/util/stream/Collector; 9 <appendix> argL0 ; # java/util/stream/Collectors$$Lambda+0x80000003c
instanceKlass java/util/function/BiConsumer
instanceKlass  @bci java/util/stream/Collectors toSet ()Ljava/util/stream/Collector; 4 <appendix> argL0 ; # java/util/stream/Collectors$$Lambda+0x800000049
instanceKlass java/util/stream/Collector
instanceKlass java/util/Collections$UnmodifiableCollection
instanceKlass java/util/stream/Collectors
instanceKlass  @bci jdk/internal/module/DefaultRoots compute (Ljava/lang/module/ModuleFinder;Ljava/lang/module/ModuleFinder;)Ljava/util/Set; 42 <appendix> argL0 ; # jdk/internal/module/DefaultRoots$$Lambda+0x800000050
instanceKlass  @bci jdk/internal/module/DefaultRoots compute (Ljava/lang/module/ModuleFinder;Ljava/lang/module/ModuleFinder;)Ljava/util/Set; 32 <appendix> member <vmtarget> ; # jdk/internal/module/DefaultRoots$$Lambda+0x800000054
instanceKlass  @bci jdk/internal/module/DefaultRoots compute (Ljava/lang/module/ModuleFinder;Ljava/lang/module/ModuleFinder;)Ljava/util/Set; 21 <appendix> argL0 ; # jdk/internal/module/DefaultRoots$$Lambda+0x800000051
instanceKlass  @bci com/mysql/cj/protocol/ExportControlled <clinit> ()V 97 <appendix> form vmentry <vmtarget> ; # java/lang/invoke/LambdaForm$MH+0x00000160c9000800
instanceKlass  @bci jdk/internal/module/DefaultRoots compute (Ljava/lang/module/ModuleFinder;Ljava/lang/module/ModuleFinder;)Ljava/util/Set; 11 <appendix> argL0 ; # jdk/internal/module/DefaultRoots$$Lambda+0x800000052
instanceKlass java/lang/invoke/LambdaProxyClassArchive
instanceKlass java/lang/invoke/InfoFromMemberName
instanceKlass java/lang/invoke/MethodHandleInfo
instanceKlass java/lang/invoke/AbstractValidatingLambdaMetafactory
instanceKlass java/lang/invoke/BootstrapMethodInvoker
instanceKlass java/util/function/Predicate
instanceKlass java/lang/invoke/LambdaMetafactory
# instanceKlass java/lang/invoke/LambdaForm$MH+0x00000160c9000400
instanceKlass jdk/internal/util/ModifiedUtf
instanceKlass java/lang/StringCoding
instanceKlass jdk/internal/classfile/impl/ClassReaderImpl
instanceKlass java/lang/classfile/ClassReader
instanceKlass jdk/internal/classfile/impl/ClassHierarchyImpl$CachedClassHierarchyResolver$1
instanceKlass java/lang/classfile/ClassHierarchyResolver$ClassHierarchyInfo
instanceKlass jdk/internal/classfile/impl/ClassHierarchyImpl$CachedClassHierarchyResolver
instanceKlass jdk/internal/classfile/impl/ClassHierarchyImpl$ClassLoadingClassHierarchyResolver$1
instanceKlass jdk/internal/classfile/impl/ClassHierarchyImpl$ClassLoadingClassHierarchyResolver
instanceKlass java/lang/classfile/ClassHierarchyResolver
instanceKlass jdk/internal/classfile/impl/ClassHierarchyImpl
instanceKlass jdk/internal/classfile/impl/RawBytecodeHelper$1
instanceKlass jdk/internal/classfile/impl/RawBytecodeHelper
instanceKlass jdk/internal/classfile/impl/StackMapGenerator$Frame
instanceKlass jdk/internal/classfile/impl/StackMapGenerator
instanceKlass java/util/ImmutableCollections$ListItr
instanceKlass java/util/ListIterator
instanceKlass jdk/internal/classfile/impl/AnnotationReader
instanceKlass java/lang/classfile/CustomAttribute
instanceKlass jdk/internal/classfile/impl/TerminalFieldBuilder
instanceKlass java/lang/classfile/FieldBuilder
instanceKlass java/lang/invoke/InvokerBytecodeGenerator$2
instanceKlass jdk/internal/classfile/impl/BytecodeHelpers
instanceKlass java/lang/classfile/constantpool/MethodRefEntry
instanceKlass sun/invoke/empty/Empty
instanceKlass sun/invoke/util/VerifyType
instanceKlass jdk/internal/classfile/impl/DirectCodeBuilder$8
instanceKlass java/lang/classfile/instruction/LabelTarget
instanceKlass java/lang/classfile/Label
instanceKlass jdk/internal/classfile/impl/BufWriterImpl
instanceKlass java/lang/classfile/BufWriter
instanceKlass java/lang/classfile/instruction/ExceptionCatch
instanceKlass java/lang/classfile/instruction/LocalVariableType
instanceKlass java/lang/classfile/instruction/LocalVariable
instanceKlass java/lang/classfile/instruction/CharacterRange
instanceKlass java/lang/classfile/PseudoInstruction
instanceKlass java/lang/classfile/CodeElement
instanceKlass jdk/internal/classfile/impl/TerminalCodeBuilder
instanceKlass jdk/internal/classfile/impl/LabelContext
instanceKlass java/lang/classfile/CodeBuilder
instanceKlass java/lang/invoke/InvokerBytecodeGenerator$4$1
instanceKlass java/lang/classfile/constantpool/FieldRefEntry
instanceKlass java/lang/classfile/constantpool/MemberRefEntry
instanceKlass java/lang/classfile/constantpool/NameAndTypeEntry
instanceKlass jdk/internal/classfile/impl/TerminalMethodBuilder
instanceKlass jdk/internal/classfile/impl/MethodInfo
instanceKlass java/lang/classfile/MethodBuilder
instanceKlass java/lang/invoke/InvokerBytecodeGenerator$4
instanceKlass java/lang/classfile/attribute/SourceFileAttribute
instanceKlass java/lang/classfile/Superclass
instanceKlass jdk/internal/classfile/impl/AttributeHolder
instanceKlass java/lang/classfile/ClassBuilder
instanceKlass java/lang/classfile/ClassFileBuilder
instanceKlass jdk/internal/classfile/impl/AbstractDirectBuilder
instanceKlass java/lang/invoke/InvokerBytecodeGenerator$1
instanceKlass jdk/internal/classfile/impl/ClassFileImpl
instanceKlass java/lang/classfile/ClassFile
instanceKlass java/lang/invoke/InvokerBytecodeGenerator$3
instanceKlass java/util/function/Consumer
instanceKlass java/lang/classfile/constantpool/ClassEntry
instanceKlass java/lang/classfile/constantpool/LoadableConstantEntry
instanceKlass jdk/internal/classfile/impl/Util
instanceKlass jdk/internal/classfile/impl/EntryMap
instanceKlass jdk/internal/classfile/impl/BootstrapMethodEntryImpl
instanceKlass java/lang/classfile/BootstrapMethodEntry
instanceKlass jdk/internal/classfile/impl/SplitConstantPool
instanceKlass java/lang/invoke/LambdaFormEditor$Transform
instanceKlass java/lang/invoke/LambdaFormBuffer
instanceKlass java/lang/invoke/LambdaFormEditor$TransformKey
instanceKlass java/lang/invoke/LambdaFormEditor
instanceKlass java/lang/invoke/Invokers$Holder
instanceKlass java/lang/invoke/DelegatingMethodHandle$Holder
instanceKlass java/lang/invoke/DirectMethodHandle$2
instanceKlass java/lang/invoke/ClassSpecializer$Factory
instanceKlass java/lang/invoke/ClassSpecializer$SpeciesData
instanceKlass java/lang/invoke/ClassSpecializer$1
instanceKlass jdk/internal/vm/annotation/Stable
instanceKlass java/lang/invoke/ClassSpecializer
instanceKlass java/lang/invoke/InvokerBytecodeGenerator$8
instanceKlass jdk/internal/classfile/impl/AbstractAttributeMapper
instanceKlass java/lang/classfile/AttributeMapper
instanceKlass java/lang/classfile/Attributes
instanceKlass jdk/internal/classfile/impl/Util$Writable
instanceKlass jdk/internal/classfile/impl/AbstractElement
instanceKlass java/lang/classfile/attribute/RuntimeVisibleAnnotationsAttribute
instanceKlass java/lang/classfile/FieldElement
instanceKlass java/lang/classfile/MethodElement
instanceKlass java/lang/classfile/ClassElement
instanceKlass java/lang/classfile/Attribute
instanceKlass java/lang/classfile/ClassFileElement
instanceKlass java/lang/classfile/constantpool/Utf8Entry
instanceKlass java/lang/classfile/constantpool/AnnotationConstantValueEntry
instanceKlass java/lang/classfile/constantpool/PoolEntry
instanceKlass jdk/internal/classfile/impl/AbstractPoolEntry
instanceKlass jdk/internal/classfile/impl/TemporaryConstantPool
instanceKlass java/lang/classfile/constantpool/ConstantPoolBuilder
instanceKlass java/lang/classfile/constantpool/ConstantPool
instanceKlass java/lang/classfile/Annotation
instanceKlass java/lang/classfile/AnnotationElement
instanceKlass java/lang/invoke/InvokerBytecodeGenerator
instanceKlass java/lang/invoke/LambdaForm$Holder
instanceKlass java/lang/invoke/LambdaForm$Name
instanceKlass java/lang/reflect/Array
instanceKlass java/lang/invoke/Invokers
instanceKlass sun/invoke/util/ValueConversions
instanceKlass java/lang/invoke/DirectMethodHandle$Holder
instanceKlass java/lang/constant/DynamicConstantDesc
instanceKlass jdk/internal/constant/DirectMethodHandleDescImpl$1
instanceKlass jdk/internal/constant/DirectMethodHandleDescImpl
instanceKlass java/lang/constant/DirectMethodHandleDesc
instanceKlass java/lang/constant/MethodHandleDesc$1
instanceKlass java/lang/constant/MethodHandleDesc
instanceKlass jdk/internal/constant/MethodTypeDescImpl
instanceKlass java/lang/constant/MethodTypeDesc
instanceKlass jdk/internal/constant/ConstantUtils
instanceKlass jdk/internal/constant/ArrayClassDescImpl
instanceKlass jdk/internal/constant/ClassOrInterfaceDescImpl
instanceKlass java/lang/constant/ClassDesc
instanceKlass java/lang/constant/ConstantDescs
instanceKlass sun/invoke/util/Wrapper$Format
instanceKlass java/lang/invoke/MethodHandleImpl$1
instanceKlass jdk/internal/access/JavaLangInvokeAccess
instanceKlass java/lang/invoke/LambdaForm$NamedFunction
instanceKlass java/lang/invoke/MethodHandleImpl
instanceKlass jdk/internal/reflect/MethodHandleAccessorFactory$LazyStaticHolder
instanceKlass java/lang/invoke/MethodTypeForm
instanceKlass jdk/internal/util/StrongReferenceKey
instanceKlass jdk/internal/util/ReferenceKey
instanceKlass jdk/internal/util/ReferencedKeyMap
instanceKlass java/lang/invoke/MethodType$1
instanceKlass sun/reflect/annotation/AnnotationParser
instanceKlass java/lang/PublicMethods$Key
instanceKlass java/lang/PublicMethods$MethodList
instanceKlass java/util/EnumMap$1
instanceKlass java/util/stream/StreamOpFlag$MaskBuilder
instanceKlass java/util/stream/Stream
instanceKlass java/util/stream/BaseStream
instanceKlass java/util/stream/PipelineHelper
instanceKlass java/util/stream/StreamSupport
instanceKlass java/util/Spliterators$IteratorSpliterator
instanceKlass java/util/Spliterator
instanceKlass java/util/Spliterators
instanceKlass jdk/internal/module/DefaultRoots
instanceKlass java/lang/module/ModuleFinder$2
instanceKlass jdk/internal/loader/BuiltinClassLoader$LoadedModule
instanceKlass java/lang/Module$EnableNativeAccess
instanceKlass jdk/internal/loader/BootLoader
instanceKlass jdk/internal/module/ModuleResolution
instanceKlass jdk/internal/module/ModuleHashes$Builder
instanceKlass java/util/ImmutableCollections$Set12$1
instanceKlass java/lang/reflect/AccessFlag$18
instanceKlass java/lang/reflect/AccessFlag$17
instanceKlass java/lang/reflect/AccessFlag$16
instanceKlass java/lang/reflect/AccessFlag$15
instanceKlass java/lang/reflect/AccessFlag$14
instanceKlass java/lang/reflect/AccessFlag$13
instanceKlass java/lang/reflect/AccessFlag$12
instanceKlass java/lang/reflect/AccessFlag$11
instanceKlass java/lang/reflect/AccessFlag$10
instanceKlass java/lang/reflect/AccessFlag$9
instanceKlass java/lang/reflect/AccessFlag$8
instanceKlass java/lang/reflect/AccessFlag$7
instanceKlass java/lang/reflect/AccessFlag$6
instanceKlass java/lang/reflect/AccessFlag$5
instanceKlass java/lang/reflect/AccessFlag$4
instanceKlass java/lang/reflect/AccessFlag$3
instanceKlass java/lang/reflect/AccessFlag$2
instanceKlass java/lang/reflect/AccessFlag$1
instanceKlass java/util/ImmutableCollections$SetN$SetNIterator
instanceKlass jdk/internal/module/Builder
instanceKlass jdk/internal/module/SystemModules$all
instanceKlass jdk/internal/module/SystemModules
instanceKlass jdk/internal/module/SystemModulesMap
instanceKlass jdk/internal/module/SystemModuleFinders
instanceKlass jdk/internal/loader/AbstractClassLoaderValue
instanceKlass jdk/internal/module/ServicesCatalog
instanceKlass java/util/Deque
instanceKlass java/util/Queue
instanceKlass sun/net/util/IPAddressUtil$MASKS
instanceKlass sun/net/util/IPAddressUtil
instanceKlass java/net/URLStreamHandler
instanceKlass sun/net/www/ParseUtil
instanceKlass java/net/URL$1
instanceKlass jdk/internal/access/JavaNetURLAccess
instanceKlass java/net/URL$DefaultFactory
instanceKlass java/net/URLStreamHandlerFactory
instanceKlass jdk/internal/loader/URLClassPath
instanceKlass java/util/concurrent/ConcurrentHashMap$CollectionView
instanceKlass jdk/internal/loader/ClassLoaderHelper
instanceKlass jdk/internal/loader/NativeLibraries
instanceKlass java/security/Principal
instanceKlass java/lang/ClassLoader$ParallelLoaders
instanceKlass java/security/cert/Certificate
instanceKlass jdk/internal/loader/ArchivedClassLoaders
instanceKlass java/net/URI$1
instanceKlass jdk/internal/access/JavaNetUriAccess
instanceKlass java/util/Optional
instanceKlass java/lang/Runtime$Version
instanceKlass java/util/jar/JavaUtilJarAccessImpl
instanceKlass jdk/internal/access/JavaUtilJarAccess
instanceKlass java/util/zip/ZipFile$1
instanceKlass jdk/internal/access/JavaUtilZipFileAccess
instanceKlass java/util/BitSet
instanceKlass java/util/zip/ZipFile
instanceKlass java/util/zip/ZipConstants
instanceKlass java/nio/Bits$1
instanceKlass jdk/internal/misc/VM$BufferPool
instanceKlass java/nio/Bits
instanceKlass sun/nio/ch/DirectBuffer
instanceKlass jdk/internal/perf/Perf
instanceKlass jdk/internal/perf/PerfCounter
instanceKlass jdk/internal/module/ModulePath
instanceKlass sun/nio/fs/WindowsPath
instanceKlass sun/nio/fs/WindowsPathParser$Result
instanceKlass sun/nio/fs/WindowsPathParser
instanceKlass java/nio/file/FileSystem
instanceKlass java/nio/file/OpenOption
instanceKlass java/nio/file/spi/FileSystemProvider
instanceKlass sun/nio/fs/DefaultFileSystemProvider
instanceKlass java/nio/file/FileSystems
instanceKlass java/nio/file/Path
instanceKlass java/nio/file/Watchable
instanceKlass jdk/internal/module/ArchivedBootLayer
instanceKlass jdk/internal/module/ModuleBootstrap$Counters
instanceKlass jdk/internal/module/ModuleLoaderMap$Modules
instanceKlass jdk/internal/module/ModuleLoaderMap
instanceKlass jdk/internal/module/ModulePatcher
instanceKlass jdk/internal/util/DecimalDigits
instanceKlass java/io/FileSystem
instanceKlass java/io/DefaultFileSystem
instanceKlass java/io/File
instanceKlass java/lang/module/ModuleDescriptor$1
instanceKlass jdk/internal/access/JavaLangModuleAccess
instanceKlass sun/invoke/util/VerifyAccess
instanceKlass java/util/KeyValueHolder
instanceKlass java/util/ImmutableCollections$MapN$MapNIterator
instanceKlass java/lang/StrictMath
instanceKlass java/lang/invoke/MethodHandles$Lookup
instanceKlass java/lang/invoke/MemberName$Factory
instanceKlass java/lang/invoke/MethodHandles
instanceKlass jdk/internal/module/ModuleBootstrap
instanceKlass java/util/HexFormat
instanceKlass jdk/internal/util/ClassFileDumper
instanceKlass java/lang/CharacterData
instanceKlass java/lang/invoke/MethodHandleStatics
instanceKlass java/util/Collections
instanceKlass java/lang/Thread$ThreadIdentifiers
instanceKlass sun/io/Win32ErrorMode
instanceKlass jdk/internal/misc/OSEnvironment
instanceKlass jdk/internal/misc/Signal$NativeHandler
instanceKlass java/util/Hashtable$Entry
instanceKlass jdk/internal/misc/Signal
instanceKlass java/lang/Terminator$1
instanceKlass jdk/internal/misc/Signal$Handler
instanceKlass java/lang/Terminator
instanceKlass java/nio/ByteOrder
instanceKlass java/nio/Buffer$2
instanceKlass jdk/internal/access/JavaNioAccess
instanceKlass java/nio/Buffer$1
instanceKlass jdk/internal/misc/ScopedMemoryAccess
instanceKlass java/nio/charset/CodingErrorAction
instanceKlass sun/nio/cs/SingleByte
instanceKlass java/lang/StringUTF16
instanceKlass sun/nio/cs/MS1252$Holder
instanceKlass sun/nio/cs/ArrayEncoder
instanceKlass java/nio/charset/CharsetEncoder
instanceKlass java/io/Writer
instanceKlass java/io/OutputStream
instanceKlass java/io/Flushable
instanceKlass java/io/FileDescriptor$1
instanceKlass jdk/internal/access/JavaIOFileDescriptorAccess
instanceKlass java/io/FileDescriptor
instanceKlass jdk/internal/util/StaticProperty
instanceKlass jdk/internal/reflect/MethodHandleAccessorFactory
instanceKlass java/lang/reflect/Modifier
instanceKlass jdk/internal/reflect/Reflection
instanceKlass java/lang/Class$Atomic
instanceKlass java/lang/Class$ReflectionData
instanceKlass java/nio/charset/StandardCharsets
instanceKlass sun/nio/cs/HistoricallyNamedCharset
instanceKlass java/util/Arrays
instanceKlass jdk/internal/util/Preconditions$3
instanceKlass jdk/internal/util/Preconditions$2
instanceKlass jdk/internal/util/Preconditions$4
instanceKlass java/util/function/BiFunction
instanceKlass jdk/internal/util/Preconditions$1
instanceKlass jdk/internal/util/Preconditions
instanceKlass java/nio/charset/spi/CharsetProvider
instanceKlass java/nio/charset/Charset
instanceKlass java/util/HashMap$HashIterator
instanceKlass java/util/concurrent/locks/LockSupport
instanceKlass java/util/concurrent/ConcurrentHashMap$Node
instanceKlass java/util/concurrent/ConcurrentHashMap$CounterCell
instanceKlass java/util/concurrent/locks/ReentrantLock
instanceKlass java/util/concurrent/locks/Lock
instanceKlass java/lang/Runtime
instanceKlass java/lang/VersionProps
instanceKlass java/lang/StringConcatHelper
instanceKlass jdk/internal/util/ArraysSupport
instanceKlass java/lang/StringLatin1
instanceKlass jdk/internal/util/SystemProps$Raw
instanceKlass jdk/internal/util/SystemProps
instanceKlass java/lang/System$1
instanceKlass jdk/internal/access/JavaLangAccess
instanceKlass java/lang/ref/ReferenceQueue$Lock
instanceKlass java/lang/ref/ReferenceQueue
instanceKlass java/lang/ref/Reference$1
instanceKlass jdk/internal/access/JavaLangRefAccess
instanceKlass java/lang/Math
instanceKlass java/io/ObjectStreamClass
instanceKlass jdk/internal/reflect/ReflectionFactory
instanceKlass jdk/internal/access/SharedSecrets
instanceKlass java/lang/reflect/ReflectAccess
instanceKlass jdk/internal/access/JavaLangReflectAccess
instanceKlass java/util/Objects
instanceKlass jdk/internal/misc/CDS
instanceKlass java/lang/Module$ArchivedData
instanceKlass jdk/internal/misc/VM
instanceKlass java/lang/String$CaseInsensitiveComparator
instanceKlass java/util/Comparator
instanceKlass java/io/ObjectStreamField
instanceKlass jdk/internal/math/FDBigInteger
instanceKlass java/lang/ModuleLayer
instanceKlass java/util/ImmutableCollections
instanceKlass jdk/internal/module/ModuleLoaderMap$Mapper
instanceKlass java/util/function/Function
instanceKlass java/lang/module/ResolvedModule
instanceKlass java/lang/module/Configuration
instanceKlass java/util/HashMap$Node
instanceKlass java/util/Map$Entry
instanceKlass java/util/Collections$UnmodifiableMap
instanceKlass jdk/internal/module/ModuleHashes
instanceKlass jdk/internal/module/ModuleTarget
instanceKlass java/lang/module/ModuleDescriptor$Provides
instanceKlass java/lang/module/ModuleDescriptor$Opens
instanceKlass jdk/internal/module/SystemModuleFinders$2
instanceKlass jdk/internal/module/ModuleHashes$HashSupplier
instanceKlass jdk/internal/module/SystemModuleFinders$1
instanceKlass java/util/function/Supplier
instanceKlass java/net/URI
instanceKlass java/lang/module/ModuleDescriptor$Exports
instanceKlass java/lang/module/ModuleDescriptor$Requires
instanceKlass java/lang/module/ModuleDescriptor$Version
instanceKlass java/lang/module/ModuleDescriptor
instanceKlass java/lang/module/ModuleReference
instanceKlass java/util/Set
instanceKlass jdk/internal/module/SystemModuleFinders$SystemModuleFinder
instanceKlass java/lang/module/ModuleFinder
instanceKlass jdk/internal/module/ArchivedModuleGraph
instanceKlass sun/util/locale/BaseLocale
instanceKlass java/util/jar/Attributes$Name
instanceKlass java/lang/Character$CharacterCache
instanceKlass java/lang/Short$ShortCache
instanceKlass java/lang/Byte$ByteCache
instanceKlass java/lang/Long$LongCache
instanceKlass java/lang/Integer$IntegerCache
instanceKlass jdk/internal/vm/FillerObject
instanceKlass jdk/internal/vm/vector/VectorSupport$VectorPayload
instanceKlass jdk/internal/vm/vector/VectorSupport
instanceKlass java/lang/reflect/RecordComponent
instanceKlass java/util/Iterator
instanceKlass java/lang/Void
instanceKlass java/lang/Number
instanceKlass java/lang/Character
instanceKlass java/lang/Boolean
instanceKlass java/util/concurrent/locks/AbstractOwnableSynchronizer
instanceKlass java/lang/LiveStackFrame
instanceKlass java/lang/ClassFrameInfo
instanceKlass java/lang/StackWalker$StackFrame
instanceKlass java/lang/StackStreamFactory$AbstractStackWalker
instanceKlass java/lang/StackWalker
instanceKlass java/nio/Buffer
instanceKlass java/lang/StackTraceElement
instanceKlass java/util/RandomAccess
instanceKlass java/util/List
instanceKlass java/util/SequencedCollection
instanceKlass java/util/AbstractCollection
instanceKlass java/util/Collection
instanceKlass java/lang/Iterable
instanceKlass java/util/concurrent/ConcurrentMap
instanceKlass java/util/AbstractMap
instanceKlass java/security/CodeSource
instanceKlass jdk/internal/loader/ClassLoaders
instanceKlass java/util/jar/Manifest
instanceKlass java/lang/Enum
instanceKlass java/net/URL
instanceKlass java/io/InputStream
instanceKlass java/io/Closeable
instanceKlass java/lang/AutoCloseable
instanceKlass jdk/internal/module/Modules
instanceKlass jdk/internal/misc/Unsafe
instanceKlass jdk/internal/misc/UnsafeConstants
instanceKlass java/lang/AbstractStringBuilder
instanceKlass java/lang/Appendable
instanceKlass java/lang/AssertionStatusDirectives
instanceKlass jdk/internal/foreign/abi/ABIDescriptor
instanceKlass jdk/internal/foreign/abi/NativeEntryPoint
instanceKlass java/lang/invoke/CallSite
instanceKlass java/lang/invoke/MethodType
instanceKlass java/lang/invoke/TypeDescriptor$OfMethod
instanceKlass java/lang/invoke/LambdaForm
instanceKlass java/lang/invoke/MethodHandleNatives
instanceKlass java/lang/invoke/ResolvedMethodName
instanceKlass java/lang/invoke/MemberName
instanceKlass java/lang/invoke/VarHandle
instanceKlass java/lang/invoke/MethodHandle
instanceKlass jdk/internal/reflect/ConstructorAccessorImpl
instanceKlass jdk/internal/reflect/ConstructorAccessor
instanceKlass jdk/internal/reflect/CallerSensitive
instanceKlass java/lang/annotation/Annotation
instanceKlass jdk/internal/reflect/ConstantPool
instanceKlass jdk/internal/reflect/MethodAccessorImpl
instanceKlass jdk/internal/reflect/MethodAccessor
instanceKlass jdk/internal/vm/StackChunk
instanceKlass jdk/internal/vm/Continuation
instanceKlass jdk/internal/vm/ContinuationScope
instanceKlass java/lang/reflect/Parameter
instanceKlass java/lang/reflect/Member
instanceKlass java/lang/reflect/AccessibleObject
instanceKlass java/lang/Module
instanceKlass java/util/Map
instanceKlass java/util/Dictionary
instanceKlass java/lang/ThreadGroup
instanceKlass java/lang/Thread$UncaughtExceptionHandler
instanceKlass java/lang/Thread$Constants
instanceKlass java/lang/Thread$FieldHolder
instanceKlass java/lang/Thread
instanceKlass java/lang/Runnable
instanceKlass java/lang/ref/Reference
instanceKlass java/lang/Record
instanceKlass java/security/ProtectionDomain
instanceKlass java/lang/Throwable
instanceKlass java/lang/System
instanceKlass java/lang/ClassLoader
instanceKlass java/lang/Cloneable
instanceKlass java/lang/Class
instanceKlass java/lang/invoke/TypeDescriptor$OfField
instanceKlass java/lang/invoke/TypeDescriptor
instanceKlass java/lang/reflect/Type
instanceKlass java/lang/reflect/GenericDeclaration
instanceKlass java/lang/reflect/AnnotatedElement
instanceKlass java/lang/String
instanceKlass java/lang/constant/ConstantDesc
instanceKlass java/lang/constant/Constable
instanceKlass java/lang/CharSequence
instanceKlass java/lang/Comparable
instanceKlass java/io/Serializable
ciInstanceKlass java/lang/Object 1 1 115 7 1 10 12 1 1 10 7 12 1 1 1 10 7 12 1 1 1 10 12 1 1 8 1 10 12 1 1 10 7 12 1 1 1 10 12 1 10 12 1 1 100 1 8 1 10 12 1 10 7 12 1 1 1 7 1 10 12 1 7 1 10 12 1 1 8 1 3 8 1 100 1 5 0 1 1 1 1 1 1 1 1 1 1 1 1 1 1 1 1 100 1 1 1 1 1 1 1 1 1 1 1 1 1 100 1 1 1 1 1 1 3 1 1
ciMethod java/lang/Object clone ()Ljava/lang/Object; 256 0 128 0 -1
ciInstanceKlass java/io/Serializable 1 0 7 100 1 100 1 1 1
ciInstanceKlass java/lang/System 1 1 591 10 100 12 1 1 1 10 7 12 1 1 1 10 12 1 1 10 12 1 9 12 1 1 10 7 12 1 1 1 11 100 12 1 1 1 10 100 12 1 1 1 10 12 1 1 100 1 8 1 10 12 1 9 12 1 1 9 12 1 1 10 7 12 1 1 1 10 7 12 1 1 1 10 12 1 1 10 12 1 10 7 12 1 1 1 10 12 1 10 12 1 1 7 1 10 12 1 1 100 1 8 1 10 10 12 1 1 100 1 8 1 10 10 7 12 1 1 10 12 10 7 12 1 1 10 7 12 1 1 1 100 1 8 1 10 10 7 12 1 1 1 10 7 12 1 1 1 100 1 10 100 12 1 1 1 10 12 1 1 10 7 12 1 1 1 10 12 1 1 10 12 1 10 12 1 8 1 10 12 1 1 10 12 1 1 8 1 10 12 1 7 1 7 1 10 12 1 9 7 12 1 1 1 10 7 12 1 1 1 10 12 1 10 12 1 10 7 12 1 1 1 100 1 8 1 10 9 12 1 1 9 12 1 10 12 1 10 100 12 1 1 10 12 1 10 12 1 1 100 1 10 8 1 10 12 1 1 10 12 1 10 12 1 1 10 12 1 1 8 1 11 7 12 1 1 10 12 11 12 1 1 11 7 12 1 1 1 11 7 12 1 1 11 12 1 1 7 1 11 12 1 10 12 1 8 1 10 12 1 1 8 1 8 1 8 1 8 1 11 12 1 10 12 1 1 10 12 1 10 12 1 8 1 10 12 1 1 8 1 9 12 1 8 1 10 7 12 1 1 8 1 7 1 9 7 12 1 1 1 10 12 1 7 1 9 12 10 9 12 7 1 10 12 9 12 1 1 8 1 10 12 1 1 8 1 9 12 1 10 7 12 1 1 10 12 1 10 12 1 1 11 7 12 1 1 10 12 10 7 12 1 1 1 9 12 1 1 100 1 100 1 8 1 10 12 1 1 10 12 1 8 1 8 1 10 8 1 8 1 8 1 8 1 8 1 10 8 1 10 7 12 1 1 1 10 7 12 1 1 1 10 12 1 1 7 1 10 10 12 1 10 12 1 9 12 1 1 1 1 1 1 1 1 1 1 1 1 100 1 1 100 1 1 1 1 1 1 1 1 1 1 3 1 1 1 1 1 1 1 1 1 1 1 1 1 1 1 1 1 1 1 1 1 1 1 1 1 1 1 1 1 1 1 1 1 1 1 1 1 1 1 1 1 1 1 1 1 1 1 1 1 1 1 100 1 1 1 1 1 1 1 1 1 1 1 1 1 1 1 1 1 1 1 1 1 1 1 1 1 100 1 100 1 1 1 1 1 1 1 1
staticfield java/lang/System in Ljava/io/InputStream; java/io/BufferedInputStream
staticfield java/lang/System out Ljava/io/PrintStream; java/io/PrintStream
staticfield java/lang/System err Ljava/io/PrintStream; java/io/PrintStream
instanceKlass java/security/Security$1
instanceKlass java/security/Provider
ciInstanceKlass java/util/Properties 1 1 690 10 7 12 1 1 1 100 1 10 7 12 1 1 7 1 10 12 1 9 12 1 1 9 12 1 1 9 12 1 1 10 7 12 1 1 1 10 12 1 1 8 1 10 7 12 1 1 1 7 1 10 12 1 10 12 1 1 8 1 10 12 1 7 1 10 12 10 12 1 1 9 12 1 1 10 12 1 1 7 1 10 12 1 10 12 1 10 12 1 1 100 1 8 1 10 12 1 10 12 1 10 12 1 1 10 12 1 100 1 3 10 10 100 12 1 1 1 10 12 1 10 12 1 1 8 1 10 12 1 10 12 1 1 8 1 10 100 12 1 1 10 12 1 1 10 12 1 10 12 1 1 100 1 10 12 1 10 12 1 1 100 1 9 100 12 1 1 1 10 12 1 10 12 1 1 10 12 1 1 10 12 1 1 100 1 9 12 1 1 7 1 100 1 10 12 1 100 1 11 7 12 1 1 1 11 12 1 1 11 100 12 1 1 1 11 7 12 1 1 1 11 12 1 1 11 12 1 11 12 1 10 12 1 1 8 1 10 12 1 10 100 12 1 1 10 12 1 100 1 10 10 12 1 10 12 1 100 1 10 10 12 1 1 10 100 12 1 1 9 100 12 1 1 10 12 1 1 10 100 12 1 1 1 100 1 100 1 100 1 10 8 1 8 1 10 12 1 10 12 1 10 12 1 1 10 10 12 1 1 10 12 1 1 7 1 10 10 12 1 11 7 12 1 1 10 7 12 1 1 1 8 1 10 100 12 1 1 11 11 7 1 8 1 10 100 1 11 10 12 1 10 10 12 1 10 12 1 1 10 12 1 1 10 12 1 1 10 12 1 10 12 1 10 10 12 1 10 12 1 10 12 1 10 10 12 1 1 10 12 1 1 10 10 12 1 10 12 1 10 12 1 10 12 1 10 12 1 1 10 12 1 1 10 12 1 10 12 1 10 12 1 1 10 12 10 12 1 1 10 12 1 1 10 12 1 10 12 1 1 10 12 1 1 10 12 10 11 12 1 4 11 10 12 1 1 10 100 12 1 1 11 12 1 10 12 1 1 10 100 12 1 1 10 12 1 100 1 8 1 10 12 1 10 10 100 12 1 1 1 100 1 6 0 10 12 1 1 11 100 12 1 1 1 10 12 1 10 12 1 1 1 1 1 5 0 1 1 1 1 1 1 1 1 1 1 1 1 1 1 1 1 1 1 1 1 1 1 1 1 1 1 1 1 1 1 1 1 1 1 1 1 1 1 1 100 1 1 1 1 1 1 1 1 1 1 1 1 1 1 1 1 1 1 1 1 100 1 1 1 1 1 1 1 1 1 1 1 1 100 1 100 1 1 1 1 1 100 1 1 1 1 1 1 1 1 1 1 1 1 1 1 1 1 1 1 1 1 1 1 1 1 1 1 1 1 1 1 1 1 1 1 1 1 1 1 1 1 1 1 1 1 1 1 1 1 1 1 1 1 1 1 1 1 1 1 1 1 1 1 1 1 1 1 1 1 1 1 1 1 1 1 1 1 1 100 1 1 1 1 1 1 1 1 1 1 1 100 1 1
staticfield java/util/Properties UNSAFE Ljdk/internal/misc/Unsafe; jdk/internal/misc/Unsafe
instanceKlass java/util/Hashtable
ciInstanceKlass java/util/Dictionary 1 1 36 10 7 12 1 1 1 100 1 1 1 1 1 1 1 1 1 1 1 1 1 1 1 1 1 1 1 1 1 1 1 1 1 1 1 1
instanceKlass org/apache/commons/logging/impl/WeakHashtable
instanceKlass java/util/Properties
ciInstanceKlass java/util/Hashtable 1 1 516 100 1 10 7 12 1 1 1 9 7 12 1 1 1 100 1 100 1 10 8 1 10 12 1 1 10 12 1 10 12 1 1 10 12 1 10 7 12 1 1 1 8 1 10 12 1 9 12 1 1 7 1 9 12 1 1 4 10 7 12 1 1 1 9 12 1 4 10 12 1 11 100 12 1 1 1 10 12 1 1 10 12 1 1 9 12 1 10 12 1 1 100 1 10 9 12 1 1 10 7 12 1 1 1 9 12 1 1 10 12 1 10 12 1 3 9 12 1 9 12 1 3 10 12 1 10 12 1 10 12 1 1 11 12 1 1 11 100 12 1 1 1 11 100 12 1 1 1 11 12 1 100 1 11 12 1 11 12 1 10 12 1 1 10 12 1 1 10 12 1 9 12 1 1 9 12 9 12 1 1 10 100 1 100 1 10 12 1 10 8 1 10 10 12 1 8 1 10 8 1 10 100 12 1 1 1 7 1 10 12 1 10 12 1 100 1 10 12 1 10 12 1 1 100 1 10 100 1 10 10 12 1 1 11 12 1 1 11 12 1 100 1 10 10 10 100 12 1 1 11 100 12 1 1 1 100 1 10 11 100 12 1 1 11 100 12 1 10 12 1 10 12 1 1 10 100 12 1 1 10 12 1 1 10 12 1 1 10 12 1 1 10 100 12 1 1 1 8 10 100 12 1 1 100 1 8 1 10 4 4 10 12 1 1 10 12 1 8 1 4 10 12 10 100 12 1 1 1 100 1 11 100 12 1 1 1 10 100 12 1 1 1 10 12 1 10 12 1 1 10 100 1 100 1 1 1 1 1 1 5 0 1 1 1 1 1 3 1 3 1 3 1 1 1 1 1 1 1 1 1 1 1 1 1 1 1 1 1 1 1 1 1 1 1 1 1 100 1 1 1 1 1 1 1 1 1 1 1 1 1 1 1 1 1 1 1 1 1 1 1 1 1 1 1 1 1 100 1 1 1 1 1 1 1 1 1 1 1 1 1 1 100 1 1 1 1 1 1 1 1 1 1 1 1 1 1 1 1 1 1 1 1 1 1 1 1 1 1 1 1 1 1 1 1 1 1 1 1 1 1 1 1 1 1 1 1 100 1 1 1 100 1 1 1 1 1 100 1 1 1 1 1 1 1 1 1 1 1 1 1 1 1 1 1 1
ciInstanceKlass java/util/Map 1 1 263 11 7 12 1 1 1 11 12 1 1 10 7 12 1 1 11 12 1 1 11 7 12 1 1 1 11 100 12 1 1 1 11 12 1 1 7 1 11 12 1 11 12 1 100 1 100 1 10 12 1 1 11 100 12 1 1 1 11 100 12 1 1 1 11 12 1 11 12 1 10 12 1 1 11 12 1 11 7 12 1 9 7 12 1 1 1 7 1 10 12 7 1 7 1 10 12 1 7 1 10 7 1 11 12 1 11 12 1 1 11 12 1 1 7 1 11 12 1 1 1 1 1 1 1 1 1 1 1 1 1 1 1 1 1 1 1 1 1 1 1 1 1 1 1 1 1 1 1 1 1 1 1 1 1 1 1 1 1 1 1 1 1 1 1 1 1 1 1 1 1 1 1 1 1 1 1 1 1 1 1 1 1 1 1 1 1 1 1 1 1 1 1 1 1 1 1 1 1 1 1 1 1 1 1 1 1 1 1 1 1 1 1 1 1 1 1 1 1 1 1 1 1 1 1 1 1 1 1 1 1 1 1 1 1 1 1 1 1 1 1 1 1 1 100 1 1 1 1 1 1 1 1 1 1 1 1 1 1 1 1 1 1
ciInstanceKlass java/lang/String 1 1 1471 10 7 12 1 1 1 8 1 9 7 12 1 1 1 9 12 1 1 9 12 1 1 9 12 1 1 10 12 1 10 12 1 1 10 12 1 1 9 12 1 10 7 12 1 1 1 10 12 1 1 10 12 1 10 7 12 1 1 1 10 12 1 1 10 12 1 1 10 12 1 10 12 1 1 10 12 1 10 7 12 1 1 1 7 1 9 7 12 1 1 1 10 7 12 1 1 1 10 12 1 1 10 12 1 1 10 7 12 1 1 1 10 12 1 1 9 7 12 1 1 10 12 9 7 12 1 1 10 12 1 1 3 10 12 1 1 7 1 11 12 1 1 11 12 1 11 12 1 1 10 7 12 1 1 1 10 12 1 1 9 7 12 1 1 1 10 12 1 1 10 12 1 11 12 1 1 10 12 1 10 12 10 12 1 1 100 1 100 1 10 12 1 10 12 1 10 7 12 1 1 1 10 12 1 1 100 1 10 12 1 1 100 1 10 12 1 1 10 12 1 1 10 12 1 10 10 12 1 100 1 100 1 100 1 10 12 1 10 12 1 1 10 12 1 1 10 12 1 10 12 1 1 10 12 1 1 10 100 12 1 1 100 1 11 10 7 12 1 1 11 12 1 11 12 1 10 12 1 10 12 1 10 12 10 12 1 1 10 10 7 12 1 1 1 10 7 12 1 1 10 12 1 1 10 7 12 1 1 10 12 1 10 12 1 1 10 12 1 1 10 12 1 10 12 1 10 12 1 1 100 1 10 12 1 1 10 12 10 12 1 10 12 1 1 10 12 1 1 10 7 12 1 1 1 10 12 1 10 12 1 1 10 12 1 10 12 1 3 3 10 12 1 1 10 12 1 10 12 1 1 10 12 1 1 10 12 1 1 10 12 1 10 12 1 1 10 12 1 1 10 12 1 10 12 1 10 12 1 10 12 1 1 10 12 1 10 12 1 10 12 1 10 12 1 10 12 1 10 12 1 10 100 1 10 8 1 10 12 1 1 10 12 1 8 1 10 12 1 1 10 12 10 12 1 8 1 10 10 12 1 1 10 12 1 1 7 1 5 0 100 1 8 1 10 10 12 1 1 5 0 5 0 5 0 10 12 1 1 10 100 1 10 10 12 1 10 12 1 10 12 1 10 10 12 1 10 12 1 10 12 1 10 12 1 10 12 1 10 12 1 10 12 1 1 10 12 1 1 10 12 1 1 10 10 12 1 1 10 10 12 1 100 1 10 9 100 12 1 1 1 11 100 12 1 1 1 10 12 1 1 10 12 1 1 10 7 1 10 12 1 10 12 1 10 7 12 1 1 1 10 12 1 10 12 1 1 10 12 1 11 7 1 11 12 10 12 1 10 12 1 1 10 12 1 1 10 10 12 1 10 12 1 9 12 1 1 11 7 12 1 1 1 10 12 10 10 12 1 10 12 1 1 10 10 12 1 10 12 1 10 12 1 1 10 12 1 1 10 10 12 1 1 10 10 7 12 1 1 1 10 12 1 10 12 1 10 12 10 10 12 10 10 12 1 10 12 1 10 10 12 10 12 1 1 10 12 10 10 12 10 12 1 10 12 10 12 10 10 12 1 10 12 1 1 10 12 1 1 10 10 12 1 10 7 12 1 1 1 10 12 1 1 10 10 7 12 1 1 1 11 10 12 1 10 12 1 1 10 12 1 1 10 7 12 1 1 1 10 12 1 10 12 1 10 12 1 10 12 1 10 12 1 10 12 1 100 1 10 10 12 1 10 12 1 1 8 1 10 12 1 3 3 10 12 1 10 12 1 1 10 12 7 1 10 10 12 1 1 10 12 10 12 1 10 12 1 10 12 1 1 10 12 1 1 11 7 12 1 1 1 7 1 10 12 1 10 12 1 1 8 1 10 12 1 1 10 12 1 11 100 12 1 1 1 11 100 12 1 1 11 12 1 10 12 1 10 12 1 1 10 10 7 12 1 1 1 10 12 1 10 12 1 10 10 12 10 12 1 1 10 10 12 1 10 10 12 1 10 10 12 1 10 10 12 1 10 12 1 1 10 10 12 1 8 1 10 12 1 1 18 12 1 1 11 100 12 1 1 1 3 18 12 1 18 12 1 8 1 10 100 12 1 1 1 11 12 1 1 10 12 10 10 12 1 10 11 12 1 1 10 12 1 1 11 12 1 18 3 11 10 11 11 10 12 1 10 12 1 1 8 1 10 12 1 10 12 1 10 12 1 1 10 10 12 1 11 100 12 1 100 1 100 1 10 12 100 1 10 10 100 12 1 1 1 100 1 10 7 1 10 10 12 1 10 10 12 1 8 1 10 10 12 1 8 1 8 1 10 12 1 10 12 1 10 10 12 10 7 12 1 1 10 100 12 1 1 10 100 12 1 1 8 1 10 12 1 10 12 1 10 9 12 1 10 12 9 7 12 1 1 1 10 12 1 10 12 1 10 12 1 10 12 10 12 1 10 12 1 8 1 10 100 12 1 1 1 10 12 10 12 1 1 10 12 10 12 10 12 7 1 9 12 1 1 7 1 10 100 1 100 1 100 1 100 1 1 1 1 1 1 5 0 1 1 1 1 1 3 1 3 1 1 1 1 1 1 1 1 1 1 1 1 1 1 1 100 1 1 1 1 1 1 1 1 1 1 1 1 1 1 1 1 1 1 1 1 1 1 1 1 1 1 1 1 1 1 1 100 1 1 1 1 1 1 1 1 1 1 1 1 100 1 1 1 1 1 1 1 1 1 1 1 1 1 1 1 1 1 1 1 1 1 1 1 1 1 1 1 1 1 1 1 1 1 1 1 1 1 1 1 1 1 1 1 1 1 1 1 1 1 1 1 1 1 1 1 1 1 1 1 1 1 1 1 1 1 1 1 1 1 1 1 1 1 1 1 1 1 1 1 1 1 1 1 1 1 1 1 1 1 1 1 1 1 1 1 1 1 1 1 1 1 1 1 1 1 1 1 1 1 1 1 1 1 1 1 1 1 1 1 1 1 1 1 1 1 1 1 1 1 1 1 1 1 1 1 1 1 1 1 1 1 1 1 1 1 1 1 1 1 1 1 1 1 1 1 1 1 1 1 1 1 1 1 1 1 1 1 1 1 1 1 1 1 1 1 1 1 1 1 100 1 1 1 1 1 1 1 1 1 1 1 1 1 1 1 1 1 1 1 1 1 1 1 100 1 1 1 1 1 1 1 1 1 1 1 1 1 1 1 100 1 1 1 1 1 1 1 1 1 1 1 1 1 1 1 16 15 10 12 16 15 10 12 15 10 12 15 10 12 15 10 100 12 1 1 1 1 100 1 1 1 1 1 100 1 100 1 1 1
staticfield java/lang/String COMPACT_STRINGS Z 1
staticfield java/lang/String serialPersistentFields [Ljava/io/ObjectStreamField; 0 [Ljava/io/ObjectStreamField;
staticfield java/lang/String CASE_INSENSITIVE_ORDER Ljava/util/Comparator; java/lang/String$CaseInsensitiveComparator
ciInstanceKlass java/lang/Comparable 1 0 12 100 1 100 1 1 1 1 1 1 1 1
ciInstanceKlass java/lang/CharSequence 1 1 131 11 7 12 1 1 1 18 12 1 1 100 1 10 100 12 1 1 1 18 10 100 12 1 1 1 11 12 1 1 11 100 1 11 12 1 1 10 100 12 1 1 1 11 12 1 1 100 1 10 12 1 1 10 100 12 1 1 1 100 1 10 10 12 1 1 100 1 1 1 1 1 1 1 1 1 1 1 1 1 1 1 1 1 1 1 1 1 1 1 1 1 1 1 1 1 1 1 1 1 16 1 15 11 12 16 15 11 12 15 10 100 12 1 1 1 1 1 100 1 100 1 1 100 1 1 100 1 100 1 1
ciInstanceKlass java/lang/constant/Constable 1 0 11 100 1 100 1 1 1 1 1 1 1
ciInstanceKlass java/lang/constant/ConstantDesc 1 0 37 100 1 100 1 1 1 1 100 1 1 1 1 100 1 100 1 100 1 100 1 100 1 100 1 100 1 100 1 100 1 1 100 1 100 1 1
ciInstanceKlass java/lang/AutoCloseable 1 0 12 100 1 100 1 1 1 1 7 1 1 1
ciInstanceKlass java/io/Closeable 1 0 14 100 1 100 1 100 1 1 1 1 100 1 1 1
ciInstanceKlass java/lang/Appendable 1 0 14 100 1 100 1 1 1 1 100 1 1 1 1 1
ciInstanceKlass java/util/Iterator 1 1 53 100 1 8 1 10 12 1 1 10 7 12 1 1 1 11 7 12 1 1 1 11 12 1 1 11 7 12 1 1 1 100 1 1 1 1 1 1 1 1 1 1 1 1 1 1 1 1 1 1 1 1 1
instanceKlass software/amazon/awssdk/thirdparty/jackson/core/io/MergedStream
instanceKlass org/apache/http/conn/EofSensorInputStream
instanceKlass sun/security/ssl/SSLSocketImpl$AppInputStream
instanceKlass org/apache/http/impl/conn/LoggingInputStream
instanceKlass org/apache/http/impl/io/ContentLengthInputStream
instanceKlass org/apache/http/impl/io/EmptyInputStream
instanceKlass org/apache/http/impl/io/IdentityInputStream
instanceKlass org/apache/http/impl/io/ChunkedInputStream
instanceKlass com/mysql/cj/protocol/a/CompressedInputStream
instanceKlass sun/nio/ch/NioSocketImpl$1
instanceKlass java/net/Socket$SocketInputStream
instanceKlass com/mysql/cj/protocol/ReadAheadInputStream
instanceKlass sun/nio/ch/ChannelInputStream
instanceKlass java/util/zip/ZipFile$ZipFileInputStream
instanceKlass java/io/FilterInputStream
instanceKlass java/io/FileInputStream
instanceKlass java/io/ByteArrayInputStream
ciInstanceKlass java/io/InputStream 1 1 197 100 1 10 7 12 1 1 1 100 1 10 10 7 12 1 1 1 10 7 12 1 1 1 10 12 1 100 1 100 1 3 10 12 1 1 100 1 8 1 10 12 1 10 7 12 1 1 1 3 100 1 8 1 10 10 7 12 1 1 1 7 1 10 11 7 12 1 1 1 10 12 1 1 11 12 1 1 11 7 12 1 1 1 11 12 1 1 7 1 10 7 12 1 1 1 5 0 10 12 1 10 12 1 1 100 1 10 8 1 10 8 1 8 1 10 12 1 1 10 100 12 1 1 1 100 1 5 0 10 12 1 100 1 100 1 1 1 1 3 1 3 1 1 1 1 1 1 1 1 1 1 1 1 1 1 1 1 1 1 1 1 1 1 1 1 1 1 1 1 1 1 1 1 1 1 1 1 1 1 1 1 1 1 1 1 1 1 1 1 1 1 1 1 1 1 1
instanceKlass java/security/SecureClassLoader
ciInstanceKlass java/lang/ClassLoader 1 1 1057 9 7 12 1 1 1 10 7 12 1 1 1 9 12 1 1 10 7 12 1 1 1 7 1 10 12 1 1 10 12 1 1 9 12 1 1 10 12 1 1 100 1 10 12 1 10 12 1 1 10 7 12 1 1 1 100 1 8 1 10 12 1 10 7 1 10 7 1 7 1 7 1 10 12 1 10 12 1 9 12 1 1 10 10 7 12 1 1 1 9 12 1 1 9 12 1 9 12 1 1 9 12 1 9 12 1 1 9 12 1 1 7 1 10 12 1 9 12 1 1 10 12 1 1 10 7 12 1 1 1 9 12 1 9 12 1 1 9 12 1 10 12 1 1 9 12 10 12 1 1 7 1 10 8 1 10 12 1 1 10 12 1 10 7 1 7 1 10 7 12 1 1 1 10 100 12 1 1 1 8 1 10 12 1 10 12 1 10 12 1 1 10 12 1 1 10 12 1 1 10 12 1 1 10 12 1 1 10 12 1 100 1 10 12 1 10 100 12 1 1 1 10 12 1 1 10 12 1 10 12 1 10 12 1 10 12 1 10 12 1 1 10 10 12 1 10 12 1 10 10 12 1 1 10 12 1 1 100 1 8 1 10 8 1 10 12 1 10 12 1 100 1 8 1 10 12 1 1 10 12 1 1 10 10 12 1 1 10 12 1 1 10 12 1 1 10 7 1 10 12 1 10 12 1 1 10 12 1 1 10 12 1 1 10 12 1 1 10 12 1 1 10 12 1 1 10 12 1 1 10 7 12 1 1 1 10 12 1 10 12 1 10 12 1 1 10 12 1 10 12 1 10 12 1 10 12 1 1 10 12 1 10 12 1 1 8 1 9 12 1 10 12 1 1 8 1 8 1 10 7 12 1 1 100 1 10 10 12 10 12 1 10 12 1 10 12 1 10 12 1 1 10 7 12 1 1 10 12 1 10 7 1 7 1 10 12 1 1 10 12 1 10 7 1 10 12 1 100 1 18 12 1 10 100 12 1 1 1 10 100 12 1 1 1 10 7 12 1 1 10 12 1 10 12 1 100 1 10 12 1 8 1 10 10 12 1 1 10 12 1 10 12 1 1 100 1 10 12 1 1 10 100 12 1 1 10 12 1 10 7 12 1 1 10 12 1 8 1 100 1 10 10 12 1 9 12 1 10 7 12 1 1 10 12 1 100 1 8 1 10 12 1 10 8 1 8 1 10 12 1 1 10 12 1 1 10 12 1 1 10 100 12 1 1 100 1 100 1 10 12 1 1 100 1 100 1 10 100 12 1 1 10 12 1 10 12 1 10 12 1 10 12 1 10 12 1 1 10 12 1 8 1 7 1 18 12 1 1 10 12 1 1 10 12 1 10 12 1 10 12 1 8 1 10 12 1 10 12 1 18 12 1 11 100 12 1 1 1 100 1 10 12 1 1 10 12 1 10 11 12 1 1 10 18 10 12 1 1 11 100 12 1 18 12 1 11 12 1 1 10 12 1 10 12 1 1 10 12 1 1 7 1 8 1 10 10 12 1 8 1 8 1 10 7 12 1 1 10 12 1 100 1 10 10 12 1 8 1 8 1 8 1 10 12 1 10 12 1 10 12 1 1 10 12 1 1 10 12 1 10 100 12 1 1 1 11 100 12 1 1 100 1 10 11 10 12 1 10 12 1 10 12 1 1 9 100 12 1 1 9 12 1 1 9 12 9 12 1 9 12 1 9 12 1 8 10 12 1 1 10 7 12 1 1 1 10 12 1 1 10 12 1 1 10 12 1 10 10 12 1 11 12 1 1 10 100 12 1 1 1 100 1 10 12 1 10 12 1 10 12 1 1 1 1 1 1 1 1 1 1 1 1 1 1 1 1 1 1 1 1 1 1 1 1 1 1 100 1 1 1 1 1 1 1 1 1 1 1 1 1 1 1 1 1 1 1 1 1 1 1 1 1 100 1 1 1 1 1 1 1 1 1 1 1 1 1 1 1 1 1 1 1 1 1 1 1 1 1 1 1 1 1 1 1 1 1 1 1 1 1 1 1 1 1 1 1 100 1 1 1 1 1 1 1 1 1 1 1 1 1 1 1 1 1 1 1 1 1 100 1 1 1 1 1 1 1 1 1 1 1 1 1 1 1 1 1 1 1 1 1 1 1 1 1 1 1 1 1 1 1 1 1 1 1 1 1 1 1 1 1 1 1 1 100 1 1 1 1 1 1 1 1 1 1 1 1 1 1 1 1 1 1 1 1 1 1 1 1 1 1 1 1 1 1 1 1 1 1 1 1 1 1 1 1 1 1 1 1 1 1 1 1 1 1 1 16 1 15 10 12 16 1 16 15 10 12 16 1 16 1 15 10 12 16 15 10 12 16 15 10 12 16 15 10 7 12 1 1 1 1 1 100 1 100 1 1
staticfield java/lang/ClassLoader nocerts [Ljava/security/cert/Certificate; 0 [Ljava/security/cert/Certificate;
staticfield java/lang/ClassLoader $assertionsDisabled Z 1
instanceKlass org/bytedeco/javacpp/Pointer$DeallocatorThread
instanceKlass com/sun/scenario/effect/ImageData$1
instanceKlass com/sun/scenario/effect/impl/ImagePool$1
instanceKlass com/sun/prism/impl/PrismTrace$1
instanceKlass java/util/logging/LogManager$Cleaner
instanceKlass com/sun/glass/ui/InvokeLaterDispatcher
instanceKlass java/util/concurrent/ForkJoinWorkerThread
instanceKlass com/sun/javafx/tk/quantum/PerformanceTrackerHelper$1$1
instanceKlass com/sun/javafx/tk/quantum/QuantumToolkit$1
instanceKlass jdk/internal/misc/InnocuousThread
instanceKlass java/lang/ref/Finalizer$FinalizerThread
instanceKlass java/lang/ref/Reference$ReferenceHandler
instanceKlass java/lang/BaseVirtualThread
ciInstanceKlass java/lang/Thread 1 1 759 10 7 12 1 1 1 9 12 1 1 10 7 12 1 1 10 12 1 10 100 12 1 1 100 1 8 1 10 12 1 1 9 12 1 1 9 12 1 9 12 1 1 7 1 10 12 1 1 10 12 1 7 1 10 12 10 12 1 1 9 12 1 1 10 12 1 100 1 10 12 1 10 12 1 1 10 12 1 1 10 12 1 10 12 1 1 100 1 8 1 10 9 7 12 1 1 1 10 12 1 1 10 3 8 1 100 1 5 0 10 7 12 1 1 1 9 12 1 10 12 1 1 10 7 1 100 1 8 1 10 7 1 10 12 1 9 12 1 1 10 12 1 1 10 12 1 1 10 7 12 1 1 10 12 1 10 12 1 10 7 12 1 1 5 0 9 12 1 10 7 12 1 1 1 10 12 1 1 9 12 1 1 9 12 1 1 10 100 12 1 1 10 100 12 1 1 1 10 12 1 10 12 1 1 9 12 1 1 10 7 12 1 1 9 12 1 8 1 9 100 12 1 1 1 5 0 100 1 10 100 1 10 100 1 10 7 1 10 8 1 10 12 1 1 10 7 12 1 10 12 1 10 12 1 100 1 8 1 10 10 12 1 10 12 1 1 10 100 12 1 1 1 10 100 12 1 1 1 10 12 1 7 1 9 12 1 1 100 1 10 10 12 1 9 12 1 1 10 12 1 1 10 12 1 1 10 12 1 10 12 1 9 12 1 1 10 10 12 1 1 10 12 1 1 11 7 12 1 1 10 7 12 1 1 9 12 1 9 12 1 1 9 12 1 1 10 100 12 1 1 10 12 1 1 9 7 12 1 1 1 10 7 12 1 1 10 12 1 10 12 1 100 1 10 9 12 1 1 10 12 1 11 100 12 1 1 11 12 1 10 12 1 10 12 1 10 12 1 9 12 1 10 10 12 1 10 12 1 1 9 12 1 9 12 10 12 1 8 1 10 12 1 10 12 1 10 12 1 10 12 1 10 12 1 1 10 12 1 10 12 1 1 10 100 12 1 1 10 12 1 10 12 1 10 12 1 10 12 1 1 9 7 12 1 1 1 8 1 10 9 12 1 10 12 1 7 1 8 1 10 10 12 1 8 1 10 12 1 1 9 12 8 1 10 10 12 1 10 12 1 8 1 10 12 1 10 8 1 9 12 1 1 10 12 1 1 10 10 12 1 10 12 1 100 10 7 12 1 1 1 10 12 1 1 10 12 1 1 10 100 12 1 1 1 11 100 12 1 1 1 10 12 1 1 9 12 1 10 12 1 10 12 1 1 11 100 12 1 1 1 10 12 1 1 1 1 3 1 3 1 3 1 3 1 1 1 1 1 1 1 1 1 1 1 1 1 1 1 1 1 1 1 1 1 1 100 1 1 1 1 1 1 1 1 1 1 1 1 1 1 1 1 1 1 100 1 1 1 1 1 1 1 1 1 1 1 1 1 1 1 100 1 1 1 1 1 1 1 1 1 1 1 1 1 1 1 1 1 1 1 1 1 1 1 1 1 1 1 1 1 1 1 1 1 1 1 1 1 1 1 1 1 1 1 1 1 1 1 1 1 1 1 1 1 1 1 1 1 1 1 1 1 1 1 1 1 1 1 1 1 1 100 100 1 1 1 1 1 1 1 1 1 1 1 1 1 1 1 1 1 1 1 1 1 1 1 100 1 100 1 100 1 1 100 1 1 1 1 1 1 1 1 1 1 1 1 1 1
staticfield java/lang/Thread NEW_THREAD_BINDINGS Ljava/lang/Object; java/lang/Class
staticfield java/lang/Thread EMPTY_STACK_TRACE [Ljava/lang/StackTraceElement; 0 [Ljava/lang/StackTraceElement;
ciInstanceKlass java/lang/Runnable 1 1 11 100 1 100 1 1 1 1 1 1 1
ciMethod java/lang/System arraycopy (Ljava/lang/Object;ILjava/lang/Object;II)V 256 0 128 0 -1
ciInstanceKlass java/lang/Class 1 1 1647 10 7 12 1 1 1 10 7 12 1 1 9 12 1 1 9 12 1 1 10 12 1 1 8 1 10 12 1 8 1 8 1 10 12 1 1 10 7 12 1 1 1 10 12 1 7 1 10 10 12 1 10 12 1 1 10 12 1 1 10 12 1 1 10 7 12 1 1 10 12 1 10 12 1 10 12 1 1 10 12 1 8 1 10 12 1 8 1 10 12 1 8 1 8 1 10 12 1 1 10 7 12 1 1 1 18 12 1 1 11 7 12 1 1 1 8 1 8 1 8 1 10 7 12 1 1 1 11 12 1 1 8 1 10 12 1 10 10 12 1 1 10 12 1 8 1 10 12 1 1 8 1 10 12 1 10 12 1 1 11 100 12 1 1 1 11 100 12 1 1 1 11 8 1 18 8 1 10 12 1 10 7 12 1 1 10 12 1 1 10 7 12 1 1 1 10 12 1 1 10 12 1 1 10 7 12 1 1 1 10 7 12 1 10 12 1 1 10 7 1 10 12 1 8 1 10 8 1 8 1 8 1 8 1 8 1 8 1 8 1 8 1 9 100 12 1 1 9 100 1 9 100 1 9 100 1 9 100 1 9 100 1 9 100 1 9 100 1 9 100 1 9 12 1 1 100 1 8 1 10 12 1 10 12 1 1 100 1 10 12 1 1 10 7 12 1 1 1 10 7 12 1 1 1 7 1 100 1 10 10 12 1 1 10 12 1 1 100 1 10 100 12 1 1 1 10 12 1 1 10 12 1 1 9 12 1 1 10 12 1 9 12 1 1 9 12 1 1 10 12 1 1 10 100 1 10 12 1 10 12 1 1 10 9 12 1 10 12 1 8 1 10 12 1 1 10 12 1 1 10 12 1 10 12 1 10 12 1 1 10 12 1 9 7 12 1 1 1 10 7 12 1 1 10 12 1 10 12 1 10 12 1 10 12 1 9 100 12 1 1 1 9 12 1 10 12 1 10 100 12 1 1 1 9 12 1 1 10 7 10 12 1 1 10 100 12 1 1 10 12 1 10 12 1 1 10 100 12 1 1 1 10 12 1 10 12 1 1 10 12 1 10 12 1 10 12 1 1 10 7 1 10 10 12 1 1 10 12 1 1 10 12 10 10 12 1 1 100 1 8 1 10 10 12 1 1 10 12 1 100 1 11 12 1 10 12 1 10 12 1 10 100 12 1 1 10 10 12 1 1 8 1 10 12 1 8 1 9 12 1 10 12 1 10 12 1 10 12 1 10 12 100 1 9 12 1 10 12 1 9 12 1 10 12 1 10 12 1 10 12 1 10 10 12 1 10 12 1 10 12 1 10 12 1 10 12 1 10 12 1 7 1 10 10 12 1 10 12 1 11 100 12 1 1 11 12 1 1 10 12 1 1 10 12 1 1 10 12 1 1 10 12 1 1 10 12 1 1 10 12 1 1 100 1 10 10 12 1 1 10 12 1 1 10 12 1 1 10 10 12 1 10 12 1 1 10 12 1 1 10 12 1 1 10 12 1 1 10 12 10 12 1 1 10 7 12 1 1 1 10 12 1 10 12 1 1 10 12 1 10 7 12 1 1 1 10 12 1 1 10 10 12 1 1 7 1 10 10 12 1 1 10 100 12 1 1 1 100 1 100 1 10 12 1 1 10 12 1 10 10 12 1 1 10 12 1 10 12 1 10 12 1 10 100 12 1 1 1 11 7 12 1 1 10 12 1 10 12 1 10 12 1 1 10 12 1 9 7 12 1 1 1 8 1 10 12 1 10 12 1 10 12 1 10 12 1 1 9 12 1 9 12 1 1 10 7 12 1 1 9 12 1 10 12 1 1 10 10 12 1 10 7 12 1 1 1 10 100 12 1 1 10 100 12 1 1 9 12 1 1 10 12 1 9 12 1 10 12 1 10 12 1 1 9 12 1 1 9 12 1 10 12 1 10 12 1 1 9 12 1 100 1 10 10 12 1 1 7 1 10 100 11 100 1 9 12 1 1 9 12 1 10 12 1 9 12 1 1 9 12 1 10 12 1 10 12 1 1 9 12 1 7 1 10 10 12 1 1 10 10 12 1 10 12 10 10 12 1 9 12 1 10 12 1 1 10 12 1 8 10 100 8 1 18 8 1 8 1 10 12 1 9 12 1 9 12 1 1 10 12 1 7 1 100 1 10 12 1 9 12 1 1 10 10 12 1 9 12 1 8 1 10 12 1 10 10 12 1 1 100 1 100 1 9 12 1 100 1 8 1 10 10 7 12 1 1 1 10 12 11 7 12 1 1 1 10 12 1 10 12 1 1 10 8 1 10 12 1 8 1 10 12 1 1 9 7 12 1 1 11 12 7 1 11 7 12 1 1 9 12 1 10 100 12 1 1 1 10 7 12 1 1 10 12 1 1 9 12 1 9 10 12 1 1 10 12 1 1 10 12 1 1 10 12 1 1 10 12 1 1 11 12 1 11 12 1 1 11 7 12 1 1 11 12 1 7 1 11 12 1 10 7 12 1 1 1 10 12 1 11 12 1 10 100 12 1 1 1 10 12 1 10 100 12 1 1 1 11 12 1 11 12 1 1 10 12 1 10 12 1 1 9 12 1 1 10 12 1 10 100 12 1 1 1 10 12 1 1 10 12 1 10 12 1 10 12 1 10 7 12 1 1 1 10 12 1 8 1 10 12 1 10 12 1 10 12 1 8 1 8 1 10 7 12 1 1 10 100 12 1 1 100 1 10 12 10 7 12 1 1 1 10 7 12 1 1 1 10 12 1 1 10 12 1 18 12 1 1 11 12 1 1 18 11 12 1 18 12 1 11 12 1 10 12 1 10 12 1 10 12 1 10 12 10 12 1 8 1 10 12 1 7 1 9 12 1 1 100 1 100 1 100 1 100 1 1 1 3 1 3 1 3 1 1 1 1 1 1 1 1 1 5 0 1 1 1 1 1 1 1 1 1 1 1 1 1 1 1 1 1 1 1 1 1 1 1 1 1 100 1 1 1 1 1 1 1 1 1 1 1 100 1 1 1 1 1 100 1 1 1 1 1 1 1 1 1 1 1 1 1 1 1 1 1 1 1 1 1 1 1 1 1 1 1 1 1 1 1 1 1 1 1 100 1 1 1 1 1 1 1 1 1 1 1 1 1 1 1 1 1 1 1 1 1 1 1 1 1 1 1 1 1 1 1 100 1 1 1 1 1 1 1 1 1 1 1 1 1 1 1 1 1 1 1 1 1 1 1 1 1 1 1 1 1 1 1 1 1 1 1 1 1 1 1 1 1 1 1 1 1 1 1 1 1 1 1 1 1 1 1 1 1 1 1 1 1 100 1 100 1 1 1 1 1 1 1 100 1 1 1 1 1 1 1 1 1 1 1 1 1 1 1 1 1 1 1 1 1 1 1 1 1 1 1 1 1 1 1 1 1 1 1 1 1 1 1 1 1 1 1 1 1 1 1 1 1 1 1 1 1 1 1 1 1 1 1 1 1 1 1 1 1 1 1 1 1 1 1 1 1 1 1 1 1 1 1 1 1 1 1 1 1 1 1 1 1 1 1 1 1 1 1 1 1 1 1 1 1 1 1 1 1 1 1 1 1 1 1 1 1 1 16 15 10 12 16 15 11 12 16 1 15 10 12 16 16 15 10 12 16 15 16 1 15 10 12 16 15 10 7 12 1 1 1 1 1 1 1 1 1 1 1 1 100 1 1 100 1 100 1 1 100 1 100 1 1
staticfield java/lang/Class EMPTY_CLASS_ARRAY [Ljava/lang/Class; 0 [Ljava/lang/Class;
staticfield java/lang/Class serialPersistentFields [Ljava/io/ObjectStreamField; 0 [Ljava/io/ObjectStreamField;
ciInstanceKlass java/lang/reflect/AnnotatedElement 1 1 165 11 7 12 1 1 1 11 12 1 1 100 1 10 100 12 1 1 1 10 12 1 1 10 12 1 1 10 12 1 10 100 12 1 1 1 11 12 1 1 11 100 12 1 1 10 100 12 1 1 1 10 12 1 10 100 12 1 1 1 18 12 1 1 11 100 12 1 1 18 12 1 18 12 1 1 10 100 12 1 1 1 11 100 12 1 1 1 100 1 10 100 12 1 1 1 1 1 1 1 1 1 1 1 1 1 1 1 1 1 1 1 1 1 1 1 1 1 1 100 1 1 1 1 1 1 1 1 1 1 1 16 15 16 1 16 1 15 11 12 16 16 1 15 10 100 12 1 1 1 16 1 15 10 100 12 1 1 1 1 100 1 100 1 1
ciInstanceKlass java/lang/reflect/Type 1 1 17 11 100 12 1 1 1 100 1 1 1 1 1 1 1 1 1
ciInstanceKlass java/lang/invoke/TypeDescriptor 1 0 17 100 1 100 1 1 1 1 1 1 100 1 100 1 1 1 1
ciInstanceKlass java/lang/invoke/TypeDescriptor$OfField 1 0 21 100 1 100 1 100 1 1 1 1 1 1 1 1 1 1 1 1 1 1 1
ciInstanceKlass java/lang/reflect/GenericDeclaration 1 0 30 100 1 100 1 100 1 1 1 1 1 1 1 1 100 1 8 1 1 12 10 1 1 1 8 1 1 1 8 1
ciInstanceKlass java/lang/Module 1 1 1068 10 7 12 1 1 1 9 7 12 1 1 1 10 7 12 1 1 1 9 12 1 9 12 1 1 9 12 1 1 10 12 1 1 10 12 1 10 12 1 1 10 7 12 1 1 1 7 1 10 7 12 1 1 1 10 12 1 1 11 7 12 1 1 1 10 12 1 1 10 12 1 8 1 10 7 12 1 1 1 10 7 12 1 1 1 10 7 12 1 1 1 10 12 1 1 10 12 1 9 12 1 1 10 7 12 1 1 1 9 7 12 1 1 1 7 1 10 8 1 10 12 1 1 10 12 1 10 12 8 1 10 7 12 1 1 1 10 7 12 1 1 1 10 7 12 1 1 1 8 1 10 12 1 8 1 9 12 1 100 1 8 1 10 12 1 10 8 1 8 1 8 1 10 7 12 1 1 1 8 1 10 7 12 1 1 1 8 1 10 12 1 9 12 1 1 11 12 1 9 7 12 1 1 10 7 12 1 1 1 10 7 12 1 1 1 10 12 1 1 8 1 10 12 1 1 10 12 1 10 12 1 1 9 7 12 1 1 1 10 12 1 1 10 12 1 1 9 12 1 10 12 1 10 12 1 9 12 1 1 11 7 12 1 1 10 12 1 1 9 12 1 9 12 1 10 12 1 10 12 1 100 1 8 1 10 10 12 1 1 10 12 1 8 1 10 12 1 1 8 1 8 1 10 12 1 1 10 12 1 10 12 1 1 18 12 1 1 10 12 1 1 11 12 1 9 12 1 11 12 10 12 1 100 1 8 1 10 11 12 1 1 10 7 12 1 1 1 10 12 1 10 12 1 1 11 12 1 1 11 7 12 1 1 11 12 1 1 9 12 1 11 12 1 10 12 1 1 10 12 1 1 9 12 1 10 12 10 7 12 1 1 10 7 1 18 12 1 1 11 100 12 1 1 1 18 12 1 11 12 1 1 10 100 12 1 1 1 11 12 1 1 10 7 12 1 1 7 1 11 12 1 7 1 7 1 10 12 1 10 7 12 1 1 1 10 7 12 1 1 1 10 11 7 12 1 8 1 10 10 12 1 1 10 7 12 1 1 10 12 1 10 12 1 7 1 10 12 1 10 11 12 1 1 10 12 10 12 1 1 9 12 1 1 100 1 10 10 12 1 1 11 100 1 10 12 1 1 11 12 1 10 10 12 1 11 10 12 1 1 10 12 1 1 10 12 1 1 10 7 12 1 1 10 12 1 10 12 1 1 10 10 12 1 1 10 12 1 18 12 1 11 12 1 18 12 1 10 12 1 10 12 1 10 12 7 1 10 12 1 10 12 1 10 12 1 9 12 1 7 1 10 10 10 10 12 1 10 12 1 10 12 1 10 12 1 1 10 12 1 1 10 12 1 9 12 1 10 12 1 100 1 8 1 10 12 1 1 10 12 1 10 100 12 1 1 100 1 10 12 1 1 100 1 8 1 100 1 9 100 12 1 1 1 11 100 12 1 1 10 12 1 1 11 12 1 1 18 12 1 1 11 12 1 1 100 1 10 12 1 10 12 1 1 100 1 100 1 10 12 8 1 10 12 1 1 10 12 1 1 10 7 12 1 1 10 12 1 1 10 12 1 10 12 10 12 1 1 7 1 10 10 12 1 1 10 100 12 1 1 1 100 1 10 100 12 1 1 1 10 100 12 1 1 8 1 18 12 1 1 100 1 100 1 9 12 1 1 9 12 1 9 12 1 11 100 12 1 1 1 100 1 11 12 1 1 100 1 10 12 1 8 1 10 12 1 10 12 10 12 1 8 1 10 10 100 12 1 1 7 1 10 10 12 1 10 7 12 1 1 9 12 1 9 12 1 9 12 1 9 12 1 10 12 11 12 1 10 12 1 100 1 1 1 1 1 1 1 1 1 1 1 1 1 1 1 1 1 1 1 1 1 1 1 1 1 1 1 1 1 1 1 1 1 1 1 1 1 1 1 1 1 1 1 1 1 1 1 1 1 1 1 1 1 1 1 1 1 1 1 1 1 1 1 1 1 1 1 1 1 1 1 1 1 1 1 1 1 1 1 1 1 1 1 1 1 1 1 1 1 1 1 1 1 1 1 1 1 1 1 1 1 1 1 1 1 1 1 1 1 1 1 1 1 1 100 100 1 1 1 1 1 1 1 1 1 1 1 1 1 1 1 1 1 1 1 1 1 1 1 1 1 1 100 1 100 1 1 1 1 1 1 1 1 1 1 1 1 1 1 1 1 1 1 100 1 1 1 1 1 1 1 1 1 1 1 1 1 1 1 1 1 1 1 1 1 1 1 16 15 10 12 16 16 15 10 12 16 16 15 10 16 1 15 10 12 16 1 15 10 12 16 1 16 1 15 10 12 16 15 10 7 12 1 1 1 15 10 100 12 1 1 1 1 1 1 1 1 1 1 1 1 1 100 1 100 1 1
staticfield java/lang/Module ALL_UNNAMED_MODULE Ljava/lang/Module; java/lang/Module
staticfield java/lang/Module ALL_UNNAMED_MODULE_SET Ljava/util/Set; java/util/ImmutableCollections$Set12
staticfield java/lang/Module EVERYONE_MODULE Ljava/lang/Module; java/lang/Module
staticfield java/lang/Module EVERYONE_SET Ljava/util/Set; java/util/ImmutableCollections$Set12
staticfield java/lang/Module $assertionsDisabled Z 1
ciInstanceKlass java/lang/Math 1 1 460 7 1 7 1 10 100 12 1 1 1 10 7 12 1 1 1 10 12 1 10 12 1 10 12 1 10 12 1 10 12 1 6 0 6 0 10 12 1 10 12 1 10 12 1 10 12 1 10 12 1 10 12 1 1 10 12 1 10 12 1 10 12 1 10 12 1 10 12 1 10 7 12 1 1 1 100 1 3 3 3 10 12 1 1 100 1 5 0 5 0 5 0 5 0 5 0 9 100 12 1 1 1 10 100 12 1 1 1 100 1 8 1 10 12 1 8 1 10 12 1 1 10 12 1 1 100 1 5 0 5 0 100 1 3 5 0 3 5 0 10 12 1 10 12 1 10 12 1 10 12 1 10 12 1 8 1 10 12 1 8 1 10 12 1 1 10 12 1 1 9 12 1 1 9 12 1 100 1 100 1 10 10 12 1 1 8 1 10 12 1 10 12 1 1 10 10 12 1 10 12 1 10 12 1 10 12 1 1 8 1 8 1 10 12 1 1 10 12 1 10 12 10 12 10 12 1 10 12 1 10 12 1 10 12 1 10 12 6 0 10 12 1 9 12 1 1 100 1 10 10 12 1 100 1 10 12 1 10 12 1 1 10 12 1 10 12 1 10 12 10 12 1 1 10 12 1 1 10 12 1 1 10 12 6 0 10 12 1 1 10 12 10 12 1 4 10 12 1 10 12 1 10 12 10 12 1 10 12 1 10 12 1 10 12 1 10 12 1 10 12 1 5 0 6 0 4 6 0 4 6 0 4 10 12 1 6 0 6 0 10 12 1 10 12 10 7 12 1 1 1 4 6 0 1 1 1 6 0 1 6 0 1 6 0 1 1 1 1 1 1 1 1 1 1 1 1 1 1 1 1 1 1 1 1 1 1 1 1 1 1 1 1 1 1 1 1 1 1 1 1 1 1 1 1 1 1 1 1 1 1 1 1 1 1 1 1 1 1 1 1 1 1 1 1 1 1 1 1 1 1 1 1 1 1 1 1 1 1 1 1 1 1 1 1 1 1 1 1 1 1 1 1 1 1 1 1 1 1 1
staticfield java/lang/Math negativeZeroFloatBits J -2147483648
staticfield java/lang/Math negativeZeroDoubleBits J -9223372036854775808
staticfield java/lang/Math $assertionsDisabled Z 1
ciInstanceKlass java/util/Arrays 1 1 1020 10 7 12 1 1 1 10 100 12 1 1 1 10 7 12 1 1 1 10 12 1 10 12 1 10 12 1 10 12 1 10 12 1 10 12 1 10 100 12 1 1 1 100 1 100 1 10 8 1 10 12 1 1 10 12 1 8 1 8 1 10 12 1 1 10 12 1 100 1 10 12 1 9 100 12 1 1 1 10 7 12 1 1 100 1 10 12 1 1 10 7 12 1 1 10 7 12 1 1 1 100 1 10 12 1 10 12 1 1 7 1 9 7 12 1 1 1 10 12 1 1 10 7 12 1 1 10 12 1 10 12 1 1 10 12 1 10 12 1 1 7 1 11 12 1 1 10 12 1 10 7 12 1 1 1 10 12 10 12 1 10 12 1 10 12 10 12 1 11 7 12 1 1 1 10 7 12 1 1 1 100 1 10 12 1 10 100 1 10 12 1 10 100 1 10 12 1 10 100 1 10 12 1 10 10 12 1 1 10 12 1 10 12 1 10 12 1 10 12 1 10 12 1 10 100 12 1 1 1 10 12 1 10 100 12 1 1 1 10 12 1 10 12 1 10 7 12 1 1 1 10 12 1 10 12 1 10 12 1 10 12 1 10 12 1 10 12 1 10 12 1 10 12 1 10 12 1 10 12 1 10 12 1 10 12 1 10 12 1 10 12 1 10 12 1 10 12 1 1 10 12 1 1 10 7 12 1 1 1 10 7 1 10 7 1 10 7 1 10 7 1 10 100 1 10 7 1 10 100 1 10 100 1 10 12 1 8 1 7 1 10 12 10 7 12 1 1 1 10 12 10 12 1 10 12 1 10 12 1 10 100 12 1 1 10 12 10 12 1 10 12 1 10 12 10 12 1 1 10 12 1 1 9 100 12 1 1 1 10 12 1 9 100 1 10 12 1 9 10 12 1 9 100 1 10 12 1 9 100 1 10 12 1 9 10 12 1 9 10 12 1 10 12 1 10 12 1 9 12 1 100 1 10 10 12 1 1 10 12 1 10 12 1 10 12 1 10 12 1 10 12 1 10 12 1 10 12 1 10 12 1 10 12 1 8 1 8 1 10 12 1 10 12 1 8 1 10 12 1 10 12 1 10 12 1 10 100 12 1 1 1 3 10 100 1 10 10 12 1 1 11 100 12 1 1 10 12 1 1 10 12 1 10 12 1 10 12 1 10 12 1 10 12 1 10 12 1 10 12 1 10 12 1 11 12 1 8 1 10 11 12 1 11 100 12 1 1 1 11 100 12 1 1 1 11 12 1 1 18 12 1 1 11 12 1 1 11 100 12 1 1 1 18 12 1 11 100 12 1 1 1 18 12 1 11 100 12 1 1 1 18 12 1 100 1 10 7 12 1 1 1 10 12 1 10 12 1 10 12 1 10 12 1 10 12 1 10 12 1 10 12 1 10 12 1 1 10 12 1 10 7 12 1 1 10 12 1 10 12 1 10 12 1 1 10 12 1 10 12 1 10 12 1 1 10 12 1 10 12 1 10 12 1 1 10 12 1 10 12 1 10 12 1 10 12 1 10 12 10 12 1 10 12 10 12 10 12 1 10 12 10 12 1 10 12 1 10 12 1 1 1 1 3 1 3 1 1 1 1 1 1 1 1 1 1 1 1 1 1 1 1 1 1 1 1 1 1 1 1 1 1 1 1 1 1 1 1 1 1 1 1 1 1 1 1 1 1 1 1 1 1 1 1 1 1 1 1 1 1 1 1 1 1 1 1 1 1 1 1 1 1 1 1 1 1 1 1 1 1 1 1 1 1 1 1 1 1 1 1 1 1 1 1 1 1 1 1 1 1 1 1 1 1 1 1 1 1 1 1 1 1 1 1 1 1 1 1 1 1 1 1 1 1 1 1 1 1 1 1 1 1 1 1 1 1 1 1 1 1 1 1 1 1 1 1 1 1 1 1 1 1 1 1 1 1 1 1 1 1 1 1 1 1 1 1 1 1 1 1 1 1 1 1 1 1 1 1 1 1 1 1 1 1 1 1 1 1 1 1 1 1 1 1 1 1 1 1 1 1 1 1 1 1 1 1 1 1 1 1 1 1 1 1 1 1 1 1 1 1 1 1 1 1 1 1 1 1 1 1 1 1 1 1 1 1 1 1 1 1 1 1 1 1 1 1 1 1 1 1 1 1 1 1 1 1 1 1 1 1 1 1 1 1 1 1 100 1 1 16 15 10 12 15 10 12 15 10 12 15 10 12 15 10 100 12 1 1 1 1 1 100 1 100 1 1 1 1 100 1 1 1 1 1 1 100 1 1 100 1 1 100 1 1 1 100 1 100 1 1
staticfield java/util/Arrays $assertionsDisabled Z 1
ciInstanceKlass jdk/internal/misc/Unsafe 1 1 1245 10 7 12 1 1 1 10 7 12 1 1 9 12 1 1 9 12 1 1 10 12 1 1 10 100 12 1 1 1 10 12 1 1 10 12 1 1 10 12 1 1 10 12 1 1 10 12 1 1 10 12 1 1 10 12 1 1 10 12 1 1 10 12 1 1 10 12 1 1 10 12 1 1 10 12 1 1 10 12 1 1 10 12 1 10 12 1 100 1 10 10 12 1 1 10 12 1 1 5 0 10 12 1 1 10 12 1 1 10 7 12 1 1 1 10 12 1 1 10 12 1 10 12 1 10 12 1 1 10 12 1 1 10 12 1 10 12 1 100 1 100 1 10 8 1 10 12 1 1 10 12 1 8 1 10 12 1 1 10 12 1 10 12 1 10 12 1 1 10 12 1 10 12 1 1 10 12 1 1 10 12 1 10 12 1 10 12 1 10 12 1 1 10 12 1 10 12 1 10 12 1 1 10 12 1 5 0 5 0 5 0 10 12 1 10 12 1 10 12 1 10 12 1 10 12 1 10 12 1 10 12 1 10 12 1 10 12 1 1 10 12 1 10 12 1 100 1 8 1 10 100 1 10 10 12 1 1 10 12 1 1 10 12 1 10 12 1 1 10 12 1 1 10 12 1 10 12 1 1 10 12 1 9 7 12 1 1 9 12 1 100 1 10 10 12 1 1 8 1 10 8 1 8 1 10 12 1 1 9 7 12 1 1 1 9 100 1 9 100 1 9 7 1 9 9 100 1 9 7 1 9 100 1 10 12 1 1 10 12 1 1 10 12 1 1 10 12 1 1 5 0 5 0 9 12 1 1 10 12 1 10 12 1 10 12 1 1 10 12 1 1 10 12 1 8 1 3 10 12 1 1 10 12 1 1 10 12 1 10 12 1 1 10 12 1 1 10 12 1 10 12 1 10 12 1 10 12 1 10 12 1 10 12 1 1 10 12 1 1 10 12 1 10 12 1 10 12 1 10 12 1 10 12 1 10 12 1 1 10 12 1 1 10 12 1 10 12 1 10 12 1 10 12 1 10 12 1 10 12 1 1 10 12 1 1 10 12 1 1 10 12 1 1 10 12 1 10 12 1 10 12 1 10 12 1 10 12 1 10 12 1 10 12 1 1 10 12 1 1 10 12 1 10 12 1 10 12 1 10 12 1 10 12 1 10 12 1 10 12 1 1 10 12 1 1 10 12 1 10 12 1 10 12 1 10 12 1 10 12 1 10 12 1 10 12 1 10 12 1 1 10 12 1 10 12 1 10 12 1 10 12 1 10 12 1 1 10 12 1 10 12 1 10 12 1 10 12 1 10 12 1 10 12 1 10 12 1 10 12 1 1 10 12 1 10 12 1 10 12 1 10 12 1 10 12 1 10 12 1 1 10 12 1 10 12 1 10 12 1 1 10 12 1 10 12 1 10 12 1 10 12 1 10 12 1 10 12 1 10 12 1 10 12 1 10 12 1 10 12 1 10 12 1 10 12 1 10 12 1 10 12 1 10 12 1 10 12 1 10 12 1 10 12 1 10 12 1 10 12 1 10 12 1 10 12 1 10 12 1 100 1 10 100 1 10 9 12 1 5 0 10 12 1 1 5 0 10 12 1 5 0 10 12 1 10 12 1 10 12 1 1 10 12 1 1 10 12 1 10 12 1 10 12 1 10 12 1 1 10 12 1 10 12 1 10 12 1 10 12 1 10 12 1 1 10 12 1 10 12 1 10 12 1 10 12 1 1 10 12 1 10 12 1 10 12 1 1 10 12 1 10 12 1 10 12 1 10 12 1 1 10 12 1 10 10 12 1 1 10 12 1 10 12 1 1 10 12 1 10 12 5 0 5 0 5 0 10 12 1 1 10 12 1 10 12 1 10 12 10 100 12 1 1 8 1 100 1 11 12 1 1 8 1 11 12 1 1 10 100 12 1 1 10 12 1 10 7 1 10 12 1 9 12 1 7 1 9 12 1 7 1 9 12 1 7 1 9 12 1 7 1 9 12 1 7 1 9 12 1 7 1 9 12 1 7 1 9 12 1 7 1 9 12 1 10 12 1 9 12 1 9 12 1 9 12 1 9 12 1 9 12 1 9 12 1 9 12 1 9 12 1 9 12 1 9 12 1 1 1 3 1 1 1 1 1 1 1 1 1 1 1 1 1 1 1 1 1 1 1 1 1 1 1 1 1 1 1 1 1 1 1 1 1 1 1 1 1 1 1 1 1 1 1 1 1 1 1 1 1 1 1 1 1 1 1 1 1 1 1 1 1 1 1 1 1 1 1 1 1 1 1 1 1 1 1 1 1 1 1 1 1 1 1 1 1 1 1 1 1 1 100 1 1 1 1 1 1 1 1 1 1 1 1 1 1 1 1 1 1 1 1 1 1 1 1 1 1 1 1 1 1 1 1 1 1 1 1 1 1 1 1 1 1 1 1 1 1 1 1 1 1 1 1 1 1 1 1 1 1 1 1 1 1 1 1 1 1 1 1 1 1 1 1 1 1 1 1 1 1 1 1 1 1 1 1 1 1 1 1 1 1 1 1 1 1 1 1 1 1 1 1 1 1 1 1 1 1 1 1 1 1 1 1 1 1 1 1 1 1 1 1 1 1 1 1 1 1 1 1 1 1 1 1 1 1 1 1 1 1 1 1 1 1 1 1 1 1 1 1 1 1 1 1 1 1 1 1 1 1 1 1 1 1 1 1 1 1 1 1 1 1 1 1 1 1 1 1 1 1 1 1 1 1 1 1 1 1 1 1 1 1 1 1 1 1 1 1 1 1 1 1 1 1 1 1 1 1 1 1 1 1 1 1 1
staticfield jdk/internal/misc/Unsafe theUnsafe Ljdk/internal/misc/Unsafe; jdk/internal/misc/Unsafe
staticfield jdk/internal/misc/Unsafe ARRAY_BOOLEAN_BASE_OFFSET I 16
staticfield jdk/internal/misc/Unsafe ARRAY_BYTE_BASE_OFFSET I 16
staticfield jdk/internal/misc/Unsafe ARRAY_SHORT_BASE_OFFSET I 16
staticfield jdk/internal/misc/Unsafe ARRAY_CHAR_BASE_OFFSET I 16
staticfield jdk/internal/misc/Unsafe ARRAY_INT_BASE_OFFSET I 16
staticfield jdk/internal/misc/Unsafe ARRAY_LONG_BASE_OFFSET I 16
staticfield jdk/internal/misc/Unsafe ARRAY_FLOAT_BASE_OFFSET I 16
staticfield jdk/internal/misc/Unsafe ARRAY_DOUBLE_BASE_OFFSET I 16
staticfield jdk/internal/misc/Unsafe ARRAY_OBJECT_BASE_OFFSET I 16
staticfield jdk/internal/misc/Unsafe ARRAY_BOOLEAN_INDEX_SCALE I 1
staticfield jdk/internal/misc/Unsafe ARRAY_BYTE_INDEX_SCALE I 1
staticfield jdk/internal/misc/Unsafe ARRAY_SHORT_INDEX_SCALE I 2
staticfield jdk/internal/misc/Unsafe ARRAY_CHAR_INDEX_SCALE I 2
staticfield jdk/internal/misc/Unsafe ARRAY_INT_INDEX_SCALE I 4
staticfield jdk/internal/misc/Unsafe ARRAY_LONG_INDEX_SCALE I 8
staticfield jdk/internal/misc/Unsafe ARRAY_FLOAT_INDEX_SCALE I 4
staticfield jdk/internal/misc/Unsafe ARRAY_DOUBLE_INDEX_SCALE I 8
staticfield jdk/internal/misc/Unsafe ARRAY_OBJECT_INDEX_SCALE I 4
staticfield jdk/internal/misc/Unsafe ADDRESS_SIZE I 8
ciInstanceKlass java/lang/Thread$FieldHolder 1 1 48 10 7 12 1 1 1 9 7 12 1 1 1 9 12 1 1 9 12 1 1 9 12 1 1 9 12 1 1 1 1 1 1 1 1 1 1 100 1 100 1 1 1 1 100 1 1 1
ciInstanceKlass java/lang/Thread$Constants 0 0 47 100 1 10 100 12 1 1 1 10 12 1 1 10 12 1 1 10 100 12 1 1 8 1 10 12 1 9 100 12 1 1 1 1 1 1 1 1 1 1 1 1 1 1 1 1 1
ciInstanceKlass java/lang/ThreadGroup 1 1 383 10 7 12 1 1 1 9 7 12 1 1 1 8 1 9 12 1 1 100 1 9 12 1 1 9 12 1 1 10 7 12 1 1 1 10 12 1 1 10 12 1 10 12 1 1 10 12 1 1 10 12 1 10 12 1 10 12 1 10 100 12 1 1 1 10 12 1 1 18 12 1 1 11 100 12 1 1 1 10 12 1 1 10 12 1 1 10 12 1 1 10 100 12 1 1 1 10 12 1 11 12 1 1 11 100 12 1 1 11 12 1 1 10 12 1 1 10 12 1 10 12 1 11 12 1 11 12 1 1 10 12 1 100 1 10 18 12 1 1 11 100 12 1 1 1 11 12 1 1 9 100 12 1 1 1 10 12 1 1 8 1 10 100 12 1 1 1 10 100 12 1 1 1 10 12 1 1 11 12 10 12 1 1 10 12 1 1 11 100 1 9 12 1 100 1 10 8 1 10 12 1 1 10 12 1 1 8 1 10 12 1 10 100 12 1 1 1 10 12 1 1 10 7 1 8 1 10 8 1 10 12 1 10 12 1 8 1 9 12 1 1 9 12 1 10 100 12 1 1 1 100 9 12 1 1 7 1 9 12 1 10 12 10 12 1 1 100 10 12 9 12 1 10 12 1 100 1 10 11 12 1 1 100 1 10 10 12 1 10 12 1 1 1 1 1 1 1 1 1 1 1 1 1 1 1 1 3 1 1 1 1 1 1 1 1 1 1 1 100 1 1 1 1 1 1 1 1 1 1 1 1 1 1 1 1 1 1 1 1 1 1 1 1 1 1 1 1 1 1 1 1 1 1 1 1 1 1 1 16 15 10 12 16 16 15 10 12 16 15 10 100 12 1 1 1 1 1 100 1 100 1 1
staticfield java/lang/ThreadGroup $assertionsDisabled Z 1
ciInstanceKlass java/lang/Thread$UncaughtExceptionHandler 1 0 16 100 1 100 1 1 1 1 1 1 1 1 100 1 1 1
instanceKlass java/lang/ThreadBuilders$BoundVirtualThread
instanceKlass java/lang/VirtualThread
ciInstanceKlass java/lang/BaseVirtualThread 0 0 36 10 100 12 1 1 1 100 1 1 1 1 1 1 1 1 1 1 1 1 1 1 1 1 1 1 1 1 100 1 100 1 1 100 1 1
ciInstanceKlass java/lang/VirtualThread 0 0 990 9 100 12 1 1 1 9 12 1 1 10 100 12 1 1 1 9 12 1 1 10 100 12 1 1 1 10 100 12 1 1 1 10 100 12 1 1 1 9 12 1 1 100 1 10 12 1 9 12 1 1 18 12 1 1 9 12 1 1 10 12 1 1 100 1 10 12 1 10 12 1 1 10 12 1 1 10 12 1 10 12 1 1 9 12 1 1 10 12 1 10 100 12 1 10 12 1 10 12 1 10 12 1 10 12 1 9 12 1 1 11 100 12 1 1 1 10 10 12 1 11 100 12 1 1 1 10 12 1 100 1 10 12 1 1 100 1 9 12 1 1 5 0 10 100 12 1 1 1 9 12 1 100 1 100 1 10 10 100 12 1 1 1 10 100 12 1 1 1 10 12 1 1 10 12 1 10 12 1 1 10 12 1 10 12 10 12 1 100 1 10 10 12 1 10 12 1 1 9 12 1 1 10 12 1 1 9 12 1 1 10 12 1 9 12 1 10 100 12 1 1 10 9 10 10 12 1 1 10 12 1 1 10 100 12 1 1 10 100 1 10 9 10 100 1 10 12 1 1 10 12 1 10 10 12 1 1 9 12 1 10 12 1 10 12 1 9 12 1 1 10 12 1 10 12 1 10 12 1 1 9 12 1 1 10 12 1 10 12 1 1 10 12 1 10 12 1 1 9 12 1 18 9 100 12 1 1 1 10 12 1 1 9 12 1 10 12 1 10 12 1 1 10 12 1 9 12 1 1 18 12 1 9 12 1 9 12 1 10 12 9 12 1 1 10 100 12 1 1 10 12 1 10 12 1 1 10 100 12 1 1 10 12 1 100 1 8 1 10 12 1 10 12 1 1 10 12 1 10 12 1 10 12 1 10 100 12 1 1 10 12 1 10 12 1 10 12 1 10 12 1 10 100 12 1 1 8 1 10 12 1 10 12 1 10 12 1 10 12 1 1 10 12 1 10 12 10 12 1 100 1 10 10 12 1 10 12 1 1 10 12 1 1 10 12 1 10 12 1 10 12 1 1 10 12 1 1 11 100 12 1 1 11 12 1 10 12 9 100 12 1 1 1 9 12 1 10 12 1 1 9 12 1 9 12 1 9 12 1 9 12 1 100 1 10 10 12 1 1 10 12 1 100 1 100 1 10 8 1 10 12 1 1 10 12 1 10 12 1 10 10 12 1 8 1 10 10 12 1 10 12 1 10 100 12 1 1 8 1 8 1 10 12 1 1 10 10 9 100 12 1 1 1 10 12 1 1 10 12 1 10 10 12 9 12 1 10 12 1 1 10 12 1 9 12 1 10 12 1 1 9 12 1 10 12 1 1 9 12 1 10 12 1 1 18 12 1 1 8 1 10 12 1 1 8 1 8 1 10 100 12 1 1 1 10 100 12 1 1 1 10 12 1 10 12 1 1 10 12 1 18 12 1 1 18 12 1 1 5 0 9 12 1 10 12 1 10 11 100 12 1 1 8 1 10 12 1 1 100 1 8 1 8 1 10 10 100 1 18 12 1 10 100 12 1 1 1 100 1 10 12 1 10 12 1 1 9 12 1 9 12 1 1 10 12 1 1 10 12 1 8 1 10 100 12 1 1 10 12 1 10 12 10 12 1 1 10 100 12 1 1 10 12 1 1 100 1 8 1 10 10 12 1 10 12 1 1 8 10 12 1 1 8 8 9 12 1 8 8 10 12 1 10 12 1 1 8 1 18 12 1 10 12 1 3 1 3 1 3 1 3 1 3 1 3 1 3 1 3 1 3 1 3 1 3 1 3 1 3 3 1 3 3 1 3 3 1 3 3 1 3 1 1 1 1 1 1 1 1 1 1 1 1 1 1 1 1 1 1 1 1 100 1 1 1 1 1 1 1 1 1 1 1 1 1 1 1 1 1 1 1 1 100 1 1 1 1 1 1 1 1 1 1 1 1 1 1 1 1 1 1 1 1 1 1 1 1 1 1 1 1 1 1 1 1 100 1 1 1 1 1 1 1 1 1 1 1 1 1 1 1 1 1 1 1 1 1 1 1 1 1 1 1 100 1 1 1 1 1 1 1 1 1 1 1 1 1 1 1 100 1 1 1 1 1 1 1 1 1 1 1 1 1 1 1 1 1 1 1 100 1 1 16 15 10 12 15 15 10 12 16 15 10 12 16 15 10 12 16 15 10 12 16 16 15 10 12 15 10 12 15 10 100 12 1 1 1 1 1 1 1 100 1 1 100 1 100 1 1
ciInstanceKlass java/lang/ThreadBuilders$BoundVirtualThread 0 0 132 10 100 12 1 1 1 9 100 12 1 1 1 10 100 12 1 1 1 9 12 1 1 10 12 1 1 10 12 1 1 9 12 1 1 10 100 12 1 1 1 10 12 1 1 100 1 8 1 10 12 1 10 12 1 1 10 12 1 1 10 12 1 1 10 100 12 1 1 1 8 1 10 12 1 8 1 10 12 1 1 10 100 12 1 1 9 100 12 1 1 1 10 12 1 1 10 10 12 1 1 1 1 1 1 1 1 1 1 1 1 1 1 1 1 1 1 1 1 1 1 1 1 1 1 1 1 100 1 1 1 1
instanceKlass java/lang/Exception
instanceKlass java/lang/Error
ciInstanceKlass java/lang/Throwable 1 1 403 10 7 12 1 1 1 9 7 12 1 1 1 9 12 1 1 9 12 1 9 12 1 1 9 12 1 10 12 1 1 9 12 1 1 10 12 1 1 10 100 12 1 1 1 9 12 1 1 10 12 1 1 10 12 1 100 1 100 1 10 8 1 10 12 1 1 8 1 10 100 12 1 1 10 10 12 1 100 1 8 1 10 10 7 12 1 1 10 12 1 8 1 9 100 12 1 1 1 10 12 1 1 100 1 10 12 10 12 1 100 1 10 10 7 12 1 1 1 11 100 12 1 1 1 10 100 12 1 1 1 10 12 1 1 10 12 1 1 8 1 10 12 1 10 12 1 1 8 1 8 1 10 12 1 1 10 12 1 8 1 8 1 9 12 1 10 100 12 1 1 100 1 10 11 12 1 8 1 8 1 10 7 12 1 1 8 1 10 12 1 8 1 100 1 10 12 1 9 12 1 1 10 12 1 10 7 12 1 9 12 1 1 10 12 1 1 100 1 8 1 10 12 1 10 100 12 1 1 10 12 1 1 100 1 10 100 12 1 1 1 10 12 1 11 100 12 1 1 1 11 100 12 1 1 1 11 12 1 8 1 10 12 1 1 8 1 10 10 9 100 12 1 1 1 8 1 10 12 1 1 11 10 100 1 8 1 10 11 12 1 1 8 1 9 12 1 10 100 12 1 1 11 9 12 1 1 11 12 1 1 100 10 12 1 10 12 1 1 100 1 1 1 1 5 0 1 1 1 1 1 1 1 1 1 1 1 1 100 1 1 1 1 1 1 1 1 1 1 1 1 1 1 1 1 1 1 1 1 1 1 1 1 1 1 1 1 1 1 1 1 1 1 1 1 1 1 1 1 1 1 1 100 1 100 1 1 1 1 1 1 1 1 1 1 1 1 1 1 1 1 1 1
staticfield java/lang/Throwable UNASSIGNED_STACK [Ljava/lang/StackTraceElement; 0 [Ljava/lang/StackTraceElement;
staticfield java/lang/Throwable SUPPRESSED_SENTINEL Ljava/util/List; java/util/Collections$EmptyList
staticfield java/lang/Throwable EMPTY_THROWABLE_ARRAY [Ljava/lang/Throwable; 0 [Ljava/lang/Throwable;
staticfield java/lang/Throwable $assertionsDisabled Z 1
ciInstanceKlass jdk/internal/vm/ContinuationScope 0 0 50 10 100 12 1 1 1 10 100 12 1 1 1 100 1 9 100 12 1 1 1 10 12 1 1 10 100 12 1 1 1 10 12 1 1 10 12 1 1 1 1 1 1 1 1 1 1 1 1 1
ciInstanceKlass jdk/internal/vm/StackChunk 1 1 32 10 100 12 1 1 1 9 100 12 1 1 1 9 12 1 1 9 12 1 1 1 1 1 1 1 1 1 1 1 1 1
ciInstanceKlass java/lang/Boolean 1 1 148 10 7 12 1 1 1 9 7 12 1 1 1 10 12 1 1 10 12 1 8 1 10 7 12 1 1 9 12 1 1 9 12 1 10 12 1 1 10 12 1 1 10 12 1 1 10 12 1 10 7 12 1 1 1 10 12 1 1 9 100 12 1 1 9 12 10 100 12 1 1 1 10 12 1 1 8 1 10 7 12 1 1 1 9 12 1 1 100 1 100 1 100 1 1 1 1 1 1 5 0 1 1 1 1 1 1 1 1 1 1 3 1 1 1 1 1 1 1 1 1 1 1 1 1 1 1 1 1 1 1 1 1 1 1 1 1 1 100 1 1 1 1 1 1 1 1 1
staticfield java/lang/Boolean TRUE Ljava/lang/Boolean; java/lang/Boolean
staticfield java/lang/Boolean FALSE Ljava/lang/Boolean; java/lang/Boolean
staticfield java/lang/Boolean TYPE Ljava/lang/Class; java/lang/Class
ciInstanceKlass java/lang/Character 1 1 604 7 1 100 1 100 1 9 12 1 1 8 1 9 12 1 1 100 1 9 12 1 1 10 100 12 1 1 1 10 100 12 1 1 1 10 100 12 1 1 1 10 7 12 1 1 1 9 7 12 1 1 1 10 12 1 10 12 1 1 10 12 1 1 10 7 12 1 1 10 12 1 1 3 3 3 3 3 10 12 1 1 10 12 1 3 11 7 12 1 1 1 11 12 1 1 10 12 1 1 10 12 1 1 100 1 10 10 12 1 3 10 12 1 1 10 12 1 10 12 1 1 100 1 8 1 10 12 1 1 10 12 1 10 12 1 10 12 1 10 100 12 1 1 1 10 12 1 10 12 1 10 12 1 1 10 12 1 10 7 12 1 1 10 10 12 1 10 10 12 1 10 12 1 1 10 12 1 10 10 12 1 10 12 1 10 12 1 10 12 1 10 12 1 10 12 1 10 12 1 10 12 10 10 12 10 10 12 1 10 10 12 1 10 10 12 1 10 10 12 1 10 12 1 10 12 1 10 12 1 10 12 1 10 12 1 10 12 1 10 10 12 1 10 10 12 1 10 10 12 1 1 10 10 12 1 10 5 0 10 12 1 10 12 1 10 10 12 1 10 10 12 1 1 10 10 12 1 10 10 12 1 9 12 1 1 100 1 10 10 12 1 10 12 1 1 3 10 100 12 1 1 1 10 12 1 10 100 12 1 1 100 1 10 10 12 1 1 10 12 1 1 10 12 1 1 8 1 10 12 1 9 100 12 1 1 1 10 12 1 10 10 12 1 10 12 1 1 10 12 1 10 10 12 1 1 10 10 12 1 1 100 1 8 1 10 12 1 1 10 7 12 1 1 1 8 1 10 12 1 1 9 12 1 1 100 1 100 1 100 1 1 1 1 3 1 3 1 3 1 3 1 1 1 1 1 3 1 1 3 1 3 1 3 1 3 1 3 1 3 1 3 1 3 1 3 1 3 1 3 1 3 1 3 1 3 1 3 1 3 1 3 1 3 1 3 1 3 1 3 1 3 1 3 1 3 1 3 1 3 1 3 1 3 1 1 1 1 1 1 1 1 1 1 1 1 1 1 1 1 1 1 1 3 1 1 1 1 1 1 1 3 1 1 3 1 1 1 1 1 3 1 1 5 0 1 1 1 1 1 1 1 1 1 1 1 1 1 1 1 1 1 1 1 1 1 1 1 1 1 1 1 1 1 1 1 1 1 1 1 1 1 1 1 1 1 1 1 1 1 1 1 1 1 1 1 1 1 1 1 1 1 1 1 1 1 1 1 1 1 1 1 1 1 1 1 1 1 1 1 1 1 1 1 1 1 1 1 1 1 1 1 1 1 1 100 1 100 1 1 1 1 1 1
staticfield java/lang/Character TYPE Ljava/lang/Class; java/lang/Class
staticfield java/lang/Character $assertionsDisabled Z 1
ciInstanceKlass java/lang/Float 1 1 279 7 1 100 1 10 7 12 1 1 1 10 7 12 1 1 1 4 100 1 10 12 1 1 10 12 1 1 8 1 8 1 10 100 12 1 1 1 10 12 1 1 10 12 1 1 10 7 1 4 10 7 12 1 1 9 12 1 1 10 12 1 1 10 12 1 10 10 12 1 1 10 12 1 10 12 1 3 3 100 1 4 4 4 3 10 12 1 1 9 12 1 1 100 1 10 3 3 4 4 10 12 1 3 3 3 10 12 1 1 10 12 1 1 10 12 1 10 100 12 1 1 1 10 12 1 1 10 12 1 1 10 7 12 1 1 1 8 1 10 12 1 1 9 12 1 1 100 1 100 1 100 1 1 1 1 4 1 4 1 1 1 4 1 1 3 1 3 1 3 1 3 1 3 1 1 1 1 5 0 1 1 1 1 1 1 1 1 1 1 100 1 1 1 1 1 1 1 1 1 1 1 1 1 3 1 1 1 1 1 1 1 1 1 1 1 1 1 1 1 1 1 1 1 1 1 1 1 1 1 1 1 1 1 1 1 1 1 1 1 1 1 1 1 1 1 1 1 1 1 1 1 1 1 1 1 1 1 1 1 1 1 1 1 1 1 100 1 1 1 1 1 1 1 100 1 100 1 1
staticfield java/lang/Float TYPE Ljava/lang/Class; java/lang/Class
staticfield java/lang/Float $assertionsDisabled Z 1
instanceKlass java/util/concurrent/atomic/Striped64
instanceKlass java/math/BigDecimal
instanceKlass java/math/BigInteger
instanceKlass java/util/concurrent/atomic/AtomicLong
instanceKlass java/util/concurrent/atomic/AtomicInteger
instanceKlass java/lang/Long
instanceKlass java/lang/Integer
instanceKlass java/lang/Short
instanceKlass java/lang/Byte
instanceKlass java/lang/Double
instanceKlass java/lang/Float
ciInstanceKlass java/lang/Number 1 1 37 10 7 12 1 1 1 10 100 12 1 1 1 100 1 1 1 1 5 0 1 1 1 1 1 1 1 1 1 1 1 1 1 1 1 1 1
ciInstanceKlass java/lang/Double 1 1 290 7 1 100 1 10 7 12 1 1 1 10 12 1 1 10 100 1 10 12 1 1 10 7 12 1 1 1 6 0 8 1 10 12 1 1 8 1 10 12 1 1 8 1 6 0 10 12 1 1 100 1 5 0 5 0 8 1 8 1 10 7 12 1 1 1 10 100 12 1 1 1 8 1 10 12 1 1 8 1 8 1 8 1 10 12 1 1 10 12 1 10 12 1 1 10 12 1 10 12 1 10 12 1 1 10 12 1 10 7 1 6 0 10 7 12 1 1 9 12 1 1 10 12 1 10 12 1 10 12 1 10 12 1 10 12 1 5 0 10 12 1 1 10 12 1 10 12 1 10 100 12 1 1 1 10 12 1 1 10 12 1 1 8 1 10 7 12 1 1 1 9 12 1 1 100 1 100 1 100 1 1 1 6 0 1 6 0 1 6 0 1 1 1 6 0 1 1 3 1 3 1 3 1 3 1 3 1 1 1 1 5 0 1 1 1 1 1 1 1 1 1 1 1 1 1 1 1 1 100 1 1 1 1 1 1 1 1 1 1 1 1 3 1 1 1 1 1 1 1 1 1 1 1 1 1 1 1 1 1 1 1 1 1 1 1 1 1 1 1 1 1 1 1 1 1 1 100 1 1 1 1 1 1 1 100 1 100 1 1
staticfield java/lang/Double TYPE Ljava/lang/Class; java/lang/Class
ciInstanceKlass java/lang/Byte 1 1 213 7 1 100 1 10 100 12 1 1 1 9 12 1 1 8 1 9 12 1 1 100 1 10 12 1 1 10 12 1 1 10 100 12 1 1 1 10 100 12 1 1 1 9 7 12 1 1 1 10 12 1 1 100 1 100 1 10 12 1 1 8 1 10 12 1 1 8 1 10 12 1 10 12 1 10 12 1 10 12 1 1 10 12 1 10 12 1 10 12 1 1 10 8 1 8 1 10 7 1 9 12 1 1 10 12 1 1 10 12 1 1 10 12 1 1 10 12 1 5 0 10 12 1 1 8 1 10 7 12 1 1 1 9 12 1 1 100 1 100 1 1 1 3 1 3 1 1 1 1 3 1 3 1 1 5 0 1 1 1 1 1 1 1 1 1 1 1 1 1 1 1 1 1 1 1 1 1 1 1 1 1 1 1 1 1 1 1 1 1 1 1 1 1 1 1 1 1 1 1 1 1 1 1 1 1 1 1 1 1 1 1 1
staticfield java/lang/Byte TYPE Ljava/lang/Class; java/lang/Class
ciInstanceKlass java/lang/Short 1 1 222 7 1 100 1 100 1 10 100 12 1 1 1 10 12 1 1 100 1 100 1 10 12 1 1 8 1 10 12 1 1 8 1 10 12 1 10 12 1 10 12 1 10 12 1 1 10 12 1 1 10 12 1 9 12 1 1 8 1 9 12 1 1 100 1 10 12 1 1 10 12 1 10 100 12 1 1 1 10 100 12 1 1 1 9 100 12 1 1 1 10 12 1 10 12 1 1 10 8 1 8 1 10 7 1 9 12 1 1 10 12 1 1 10 12 1 1 10 12 1 1 10 12 1 3 3 5 0 10 12 1 1 8 1 10 7 12 1 1 1 9 12 1 1 100 1 100 1 1 1 3 1 3 1 1 1 1 3 1 3 1 1 5 0 1 1 1 1 1 1 1 1 1 1 1 1 1 1 1 1 1 1 1 1 1 1 1 1 1 1 1 3 1 1 1 1 1 1 1 1 1 1 1 1 1 1 1 1 1 1 1 1 1 1 1 1 1 1 1 1 1 1
staticfield java/lang/Short TYPE Ljava/lang/Class; java/lang/Class
ciInstanceKlass java/lang/Integer 1 1 436 7 1 100 1 7 1 7 1 10 12 1 1 9 12 1 1 9 12 1 1 10 7 12 1 1 1 10 12 1 1 10 100 12 1 1 1 10 10 12 1 1 10 100 12 1 1 1 10 12 1 10 12 1 1 10 7 12 1 1 1 10 12 1 1 10 12 1 1 10 12 1 10 7 12 1 1 10 12 1 1 10 10 12 1 7 1 8 1 10 12 1 8 1 100 1 10 12 1 1 10 12 1 1 8 1 10 12 1 1 8 1 10 12 1 1 10 12 1 1 10 12 1 1 3 3 10 7 12 1 1 1 11 7 1 10 12 1 1 11 10 12 1 1 10 12 1 1 8 1 10 12 1 10 12 1 8 1 100 1 10 12 1 8 1 10 12 1 1 10 12 1 8 1 10 12 1 10 12 1 7 1 9 12 1 1 9 12 1 1 10 12 1 10 7 1 9 12 1 10 12 1 10 12 1 10 12 1 1 10 12 1 1 10 7 12 1 1 1 10 12 1 1 8 1 8 1 10 12 1 1 8 1 8 1 8 1 8 1 8 1 8 1 10 12 1 10 12 1 10 12 1 5 0 3 3 3 3 10 12 1 10 12 1 3 10 12 1 10 100 12 1 1 1 10 12 1 1 10 12 1 1 8 1 10 7 12 1 1 1 9 12 1 1 100 1 100 1 100 1 1 1 1 3 1 1 1 3 1 3 1 1 5 0 1 1 1 1 1 1 1 1 1 1 100 1 1 1 1 1 1 1 1 1 1 1 1 1 1 1 1 1 1 1 1 1 1 1 1 1 1 1 1 1 1 1 1 1 1 3 1 1 1 1 1 1 1 1 1 1 1 1 1 1 1 1 1 1 1 1 1 1 1 1 1 1 1 1 1 1 1 1 1 1 1 1 1 1 1 1 1 1 1 1 1 1 1 1 1 1 1 1 1 1 1 1 1 1 1 1 1 100 1 1 1 1 1 1 1 1 1 100 1 100 1 1
staticfield java/lang/Integer TYPE Ljava/lang/Class; java/lang/Class
staticfield java/lang/Integer digits [C 36
ciMethod java/lang/Integer bitCount (I)I 452 0 243 0 -1
ciInstanceKlass java/lang/Long 1 1 499 7 1 100 1 7 1 7 1 10 12 1 1 9 12 1 1 9 7 12 1 1 1 10 7 12 1 1 1 10 12 1 1 10 100 12 1 1 1 10 10 12 10 12 1 10 12 1 10 12 1 5 0 5 0 7 1 10 12 1 1 10 12 1 1 10 12 1 10 12 1 10 12 1 10 12 1 1 10 100 12 1 1 10 12 1 10 12 1 1 10 12 1 1 10 12 1 1 10 12 1 1 10 100 12 1 1 1 10 12 1 1 10 12 1 10 12 1 10 7 12 1 1 10 12 1 1 10 10 12 1 100 1 8 1 10 12 1 8 1 100 1 10 12 1 10 12 1 1 8 1 10 12 1 1 8 1 10 12 1 1 10 12 1 1 10 12 1 1 5 0 5 0 10 100 12 1 1 1 11 100 1 10 12 1 1 11 10 12 1 1 10 12 1 1 8 1 5 0 10 12 1 1 10 12 1 1 8 1 8 1 10 12 1 8 1 10 12 1 10 12 1 5 0 5 0 9 7 12 1 1 1 10 12 1 10 12 1 1 8 1 8 1 10 12 1 1 8 1 8 1 8 1 8 1 8 1 8 1 10 12 1 10 12 1 10 7 1 9 12 1 1 10 12 1 10 12 1 1 10 12 1 1 10 7 12 1 1 1 10 12 1 1 10 12 1 10 12 1 10 12 1 5 0 5 0 5 0 10 12 1 1 10 12 1 5 0 5 0 10 12 10 12 1 10 100 12 1 1 1 10 12 1 1 10 12 1 1 8 1 10 7 12 1 1 1 9 12 1 1 100 1 100 1 100 1 1 1 1 5 0 1 1 1 1 3 1 3 1 5 0 1 1 1 1 1 1 1 1 1 1 100 1 1 1 1 1 1 1 1 1 1 1 1 1 1 1 1 1 1 1 1 1 1 1 1 1 1 1 1 1 1 1 1 1 1 1 1 1 1 1 1 1 1 3 1 1 1 1 1 1 1 1 1 1 1 1 1 1 1 1 1 1 1 1 1 1 1 1 1 1 1 1 1 1 1 1 1 1 1 1 1 1 1 1 1 1 1 1 1 1 1 1 1 1 1 1 1 1 1 1 1 1 1 100 1 1 1 1 1 1 1 1 1 100 1 100 1 1
staticfield java/lang/Long TYPE Ljava/lang/Class; java/lang/Class
ciInstanceKlass java/lang/Void 1 1 31 10 100 12 1 1 1 8 1 10 7 12 1 1 1 9 7 12 1 1 1 1 1 1 1 1 1 1 1 1 1
staticfield java/lang/Void TYPE Ljava/lang/Class; java/lang/Class
ciInstanceKlass jdk/internal/vm/vector/VectorSupport 0 0 618 100 1 10 100 12 1 1 1 9 12 1 1 10 12 1 1 100 1 10 12 1 11 100 12 1 1 1 11 100 12 1 1 1 11 100 12 1 1 11 100 12 1 1 11 100 12 1 1 11 100 12 1 1 1 11 100 12 1 1 11 100 12 1 1 11 100 12 1 1 11 100 12 1 1 11 100 12 1 1 11 100 12 1 1 11 100 12 1 1 11 100 12 1 1 1 11 100 12 1 1 11 100 12 1 1 1 11 100 12 1 1 1 11 100 12 1 1 11 100 12 1 1 1 11 100 12 1 1 100 1 10 12 1 1 11 100 12 1 1 11 100 12 1 1 11 100 12 1 1 11 100 1 11 100 12 1 1 11 100 12 1 1 11 100 12 1 1 9 12 1 1 10 100 12 1 1 11 100 12 1 1 10 12 1 1 10 100 12 1 1 1 10 12 1 10 12 1 1 10 12 1 1 1 1 1 3 1 3 1 3 1 3 1 3 1 3 1 3 1 3 1 3 1 3 1 3 1 3 1 3 1 3 1 3 1 3 1 3 1 3 1 3 1 3 1 3 1 3 1 3 1 3 1 3 1 3 1 3 1 3 1 3 1 3 1 3 1 3 1 3 1 3 1 3 1 3 1 3 1 3 1 3 1 3 1 3 1 3 1 3 1 3 1 3 1 3 1 3 1 3 1 3 1 3 1 3 1 3 1 3 1 3 1 3 1 3 1 3 1 3 1 3 1 1 1 1 1 1 1 1 1 1 1 1 1 1 1 1 1 1 1 1 1 1 1 1 1 1 1 1 1 1 1 1 1 1 1 1 1 1 1 1 1 1 1 1 1 1 1 1 1 1 1 1 1 1 1 1 1 1 1 1 1 1 1 1 1 1 1 1 1 1 1 1 1 1 1 1 1 1 1 1 1 1 1 1 1 1 1 1 1 1 1 1 1 1 1 1 1 1 1 1 1 1 1 1 1 1 1 1 1 1 1 1 1 1 1 1 1 1 1 1 1 1 1 1 1 1 1 1 1 1 1 1 1 1 1 1 1 1 1 1 1 1 1 1 1 1 1 1 1 1 1 1 1 1 1 1 1 1 1 1 1 1 1 1 1 1 1 1 1 1 1 1 1 1 1 1 1 1 1 1 1 1 1 1 1 1 1 1 1 1 1 1 1 1 1 1 1 1 1 1 1 1 1 1 1 1 1 1 1 1 1 1 1 1 1 1 1 1 1 1 1 1 1 1 1 1 1 1 1 1 1 1 1 1 1 1 1 1 1 1 1 1 1 1 1 1 1 1 1 1 1 1 100 1 100 1 100 1 100 1 100 1 1 1 1 1 1 1 1 1 1 1 1 1 1 1 1 1 1 1 1 1 1 1 1 1 1 1 1 1 1 1 1 1 1
instanceKlass jdk/internal/vm/vector/VectorSupport$VectorShuffle
instanceKlass jdk/internal/vm/vector/VectorSupport$VectorMask
instanceKlass jdk/internal/vm/vector/VectorSupport$Vector
ciInstanceKlass jdk/internal/vm/vector/VectorSupport$VectorPayload 0 0 32 10 100 12 1 1 1 9 100 12 1 1 1 10 100 12 1 1 1 1 1 1 1 1 1 1 1 1 1 1 1 1
ciInstanceKlass jdk/internal/vm/vector/VectorSupport$Vector 0 0 28 10 100 12 1 1 1 100 1 1 1 1 1 1 1 1 1 1 1 1 1 1 1 100 1 1 1 1
ciInstanceKlass jdk/internal/vm/vector/VectorSupport$VectorMask 0 0 28 10 100 12 1 1 1 100 1 1 1 1 1 1 1 1 1 1 1 1 1 1 1 100 1 1 1 1
ciInstanceKlass jdk/internal/vm/vector/VectorSupport$VectorShuffle 0 0 28 10 100 12 1 1 1 100 1 1 1 1 1 1 1 1 1 1 1 1 1 1 1 100 1 1 1 1
ciInstanceKlass jdk/internal/vm/FillerObject 0 0 16 10 100 12 1 1 1 100 1 1 1 1 1 1 1 1
instanceKlass java/lang/ref/PhantomReference
instanceKlass java/lang/ref/FinalReference
instanceKlass java/lang/ref/WeakReference
instanceKlass java/lang/ref/SoftReference
ciInstanceKlass java/lang/ref/Reference 1 1 193 9 7 12 1 1 1 9 7 12 1 1 10 12 1 1 10 12 1 1 9 12 1 1 10 12 1 1 9 12 1 1 9 12 1 1 7 1 10 12 1 10 7 12 1 1 10 12 1 10 12 1 1 10 12 1 7 1 8 1 10 12 1 1 7 1 10 12 1 1 10 12 1 1 10 12 1 9 12 1 10 12 1 1 10 12 1 10 12 1 10 12 1 9 12 1 100 1 100 1 10 12 9 12 1 9 12 1 100 1 10 10 12 1 10 10 7 12 1 1 7 1 10 10 7 12 1 1 1 1 1 1 1 1 1 1 1 1 1 1 1 1 1 1 1 100 1 1 1 100 1 1 1 1 1 1 1 1 1 1 1 1 1 1 1 1 1 1 1 1 1 1 1 1 1 1 1 1 1 1 1 1 1 1 1 100 1 100 1 100 1 1 1
staticfield java/lang/ref/Reference processPendingLock Ljava/lang/Object; java/lang/Object
staticfield java/lang/ref/Reference $assertionsDisabled Z 1
instanceKlass sun/security/util/MemoryCache$SoftCacheEntry
instanceKlass sun/util/locale/provider/LocaleResources$ResourceReference
instanceKlass sun/util/resources/Bundles$BundleReference
instanceKlass java/util/ResourceBundle$BundleReference
instanceKlass jdk/internal/util/SoftReferenceKey
ciInstanceKlass java/lang/ref/SoftReference 1 1 47 10 7 12 1 1 1 9 7 12 1 1 1 9 12 1 10 12 1 10 12 1 1 1 1 1 1 1 1 1 1 1 1 1 1 1 1 1 1 1 1 100 1 1 1 1 1
instanceKlass javax/crypto/JceSecurity$WeakIdentityWrapper
instanceKlass org/apache/commons/logging/impl/WeakHashtable$WeakKey
instanceKlass java/lang/WeakPairMap$WeakRefPeer
instanceKlass java/lang/ClassValue$Entry
instanceKlass com/sun/util/reentrant/ReentrantContextProvider$HardReference
instanceKlass com/sun/javafx/util/WeakReferenceQueue$ListEntry
instanceKlass java/util/logging/LogManager$LoggerWeakRef
instanceKlass java/util/logging/Level$KnownLevel
instanceKlass java/util/ResourceBundle$KeyElementReference
instanceKlass java/lang/ThreadLocal$ThreadLocalMap$Entry
instanceKlass jdk/internal/util/WeakReferenceKey
instanceKlass java/util/WeakHashMap$Entry
ciInstanceKlass java/lang/ref/WeakReference 1 1 31 10 7 12 1 1 1 10 12 1 100 1 1 1 1 1 1 1 1 1 1 1 1 1 1 1 1 1 1 1 1
instanceKlass java/lang/ref/Finalizer
ciInstanceKlass java/lang/ref/FinalReference 1 1 50 10 7 12 1 1 1 10 7 12 1 1 1 10 12 1 1 100 1 8 1 10 12 1 1 1 1 1 1 1 1 1 1 1 1 1 1 1 1 1 1 1 1 1 1 1 1 1 100 1
instanceKlass org/bytedeco/javacpp/Pointer$DeallocatorReference
instanceKlass com/mysql/cj/jdbc/AbandonedConnectionCleanupThread$ConnectionFinalizerPhantomReference
instanceKlass jdk/internal/ref/PhantomCleanable
instanceKlass jdk/internal/ref/Cleaner
ciInstanceKlass java/lang/ref/PhantomReference 1 1 44 10 7 12 1 1 1 10 12 1 1 10 7 12 1 1 1 1 1 1 1 1 1 1 1 1 1 1 1 1 1 1 1 1 1 1 1 1 1 1 1 1 1 1
ciInstanceKlass java/lang/ref/Finalizer 1 1 177 9 7 12 1 1 1 10 7 12 1 1 1 9 12 1 1 9 12 1 1 9 12 1 9 12 1 9 12 1 1 10 12 1 100 1 8 1 10 12 1 10 12 1 1 9 12 1 100 1 10 12 1 7 1 11 7 12 1 1 10 12 1 100 1 10 12 1 10 7 12 1 1 1 10 12 1 1 10 100 12 1 1 8 1 10 12 1 10 12 1 10 12 1 100 1 10 12 1 10 100 12 1 1 1 100 1 10 10 12 1 1 7 1 10 12 1 10 12 1 1 10 12 1 1 10 7 12 1 1 1 7 1 10 7 1 10 10 12 1 1 1 1 1 1 1 1 1 1 1 1 1 1 1 1 1 1 1 1 1 1 1 1 1 1 100 1 1 1 1 1 1 1 1 1 1 1
staticfield java/lang/ref/Finalizer lock Ljava/lang/Object; java/lang/Object
staticfield java/lang/ref/Finalizer ENABLED Z 1
staticfield java/lang/ref/Finalizer $assertionsDisabled Z 1
instanceKlass java/lang/reflect/Executable
instanceKlass java/lang/reflect/Field
ciInstanceKlass java/lang/reflect/AccessibleObject 1 1 374 10 7 12 1 1 1 10 100 12 1 1 1 10 7 12 1 1 1 10 12 1 1 9 12 1 1 7 1 10 7 12 1 1 1 11 12 1 100 1 10 12 1 7 1 100 1 10 12 1 1 10 12 1 1 10 12 1 1 10 12 1 1 10 12 1 1 7 1 10 7 12 1 1 1 10 12 1 1 11 10 7 12 1 1 1 10 12 1 1 10 12 1 10 12 1 10 12 1 1 10 12 1 8 1 100 1 100 1 10 10 12 1 1 8 1 10 12 1 10 12 1 8 1 8 1 8 1 8 1 8 1 8 1 8 1 8 1 8 1 100 1 10 12 1 10 12 1 9 100 12 1 1 1 10 12 1 1 10 12 1 10 100 1 100 1 8 1 10 8 1 10 12 1 8 1 10 12 1 10 12 1 1 10 100 1 8 1 10 11 7 12 1 1 1 10 12 1 1 10 12 1 1 10 12 1 1 9 12 1 1 100 1 10 12 1 7 1 10 12 1 10 12 1 1 10 100 1 10 12 1 10 12 10 12 1 10 12 1 10 12 1 1 10 12 1 9 12 1 10 100 12 1 1 8 1 10 12 1 1 8 1 10 100 12 1 1 1 9 12 1 100 1 10 7 1 10 10 7 12 1 1 1 10 7 12 1 1 1 9 12 1 1 1 1 1 1 1 1 1 1 1 1 1 1 1 1 1 1 1 1 1 1 1 1 1 1 1 1 1 1 1 1 1 1 1 1 1 1 1 1 1 1 1 1 1 1 1 1 1 1 1 1 1 1 1 1 1 1 1 1 1 1 1 1 1 1 1 1 1 1 1 1 1 1 1 1 1 1 1 1 1 1 1
staticfield java/lang/reflect/AccessibleObject reflectionFactory Ljdk/internal/reflect/ReflectionFactory; jdk/internal/reflect/ReflectionFactory
ciInstanceKlass java/lang/reflect/Method 1 1 468 9 7 12 1 1 1 10 100 12 1 1 1 10 100 12 1 1 9 12 1 1 9 12 1 1 10 12 1 1 10 12 1 1 10 12 1 1 10 100 12 1 1 10 7 12 1 1 1 9 12 1 1 9 12 1 9 12 1 1 9 12 1 9 12 1 9 12 1 1 9 12 1 9 12 1 1 9 12 1 9 12 1 100 1 8 1 10 12 1 10 12 1 9 12 1 1 10 7 12 1 1 1 10 12 1 1 10 12 1 1 10 12 1 10 12 1 1 9 100 12 1 1 1 10 12 1 1 10 12 10 100 12 1 1 10 12 1 1 10 12 1 10 12 1 10 12 1 10 7 12 1 1 1 10 12 1 1 9 12 1 10 7 1 10 100 12 1 1 1 10 7 12 1 1 10 12 1 1 10 12 1 1 10 12 1 10 7 12 1 1 1 10 12 1 10 8 1 10 12 1 10 12 1 7 1 8 1 8 1 8 1 10 12 1 10 12 1 1 10 12 1 1 10 10 12 1 1 10 12 1 11 100 1 10 12 1 9 12 1 1 10 12 1 1 10 12 1 10 12 1 1 10 12 1 1 11 7 12 1 1 1 11 12 1 9 12 1 1 10 12 1 10 12 1 10 12 1 10 12 1 10 12 1 10 12 1 9 12 1 1 10 7 12 1 1 1 10 7 12 1 1 10 12 1 1 10 7 12 1 1 1 10 7 12 1 1 1 10 7 12 1 1 1 11 7 12 1 1 1 10 7 12 1 1 1 7 1 100 1 100 1 10 12 1 10 12 1 1 10 12 1 100 1 8 1 10 12 1 10 10 12 1 1 10 12 1 1 10 12 1 1 10 12 1 1 8 1 10 12 1 1 1 1 1 1 1 1 1 1 1 1 1 1 1 1 1 1 1 1 1 1 1 1 1 1 1 1 1 1 1 1 1 1 1 1 1 1 1 1 1 1 1 1 1 1 1 1 1 1 1 1 1 100 1 100 1 100 1 1 1 1 1 1 1 1 1 1 1 1 1 1 1 1 1 1 1 1 1 1 1 1 1 1 1 1 1 1
ciInstanceKlass java/lang/reflect/Member 1 1 37 100 1 10 12 1 1 100 1 100 1 1 1 1 3 1 3 1 1 1 1 1 1 1 1 1 1 1 1 1 1 1 1 1 1 1 1
instanceKlass java/lang/reflect/Constructor
instanceKlass java/lang/reflect/Method
ciInstanceKlass java/lang/reflect/Executable 1 1 581 10 7 12 1 1 1 10 7 12 1 1 1 10 7 12 1 1 1 11 7 12 1 1 1 10 7 12 1 1 1 10 12 1 1 10 7 12 1 1 1 10 100 12 1 1 1 10 12 1 8 1 10 10 12 1 1 10 12 1 1 10 100 12 1 1 1 18 12 1 1 11 100 12 1 1 1 8 1 8 1 8 1 10 100 12 1 1 1 11 12 1 1 100 1 8 1 8 1 10 12 1 100 1 8 1 10 12 1 8 1 11 100 12 1 1 1 100 1 11 100 12 1 1 1 11 12 1 8 1 18 8 1 10 12 1 10 12 1 1 18 8 1 10 12 1 100 1 10 12 1 10 12 1 11 12 1 10 12 1 1 8 1 8 1 10 12 1 1 10 12 1 1 10 10 12 1 9 100 12 1 1 1 10 100 12 1 1 1 10 12 1 10 12 1 1 10 100 12 1 1 10 12 1 10 12 1 10 12 1 10 7 12 1 1 100 1 10 100 12 1 1 1 10 12 1 1 10 100 12 1 1 10 12 1 10 12 1 1 9 100 12 1 1 1 10 100 10 12 1 8 1 10 12 1 10 12 1 3 100 1 8 1 10 12 1 10 12 1 10 10 12 1 10 12 1 1 8 1 8 1 8 1 9 12 1 1 9 12 1 10 12 1 100 1 8 1 10 12 1 10 12 1 10 12 1 1 10 12 1 1 10 12 1 10 12 10 12 1 100 1 10 12 1 10 12 1 1 100 1 10 100 12 1 1 1 100 1 10 7 12 1 1 1 10 12 1 1 11 7 12 1 1 10 12 1 10 100 12 1 1 1 10 12 1 1 9 12 1 10 12 1 1 10 12 1 10 12 1 1 9 100 12 1 1 1 10 100 12 1 1 1 10 12 1 10 12 1 1 9 12 1 10 10 10 10 100 12 1 1 1 10 12 1 9 12 1 10 12 1 1 9 12 1 100 1 100 1 1 1 1 1 1 1 1 1 1 1 1 1 1 1 1 1 1 1 1 1 1 1 1 1 1 1 1 1 1 1 1 1 1 1 1 100 1 1 1 1 1 1 1 1 1 1 1 1 1 1 1 1 1 1 1 100 1 1 1 1 1 1 1 1 1 1 1 1 1 1 1 1 1 1 1 1 1 1 1 1 1 1 1 1 1 1 1 1 1 1 1 1 1 1 1 1 1 1 1 100 1 1 1 1 1 1 1 1 1 1 1 1 1 1 1 1 1 1 1 1 1 1 100 1 1 16 15 16 1 16 1 15 10 12 16 15 10 100 12 1 1 1 1 1 1 100 1 1 100 1 100 1 1
ciInstanceKlass java/lang/reflect/Constructor 1 1 437 10 100 12 1 1 1 10 100 12 1 1 9 7 12 1 1 1 9 12 1 1 10 12 1 1 10 12 1 1 10 12 1 1 10 100 12 1 1 10 7 12 1 1 1 9 12 1 1 9 12 1 1 9 12 1 9 12 1 1 9 12 1 9 12 1 1 9 12 1 1 9 12 1 100 1 8 1 10 12 1 10 12 1 9 12 1 1 10 7 12 1 1 1 10 12 1 1 10 12 1 1 10 12 1 7 1 100 1 8 1 10 10 12 1 10 12 1 10 12 1 1 9 100 12 1 1 1 10 7 12 1 1 10 12 1 1 10 12 1 10 12 1 1 10 100 12 1 1 1 10 100 12 1 1 10 12 1 1 10 12 1 10 100 12 1 1 1 8 1 10 10 12 1 100 1 8 1 10 12 1 10 12 1 1 10 12 1 1 10 12 1 10 12 1 10 12 1 1 10 12 1 1 9 12 1 1 10 12 1 1 10 12 1 1 10 12 1 1 11 7 12 1 1 1 10 12 1 1 10 12 1 10 12 1 10 12 1 8 1 9 12 1 1 10 7 12 1 1 1 10 7 12 1 1 10 12 1 1 10 12 1 1 10 12 1 1 10 12 1 1 10 12 1 9 100 12 1 1 10 12 1 10 12 1 10 12 1 100 1 8 1 10 10 12 1 1 10 12 1 10 10 12 1 1 10 12 1 1 10 100 12 1 1 1 11 100 12 1 1 1 10 12 1 1 9 100 12 1 1 1 10 100 12 1 1 1 10 12 1 1 1 1 1 1 1 1 1 1 1 1 1 1 1 1 1 1 1 1 1 1 1 1 1 1 1 1 1 1 1 1 1 1 1 1 1 1 1 1 1 1 1 1 1 1 1 1 1 1 1 1 1 1 1 1 100 1 100 1 100 1 100 1 1 1 1 1 1 1 1 1 1 1 1 1 1 1 1 1 1 1 1 1 1 1 1 1 1 1 1 1 1 1 1 100 1 1
ciInstanceKlass java/lang/reflect/Field 1 1 454 9 7 12 1 1 1 10 12 1 1 10 100 12 1 1 1 10 100 12 1 1 9 12 1 1 9 12 1 1 10 12 1 1 10 12 1 1 10 12 1 1 10 100 12 1 1 10 7 12 1 1 1 9 12 1 1 9 12 1 9 12 1 9 12 1 1 9 12 1 1 9 12 1 9 12 1 1 100 1 8 1 10 12 1 10 12 1 9 12 1 1 9 12 1 10 7 12 1 1 10 12 1 1 10 12 1 1 10 12 1 10 12 1 1 9 100 12 1 1 1 10 100 12 1 1 1 100 1 10 12 1 1 10 12 1 1 10 12 1 10 12 1 10 100 1 10 100 12 1 1 100 1 10 8 1 10 12 1 1 10 12 1 1 8 1 10 12 10 12 1 8 1 8 1 10 11 100 1 9 12 1 10 12 1 1 10 12 1 1 11 7 12 1 1 1 10 12 1 11 12 1 1 11 12 1 1 11 12 1 1 11 12 1 1 11 12 1 1 11 12 1 1 11 12 1 1 11 12 1 1 11 12 1 1 11 12 1 1 11 12 1 1 11 12 1 1 11 12 1 1 11 12 1 1 11 12 1 1 11 12 1 1 11 12 1 1 10 12 1 10 100 12 1 1 10 12 1 10 12 1 10 12 1 9 12 1 1 10 7 12 1 1 1 10 12 1 1 10 12 1 10 100 12 1 1 10 12 1 1 11 100 1 10 12 1 100 1 10 100 12 1 1 1 10 100 12 1 1 1 9 12 1 10 100 12 1 1 1 11 100 12 1 1 1 10 12 1 1 10 12 1 1 9 100 12 1 1 10 100 12 1 1 1 10 12 1 1 100 1 1 1 1 1 1 1 1 1 1 1 1 1 1 1 1 1 1 1 1 1 1 1 1 1 1 1 1 1 1 1 1 1 1 1 1 1 1 1 100 1 1 1 1 1 1 1 1 1 1 1 1 1 1 1 1 1 1 1 1 1 1 1 1 1 1 1 1 1 1 1 1 100 1 1 1 1 1 1 1 1 1 100 1 1
ciInstanceKlass java/lang/reflect/Parameter 0 0 243 10 100 12 1 1 1 9 100 12 1 1 1 9 12 1 1 9 12 1 1 9 12 1 10 12 1 1 10 12 1 1 10 100 12 1 1 1 100 1 10 10 12 1 1 11 100 12 1 1 1 10 12 1 10 100 12 1 1 1 10 12 1 1 10 12 1 10 12 1 8 1 8 1 10 100 12 1 1 1 10 12 1 10 12 9 100 12 1 1 1 10 100 12 1 1 1 10 12 1 8 1 10 12 1 9 12 1 1 10 12 1 1 9 12 1 1 10 12 1 1 10 12 1 1 10 12 1 1 10 12 1 10 10 12 1 10 100 12 1 1 1 10 12 1 1 11 100 12 1 1 10 100 12 1 1 100 1 10 100 12 1 1 1 10 12 1 1 10 12 1 1 10 12 1 1 10 12 1 1 9 12 1 100 1 10 11 12 1 1 11 12 1 1 100 1 1 1 1 1 1 1 1 1 1 1 1 1 1 1 1 1 1 1 1 1 1 1 1 1 1 1 1 1 1 1 1 1 1 1 1 1 1 1 1 1 100 1 1 1 1 1 1
ciInstanceKlass java/lang/reflect/RecordComponent 0 0 196 10 100 12 1 1 1 9 100 12 1 1 1 9 12 1 1 9 12 1 10 12 1 1 10 12 1 1 10 100 12 1 1 1 10 12 1 1 9 12 1 1 10 12 1 1 10 12 1 1 10 12 1 10 100 12 1 1 10 100 12 1 1 9 12 1 1 10 100 12 1 1 1 11 100 12 1 1 1 10 9 100 12 1 1 1 10 100 12 1 1 1 9 12 1 1 10 100 12 1 1 1 10 12 1 1 11 100 12 1 1 10 100 12 1 1 100 1 9 12 1 9 12 1 1 9 12 1 10 100 12 1 1 1 10 12 1 1 10 12 1 1 100 1 10 10 12 1 10 12 1 1 8 1 10 12 1 10 12 1 9 12 1 100 1 1 1 1 1 1 1 1 1 1 1 1 1 1 1 1 1 1 1 1 1 1 100 1 1 1 1 1 1 100 1 1
ciInstanceKlass java/lang/StringBuffer 1 1 487 10 7 12 1 1 1 10 12 1 10 12 1 10 12 1 1 9 7 12 1 1 1 10 12 1 1 10 12 1 10 12 1 1 9 12 1 1 10 12 1 10 12 1 1 10 12 1 1 10 12 1 10 12 1 1 10 12 1 10 12 1 1 10 12 1 1 10 7 12 1 1 1 10 12 1 1 10 12 1 10 12 1 10 12 1 10 12 1 10 12 1 10 12 1 10 12 1 10 12 1 10 12 1 10 12 1 10 12 1 10 12 1 10 12 1 10 12 1 1 10 12 1 10 12 1 1 10 12 1 1 10 10 12 1 1 10 12 1 10 12 1 10 12 1 10 12 1 10 12 1 10 12 1 10 12 10 12 1 10 12 1 10 12 1 10 12 1 1 10 12 1 10 12 1 10 10 12 1 1 10 12 1 10 12 1 10 12 1 8 1 10 12 1 10 10 100 12 1 1 1 10 10 12 1 1 9 12 1 1 10 100 12 1 1 10 100 1 8 10 100 12 1 1 1 8 10 12 1 8 1 10 12 1 10 12 1 10 100 12 1 1 1 10 100 12 1 1 1 7 1 10 12 100 1 8 1 10 10 12 1 1 10 12 1 1 10 12 1 10 12 1 10 12 1 1 10 12 1 10 12 1 10 12 1 10 12 1 10 12 1 10 12 10 12 1 10 12 1 10 12 1 10 12 1 10 12 1 10 12 1 10 12 1 10 12 1 10 12 1 10 12 1 10 12 10 12 10 12 1 10 12 1 10 12 1 10 12 10 12 1 10 12 1 10 12 1 10 12 1 10 12 1 10 12 1 10 12 1 10 12 1 10 12 1 10 12 1 10 12 1 7 1 10 12 1 9 7 12 1 1 1 9 7 1 9 12 1 1 100 1 100 1 100 1 100 1 1 1 1 5 0 1 1 1 1 1 1 1 1 1 1 1 1 1 1 1 1 1 1 1 1 1 1 1 1 1 1 1 1 1 1 1 1 1 1 1 1 1 1 1 1 1 1 1 1 1 1 1 1 1 1 1 1 1 1 1 1 1 1 1 1 100 1 1 1 1 1 100 1 1 1 1 1 1 1 1 1 1 1 1 1 1 1 1 1 1
staticfield java/lang/StringBuffer serialPersistentFields [Ljava/io/ObjectStreamField; 3 [Ljava/io/ObjectStreamField;
instanceKlass java/lang/StringBuilder
instanceKlass java/lang/StringBuffer
ciInstanceKlass java/lang/AbstractStringBuilder 1 1 619 7 1 10 7 12 1 1 1 9 7 12 1 1 1 9 12 1 9 12 1 1 9 12 1 1 10 7 12 1 1 1 10 12 1 1 100 1 3 3 10 12 1 10 12 1 1 11 7 1 100 1 100 1 10 8 1 10 12 1 10 12 1 10 12 1 1 10 12 1 10 12 1 9 12 1 10 12 1 9 12 1 1 10 12 1 1 10 7 12 1 1 1 10 10 12 1 10 12 1 10 12 1 1 10 12 1 1 10 7 12 1 1 1 10 7 12 1 1 1 100 1 8 1 10 10 12 1 1 100 1 10 12 10 12 1 1 10 10 12 1 1 10 12 1 1 10 12 1 1 10 12 1 1 10 10 7 12 1 1 1 10 12 1 100 1 10 10 7 12 1 1 1 9 12 1 1 9 12 1 10 12 1 1 10 10 12 1 1 10 12 10 12 1 10 12 1 1 10 12 1 1 10 12 1 1 10 12 1 10 12 1 1 10 12 1 1 10 12 1 10 12 1 1 8 1 10 12 1 1 10 12 1 10 12 1 10 12 1 10 7 12 1 1 10 12 1 10 12 1 10 12 1 10 12 1 10 12 1 100 1 9 12 1 1 9 12 1 10 12 1 1 100 1 9 12 1 9 12 10 12 1 10 12 1 10 12 1 1 10 12 1 10 12 1 1 10 12 1 10 12 1 1 10 12 1 1 10 10 7 12 1 1 1 10 12 1 10 12 1 10 12 1 1 10 12 1 10 12 1 10 12 1 10 12 1 10 12 1 10 12 1 10 12 1 10 12 1 10 12 1 1 10 12 1 10 12 1 10 12 10 12 1 1 18 12 1 1 100 1 10 100 12 1 1 1 18 10 12 1 1 10 12 1 1 10 12 1 10 12 1 1 11 12 1 1 10 12 1 10 12 1 10 12 10 12 1 10 10 10 12 1 10 5 0 10 10 12 1 1 100 1 8 1 10 10 12 1 1 10 100 12 1 1 1 10 12 1 10 12 1 1 100 1 10 12 100 1 10 100 1 10 100 1 1 1 1 1 1 1 1 1 1 1 100 1 1 1 1 1 1 1 1 1 1 1 1 1 1 1 1 1 1 1 1 1 1 1 1 1 1 1 1 1 1 1 1 1 1 1 1 1 1 1 1 1 1 1 1 1 1 1 1 1 1 1 1 1 1 1 1 1 1 1 1 1 1 1 1 1 1 1 1 1 1 1 1 1 1 1 1 1 1 1 1 1 1 1 1 1 1 1 1 1 1 1 1 1 1 1 1 1 1 1 100 1 1 1 1 1 1 1 1 1 1 1 1 100 1 1 1 1 1 1 100 1 1 1 1 1 1 100 1 1 16 1 15 10 12 16 15 10 12 15 10 100 12 1 1 1 1 1 1 1 100 1 100 1 1
staticfield java/lang/AbstractStringBuilder EMPTYVALUE [B 0
ciInstanceKlass java/lang/StringBuilder 1 1 425 10 7 12 1 1 1 10 12 1 10 12 1 10 12 1 1 10 7 12 1 1 1 10 7 12 1 1 1 10 12 1 10 12 1 10 12 1 10 12 1 10 12 1 10 12 1 10 12 1 10 12 1 10 12 1 10 12 1 10 12 1 10 12 1 10 12 1 10 12 1 1 10 12 1 10 12 1 1 10 12 1 1 10 12 1 10 12 1 10 12 1 10 12 1 10 12 1 10 12 1 10 12 1 10 12 10 12 1 10 12 1 10 12 1 10 12 1 1 10 12 1 10 12 1 10 12 10 12 1 1 10 12 1 10 12 1 10 12 1 1 8 1 10 12 1 10 100 12 1 1 1 9 12 1 1 10 12 1 10 12 1 10 12 1 1 9 12 1 1 10 100 12 1 1 1 10 100 1 10 12 1 1 10 100 12 1 1 10 12 1 10 12 1 1 100 1 100 1 8 1 10 10 12 1 1 10 12 1 10 12 1 10 12 1 1 10 12 1 10 12 1 10 12 1 10 12 1 10 12 1 10 12 10 12 1 10 12 1 10 12 1 10 12 1 10 12 1 10 12 1 10 12 1 10 12 1 10 12 1 1 10 12 1 1 10 12 1 10 12 1 10 12 1 10 12 10 12 10 12 1 10 12 1 10 12 1 10 12 10 12 1 10 12 1 10 12 1 10 12 1 10 12 1 10 12 1 10 12 1 10 12 1 10 12 1 1 10 12 1 10 12 1 1 10 12 1 10 12 1 1 10 12 1 10 12 1 1 10 12 1 10 12 1 10 12 1 10 10 10 12 1 100 1 100 1 100 1 100 1 1 1 1 5 0 1 1 1 1 1 1 1 1 1 1 1 1 1 1 1 1 1 1 1 1 1 1 1 1 1 1 1 1 1 1 1 1 1 1 1 1 1 1 1 1 1 1 1 1 100 1 1 1 100 1 1 1 1 1 1 1 1 1 1 1
ciMethod java/lang/StringBuilder toString ()Ljava/lang/String; 248 0 78631 0 -1
ciMethod java/lang/StringBuilder <init> ()V 228 0 64589 0 -1
ciMethod java/lang/StringBuilder append (Ljava/lang/String;)Ljava/lang/StringBuilder; 464 0 167444 0 -1
ciInstanceKlass java/security/CodeSource 1 1 396 10 7 12 1 1 1 9 7 12 1 1 1 9 12 1 1 9 12 1 1 9 12 1 1 10 7 12 1 1 1 9 12 1 1 10 100 12 1 1 10 100 10 100 12 1 1 1 10 12 1 1 10 12 1 1 100 1 10 10 100 12 1 1 1 10 100 12 1 1 1 10 12 1 1 100 1 10 12 1 1 10 12 1 1 10 12 1 1 10 12 1 10 10 100 1 10 12 1 1 10 100 12 1 1 1 10 12 1 1 10 12 1 10 12 1 8 1 10 12 1 10 12 1 10 12 1 1 10 12 1 8 1 10 12 1 1 10 100 1 10 10 12 1 1 8 1 10 12 1 10 12 1 10 12 1 8 1 8 1 9 12 1 1 100 1 8 1 10 12 1 10 12 1 1 8 1 10 12 1 8 1 8 1 8 1 10 100 12 1 1 10 12 1 1 10 12 1 10 12 1 1 10 12 1 1 10 12 1 1 100 1 100 1 10 12 1 10 12 10 12 1 1 10 100 12 1 1 10 12 1 100 1 10 12 10 100 12 1 1 1 10 8 1 10 12 1 10 12 1 1 100 1 10 12 1 1 100 1 100 1 8 1 8 1 10 10 12 1 1 10 100 12 1 1 1 100 1 10 12 10 12 1 1 11 100 12 1 1 10 10 12 1 11 10 12 1 8 1 100 1 10 12 1 10 12 1 1 10 12 1 11 12 1 1 100 1 1 1 1 5 0 1 1 1 1 1 1 1 1 1 1 1 1 1 1 1 1 1 1 1 1 1 1 1 1 1 1 1 1 1 1 1 1 1 1 1 1 1 1 1 1 1 1 1 1 1 1 1 1 1 1 1 1 1 1 1 1 1 1 1 1 1 1 1 1 1 1 100 1 1 1 1 1 1 1
ciInstanceKlass java/security/ProtectionDomain 1 1 141 10 7 12 1 1 1 9 7 12 1 1 1 9 12 1 1 9 12 1 1 10 7 12 1 1 7 1 9 12 1 9 12 1 1 7 1 9 12 1 1 9 12 1 10 100 12 1 1 10 100 12 1 1 1 10 12 1 1 10 12 1 8 1 100 1 8 1 10 12 1 10 11 12 1 1 10 100 12 1 1 1 10 12 1 1 8 1 11 8 1 10 12 1 8 1 8 1 8 1 10 12 1 8 1 8 1 1 1 1 1 1 1 1 100 1 1 100 1 1 1 1 1 1 1 1 1 1 1 1 1 1 1 1 1 1 1 100 1 1 1
instanceKlass jdk/internal/loader/BuiltinClassLoader
instanceKlass java/net/URLClassLoader
ciInstanceKlass java/security/SecureClassLoader 1 1 102 10 7 12 1 1 1 7 1 10 12 1 9 7 12 1 1 1 10 12 1 10 12 1 10 12 1 1 10 12 1 1 10 12 1 7 1 10 7 1 10 12 1 7 1 10 12 1 11 7 12 1 1 1 7 1 11 12 1 10 12 1 1 1 1 1 1 1 1 1 1 1 1 1 1 1 1 1 1 1 1 1 1 1 1 1 1 1 1 1 1 1 1 1 1 1 1 100 1 1 1 1
ciInstanceKlass java/net/URL 1 1 721 10 7 12 1 1 1 10 12 1 10 7 12 1 1 9 12 1 1 9 12 1 10 12 1 1 9 12 1 1 10 7 12 1 1 1 8 1 10 12 1 1 7 1 10 10 12 1 1 8 1 10 12 1 1 9 12 1 7 1 8 1 10 12 1 10 12 1 8 1 9 12 1 10 12 1 1 9 12 1 10 12 1 10 12 1 9 12 1 9 12 1 8 1 9 12 1 10 12 1 1 8 1 9 12 1 1 10 12 1 1 10 7 12 1 1 1 8 1 10 12 1 7 1 10 12 1 10 12 1 10 12 1 10 12 1 1 10 12 1 1 8 1 10 12 1 1 10 12 1 8 1 9 12 1 8 1 10 12 1 10 7 12 1 1 1 100 1 10 12 1 10 12 1 1 10 7 12 1 1 1 100 1 8 1 10 10 12 1 8 1 10 12 1 1 10 12 1 10 12 1 10 12 1 10 12 1 10 12 1 10 12 1 8 1 10 12 1 8 1 10 10 100 1 10 10 12 1 8 1 10 7 12 1 1 1 10 12 1 9 12 1 1 10 12 1 10 100 12 1 1 1 100 1 10 12 1 10 12 1 10 12 1 10 12 1 10 12 1 10 12 10 10 12 1 10 12 1 10 12 1 1 8 1 9 100 12 1 1 1 10 100 12 1 1 1 10 12 1 10 12 1 10 7 12 1 1 1 10 12 1 1 10 12 1 9 12 1 1 9 12 1 1 100 1 8 1 10 9 12 1 1 10 7 12 1 1 8 1 10 7 12 1 1 8 1 10 12 1 1 10 12 1 8 1 8 1 10 7 12 1 1 1 100 1 10 7 12 1 1 1 10 12 1 10 12 1 9 7 12 1 1 1 10 7 12 1 1 10 12 1 1 10 12 1 8 1 7 1 10 7 12 1 1 1 10 12 1 1 11 7 12 1 1 11 12 1 10 12 1 10 12 1 8 9 100 12 1 1 1 10 12 1 1 10 12 1 10 12 1 1 10 7 12 1 1 11 7 1 10 12 1 10 12 1 9 12 1 10 12 1 1 10 100 12 1 1 10 100 12 1 1 1 8 10 100 12 1 1 100 1 10 8 8 10 12 1 8 8 8 100 1 10 12 1 9 12 1 1 10 12 1 10 12 1 1 10 12 1 10 12 10 12 1 1 10 12 1 1 10 10 10 12 1 10 12 1 10 12 1 10 12 1 10 12 1 10 10 12 1 100 1 8 1 10 10 10 12 1 1 10 12 1 10 12 1 1 8 1 7 1 10 10 7 1 10 12 1 9 7 12 1 1 1 9 12 1 1 7 1 10 10 7 12 1 1 1 100 1 1 1 1 1 5 0 1 1 1 1 1 1 1 1 1 1 1 1 1 1 1 1 1 1 1 1 1 1 1 1 1 1 1 1 1 1 1 1 1 1 1 1 1 1 1 1 1 1 1 1 1 1 100 1 1 1 1 1 1 1 1 1 1 1 1 1 1 1 1 1 1 1 1 1 1 1 1 1 1 1 1 1 1 1 1 1 1 1 1 100 1 1 1 1 1 1 1 1 1 1 1 1 1 1 1 1 1 1 1 1 1 1 1 100 1 1 1 1 1 1 1 1 1 1 1 1 1 1 1 1 1 1
staticfield java/net/URL defaultFactory Ljava/net/URLStreamHandlerFactory; java/net/URL$DefaultFactory
staticfield java/net/URL handlers Ljava/util/Hashtable; java/util/Hashtable
staticfield java/net/URL streamHandlerLock Ljava/lang/Object; java/lang/Object
staticfield java/net/URL serialPersistentFields [Ljava/io/ObjectStreamField; 7 [Ljava/io/ObjectStreamField;
ciInstanceKlass java/net/URLClassLoader 0 0 467 10 100 12 1 1 1 100 1 10 12 1 9 100 12 1 1 1 100 1 10 12 1 9 12 1 1 10 10 12 1 10 12 1 10 100 12 1 1 1 10 12 1 1 10 100 12 1 1 1 10 100 12 1 1 1 100 1 10 12 1 1 10 12 1 1 10 12 1 1 100 1 100 1 10 12 1 1 10 12 1 1 11 100 12 1 1 1 11 100 12 1 1 1 11 12 1 1 100 1 11 12 1 11 100 12 1 1 10 12 1 11 12 1 11 12 1 1 11 10 12 1 1 10 12 1 1 10 12 1 1 10 100 12 1 1 1 8 1 10 12 1 1 10 12 1 10 12 1 1 100 1 10 12 1 100 1 10 100 12 1 1 1 10 10 12 1 10 12 1 1 10 100 12 1 1 10 12 1 100 1 100 1 10 8 1 10 12 1 1 8 1 10 12 1 1 10 10 12 1 8 1 8 1 10 100 12 1 1 1 10 12 1 1 10 12 1 1 10 12 1 1 10 12 1 1 10 12 1 1 10 12 1 10 12 1 100 1 100 1 8 1 10 12 1 10 12 1 1 10 12 1 1 100 1 10 12 1 10 100 12 1 1 1 10 12 1 1 10 12 1 10 12 1 1 10 12 1 10 100 12 1 1 1 8 1 11 100 12 1 1 1 9 100 12 1 1 1 10 100 12 1 1 1 9 12 1 9 12 1 9 12 1 9 12 1 9 12 1 9 12 1 10 100 12 1 1 1 8 1 10 12 1 1 10 12 1 10 12 1 1 100 1 10 12 1 100 1 10 10 12 1 10 10 100 12 1 1 1 1 1 1 1 1 1 1 1 1 1 1 1 1 1 1 1 1 1 1 1 1 1 1 1 1 1 1 1 1 1 1 1 100 1 100 1 100 1 100 1 1 1 1 1 1 1 1 1 1 1 1 1 1 1 1 1 1 1 1 1 1 1 1 1 1 1 1 1 1 1 1 1 1 1 1 1 1 1 1 1 100 1 1 1 1 1 1 1 1 1 1 1 1 1 1 1 1 1 1 1 1 1 1 1 1 1 1 1
ciInstanceKlass java/util/jar/Manifest 1 1 320 10 7 12 1 1 1 7 1 10 9 7 12 1 1 1 7 1 10 9 12 1 1 9 12 1 1 10 12 1 10 12 1 1 10 12 1 1 10 12 1 1 10 12 1 1 11 7 1 11 12 1 1 10 12 1 1 10 100 12 1 1 1 100 1 100 1 10 8 1 10 12 1 1 10 12 1 1 10 12 1 10 12 1 11 100 1 10 12 1 10 12 1 1 11 12 1 1 10 12 1 11 12 1 1 11 100 12 1 1 1 11 100 12 1 1 11 12 1 1 100 1 10 12 1 8 1 11 12 1 100 1 10 12 1 1 11 12 1 10 12 1 10 12 1 10 9 100 12 1 1 1 10 12 1 1 10 100 12 1 10 12 1 10 12 1 9 100 12 1 1 1 8 1 10 12 1 8 1 8 1 7 1 10 12 1 10 12 1 10 12 1 1 100 1 8 1 10 12 1 1 8 1 10 10 12 1 1 8 1 10 12 1 1 10 100 12 1 1 1 10 12 1 10 11 12 1 1 10 12 1 1 10 100 12 1 1 1 10 12 1 1 10 12 1 10 12 1 1 11 10 12 1 11 10 12 1 100 1 1 1 1 1 1 1 1 1 1 1 1 1 1 1 1 1 1 1 1 1 1 1 1 1 1 1 1 1 1 1 1 1 1 1 100 1 1 1 1 1 1 1 1 1 1 1 1 1 1 100 1 1 1 1 1 1 1 1 1 1 1
ciInstanceKlass java/io/ByteArrayInputStream 1 1 135 10 7 12 1 1 1 9 7 12 1 1 1 9 12 1 1 9 12 1 9 12 1 10 100 12 1 1 1 10 7 12 1 1 1 10 7 12 1 1 1 10 100 12 1 1 1 10 12 1 1 10 100 12 1 1 1 100 1 100 1 100 1 3 10 100 1 10 100 12 1 1 1 9 12 1 1 100 1 10 10 7 12 1 1 1 1 1 1 1 1 1 1 1 1 1 1 1 1 1 1 1 1 1 1 1 1 1 1 1 1 1 1 1 1 1 1 1 100 1 100 1 1 1 1 1 1 1 1 1 1 1 1 1 1
staticfield java/io/ByteArrayInputStream $assertionsDisabled Z 1
instanceKlass java/nio/DoubleBuffer
instanceKlass java/nio/FloatBuffer
instanceKlass java/nio/ShortBuffer
instanceKlass java/nio/IntBuffer
instanceKlass java/nio/CharBuffer
instanceKlass java/nio/LongBuffer
instanceKlass java/nio/ByteBuffer
ciInstanceKlass java/nio/Buffer 1 1 259 100 1 10 7 12 1 1 1 9 7 12 1 1 1 9 12 1 9 12 1 1 9 12 1 9 12 1 1 10 12 1 1 10 12 1 1 10 12 100 1 100 1 10 8 1 10 12 1 1 10 12 1 8 1 8 1 10 12 1 1 10 12 1 8 1 9 12 1 1 100 1 8 1 10 12 1 8 1 8 1 9 12 10 12 1 8 1 8 1 8 1 10 12 1 8 1 8 1 8 1 100 1 10 100 1 10 100 1 10 9 12 1 1 10 7 12 1 1 1 100 1 10 12 1 1 10 12 1 10 100 12 1 1 10 7 12 1 1 1 10 7 12 1 1 1 9 12 1 1 10 7 12 1 1 1 9 12 1 1 7 1 10 10 12 1 1 7 1 10 10 7 12 1 1 1 1 1 3 1 1 1 1 1 1 1 1 1 1 1 1 1 1 100 1 1 1 1 1 1 1 100 1 1 1 1 1 1 1 1 1 1 1 1 1 1 1 1 1 1 1 1 1 1 1 1 1 1 1 1 1 1 1 1 1 1 1 1 1 1 1 1 1 1 100 1 100 1 100 1 100 1 100 1 100 1 100 1 1
staticfield java/nio/Buffer UNSAFE Ljdk/internal/misc/Unsafe; jdk/internal/misc/Unsafe
staticfield java/nio/Buffer SCOPED_MEMORY_ACCESS Ljdk/internal/misc/ScopedMemoryAccess; jdk/internal/misc/ScopedMemoryAccess
staticfield java/nio/Buffer IOOBE_FORMATTER Ljava/util/function/BiFunction; jdk/internal/util/Preconditions$4
staticfield java/nio/Buffer $assertionsDisabled Z 1
ciInstanceKlass jdk/internal/util/Preconditions 1 1 194 10 100 12 1 1 1 11 100 12 1 1 1 11 100 12 1 1 1 100 1 100 1 10 7 12 1 1 1 10 12 1 8 1 100 1 10 100 12 1 1 1 10 12 1 1 8 1 8 1 10 100 12 1 1 7 1 10 12 1 8 1 10 100 12 1 1 1 8 1 10 12 1 1 10 12 1 1 11 12 1 8 1 8 1 11 12 1 1 8 1 8 1 8 1 10 12 1 1 10 12 1 1 10 12 1 10 12 1 10 12 1 10 12 7 1 10 10 12 1 1 9 12 1 1 7 1 10 9 12 1 7 1 10 9 12 1 1 1 1 1 1 1 1 1 1 1 1 1 1 1 1 1 1 1 1 1 1 1 1 1 1 1 1 1 1 1 1 1 1 1 1 1 1 1 1 1 1 1 1 1 1 1 1 1 1 1 1 1 1 1 1 1 1
staticfield jdk/internal/util/Preconditions SIOOBE_FORMATTER Ljava/util/function/BiFunction; jdk/internal/util/Preconditions$4
staticfield jdk/internal/util/Preconditions AIOOBE_FORMATTER Ljava/util/function/BiFunction; jdk/internal/util/Preconditions$4
staticfield jdk/internal/util/Preconditions IOOBE_FORMATTER Ljava/util/function/BiFunction; jdk/internal/util/Preconditions$4
ciInstanceKlass jdk/internal/util/Preconditions$4 1 1 61 9 7 12 1 1 1 10 7 12 1 1 1 10 100 12 1 1 1 11 100 12 1 1 1 100 1 100 1 100 1 10 12 1 100 1 1 1 1 1 1 1 1 1 1 1 1 1 1 1 1 1 1 1 1 1 12 1 1 1 1
ciInstanceKlass java/util/function/BiFunction 1 1 65 10 100 12 1 1 1 18 12 1 1 11 100 12 1 1 11 100 12 1 100 1 1 1 1 1 1 1 1 1 1 1 1 1 1 1 1 1 1 1 1 1 1 1 1 1 1 1 16 15 11 12 15 10 100 12 1 1 1 1 100 1 100 1 1
ciMethod jdk/internal/util/Preconditions checkIndex (IILjava/util/function/BiFunction;)I 1024 0 5635 0 -1
ciMethod jdk/internal/util/Preconditions checkFromIndexSize (IIILjava/util/function/BiFunction;)I 518 0 151891 0 0
ciMethod jdk/internal/util/Preconditions outOfBoundsCheckFromIndexSize (Ljava/util/function/BiFunction;III)Ljava/lang/RuntimeException; 0 0 1 0 -1
ciInstanceKlass java/lang/AssertionStatusDirectives 0 0 24 10 100 12 1 1 1 100 1 1 1 1 1 1 1 1 1 1 1 1 1 1 1 1
instanceKlass com/priya/neurosyncdemo/api/EmotionResult
instanceKlass sun/security/pkcs/PKCS9Attribute$AttributeInfo
instanceKlass jdk/internal/util/ImmutableBitSetPredicate$SmallImmutableBitSetPredicate
instanceKlass jdk/internal/misc/ThreadTracker$ThreadRef
instanceKlass jdk/internal/classfile/impl/AbstractInstruction$SwitchCaseImpl
instanceKlass jdk/internal/classfile/impl/StackCounter$Target
instanceKlass jdk/internal/classfile/impl/StackMapDecoder$StackMapFrameImpl
instanceKlass jdk/internal/classfile/impl/StackMapDecoder$ObjectVerificationTypeInfoImpl
instanceKlass java/lang/reflect/Proxy$ProxyBuilder$ProxyClassContext
instanceKlass jdk/net/UnixDomainPrincipal
instanceKlass java/nio/DirectByteBuffer$Deallocator
instanceKlass java/util/Formatter$FixedString
instanceKlass java/lang/invoke/StringConcatFactory$InlineHiddenClassStrategy$MethodHandlePair
instanceKlass java/security/SecureClassLoader$CodeSourceKey
instanceKlass jdk/internal/module/ModuleReferenceImpl$CachedHash
instanceKlass java/util/zip/ZipFile$EntryPos
instanceKlass java/util/stream/Collectors$CollectorImpl
instanceKlass java/lang/invoke/MethodHandles$Lookup$ClassDefiner
instanceKlass jdk/internal/classfile/impl/ClassHierarchyImpl$ClassHierarchyInfoImpl
instanceKlass java/lang/classfile/ClassHierarchyResolver$1Factory
instanceKlass jdk/internal/classfile/impl/RawBytecodeHelper$CodeRange
instanceKlass jdk/internal/classfile/impl/StackMapGenerator$Type
instanceKlass jdk/internal/classfile/impl/Util$1WithCodeMethodHandler
instanceKlass jdk/internal/classfile/impl/DirectCodeBuilder$DeferredLabel
instanceKlass java/lang/invoke/InvokerBytecodeGenerator$ClassData
instanceKlass jdk/internal/classfile/impl/AnnotationImpl
instanceKlass jdk/internal/reflect/ReflectionFactory$Config
instanceKlass jdk/internal/foreign/abi/UpcallLinker$CallRegs
instanceKlass jdk/internal/foreign/abi/VMStorage
ciInstanceKlass java/lang/Record 1 1 22 10 7 12 1 1 1 100 1 1 1 1 1 1 1 1 1 1 1 1 1 1
instanceKlass software/amazon/awssdk/thirdparty/jackson/core/util/InternCache
ciInstanceKlass java/util/concurrent/ConcurrentHashMap 1 1 1218 100 1 7 1 10 7 12 1 1 1 10 12 1 1 9 12 1 1 3 10 7 12 1 1 1 3 100 1 10 7 12 1 1 1 100 1 10 100 12 1 1 1 100 1 11 12 1 1 11 12 1 11 12 1 1 9 12 1 1 9 12 1 9 12 1 10 7 12 1 1 1 7 1 10 12 1 1 10 12 1 1 10 7 12 1 1 1 4 10 12 1 11 7 12 1 1 10 12 1 10 12 1 1 100 1 10 5 0 10 12 1 9 12 1 10 12 1 1 5 0 10 12 1 10 12 1 9 12 1 1 10 12 1 1 9 12 1 9 12 1 1 10 12 1 1 9 12 1 10 12 1 1 9 12 1 1 10 12 1 1 100 1 10 100 1 10 12 1 10 12 1 1 10 12 1 1 10 12 1 1 10 12 1 10 12 1 1 10 12 1 1 7 1 10 12 1 1 7 1 100 1 8 1 10 12 1 10 12 1 1 10 12 1 1 10 10 12 1 11 12 1 1 11 7 12 1 1 1 11 7 12 1 1 1 11 12 1 7 1 11 12 1 11 12 1 10 12 1 1 10 12 1 1 9 12 1 1 10 7 12 1 1 1 9 10 12 1 1 9 12 1 10 12 1 1 5 0 9 12 1 1 7 1 10 12 1 9 12 1 1 7 1 10 12 1 9 12 1 7 1 10 100 1 10 10 12 1 1 8 1 10 12 1 10 12 1 1 11 100 1 10 12 1 10 100 12 1 1 1 8 1 10 100 12 1 1 1 8 1 10 12 1 8 1 10 12 1 10 12 1 1 10 100 12 1 1 10 12 1 10 12 1 10 12 1 9 12 1 9 10 12 1 9 12 1 1 11 100 12 1 1 1 11 7 12 1 1 1 100 1 10 12 11 100 12 1 1 10 11 7 12 1 10 12 1 100 1 10 12 1 100 1 10 10 9 7 12 1 1 1 3 10 100 12 1 1 9 12 1 10 12 1 1 9 12 1 1 9 12 1 10 12 1 1 10 100 12 1 1 9 12 1 9 7 12 1 1 10 12 1 1 10 12 1 3 9 12 1 9 12 1 10 12 1 1 7 1 9 3 100 1 10 12 1 9 12 1 10 12 1 9 12 1 10 12 1 9 12 1 10 100 12 1 1 1 100 10 12 1 100 1 5 0 10 100 12 1 1 100 1 10 12 1 1 10 12 1 10 12 1 100 1 10 12 1 10 100 1 100 1 10 10 12 1 10 100 1 10 12 1 10 100 1 10 12 1 10 100 1 10 12 1 1 100 1 10 12 1 10 10 12 1 100 1 10 12 1 10 10 12 1 100 1 10 12 1 10 100 1 10 12 1 10 100 1 10 12 1 10 100 1 10 12 1 10 100 1 10 12 1 10 100 1 10 12 1 10 100 1 10 12 1 10 100 1 10 12 1 10 100 1 10 10 100 1 10 10 100 1 10 10 100 1 10 12 1 10 100 1 10 12 1 10 100 1 10 12 1 10 100 1 10 12 1 10 100 1 10 12 1 10 100 1 10 10 100 1 10 10 100 1 10 10 100 1 10 12 1 10 100 1 10 12 1 10 100 1 10 12 1 10 100 1 10 12 1 10 100 1 10 12 1 10 10 12 1 10 12 1 7 1 7 1 10 12 1 9 12 1 1 9 12 1 1 10 12 1 1 8 10 12 1 1 8 8 8 8 7 10 12 1 1 10 12 1 100 1 8 1 10 7 1 100 1 100 1 1 1 5 0 1 1 3 1 3 1 1 1 1 3 1 3 1 3 1 1 1 1 1 3 1 3 1 3 1 1 1 1 1 1 1 1 1 1 1 1 1 1 1 1 1 1 1 1 1 1 1 1 1 1 1 100 1 1 1 1 1 1 1 1 1 1 1 1 1 1 1 1 1 1 1 1 1 1 1 1 1 1 1 1 1 1 1 1 1 1 1 1 1 1 1 1 1 1 1 1 1 1 1 1 1 1 1 1 1 1 1 1 1 1 1 1 1 1 1 1 1 1 1 1 1 1 1 1 1 1 1 1 1 1 1 1 1 1 1 1 100 1 1 1 1 1 1 1 1 1 1 1 100 1 1 1 1 1 1 1 1 1 1 1 1 1 1 1 1 1 1 1 1 1 1 1 1 1 1 1 1 1 1 1 1 1 1 1 1 1 1 1 1 1 1 1 1 1 1 1 1 1 1 1 1 1 1 1 1 1 1 1 1 1 1 1 1 1 1 1 1 1 1 1 1 1 1 1 1 1 1 1 1 1 1 1 1 1 1 1 1 1 1 1 1 1 1 1 1 1 1 1 1 1 1 1 1 1 1 1 1 1 1 1 1 1 1 1 1 1 1 1 1 1 1 1 1 1 1 1 1 1 1 1 1 1 1 1 1 1 1 1 1 1 1 1 1 1 1 1 1 1 1 1 1 1 1 1 1 1 1 1 1 1 1 1 1 1 1 1 1 1 1 1 1 1 1 1 1 1 1 1 1 1 1 1 1 1 1 1 1 1 1 1 1 1 1 1 1 1 1 1 1 1 1 1 1 1 1 1 1 1 1 1 1 1 1 1 1 1 1 1 1 1 1 1 100 1 100 1 100 1 100 1 100 1 100 1 100 1 100 1 100 1 1 1 1 1 1 1 1 1 1 1 1 1 1 1 1 1 1 1 1 1 1 1 1 1 1 1 1 1 1 1 1 1 1 1 1 1 1 1 1 1 1 1 1 1 1 1 1 1 1 1 1 1 1 1 1 1 1
staticfield java/util/concurrent/ConcurrentHashMap serialPersistentFields [Ljava/io/ObjectStreamField; 3 [Ljava/io/ObjectStreamField;
staticfield java/util/concurrent/ConcurrentHashMap U Ljdk/internal/misc/Unsafe; jdk/internal/misc/Unsafe
staticfield java/util/concurrent/ConcurrentHashMap SIZECTL J 20
staticfield java/util/concurrent/ConcurrentHashMap TRANSFERINDEX J 32
staticfield java/util/concurrent/ConcurrentHashMap BASECOUNT J 24
staticfield java/util/concurrent/ConcurrentHashMap CELLSBUSY J 36
staticfield java/util/concurrent/ConcurrentHashMap CELLVALUE J 144
staticfield java/util/concurrent/ConcurrentHashMap ABASE I 16
staticfield java/util/concurrent/ConcurrentHashMap ASHIFT I 2
instanceKlass java/util/Collections$SingletonMap
instanceKlass sun/awt/SoftCache
instanceKlass java/util/concurrent/ConcurrentSkipListMap
instanceKlass javafx/collections/FXCollections$EmptyObservableMap
instanceKlass java/util/TreeMap
instanceKlass java/util/stream/Collectors$Partition
instanceKlass java/util/IdentityHashMap
instanceKlass java/util/EnumMap
instanceKlass java/util/WeakHashMap
instanceKlass java/util/Collections$EmptyMap
instanceKlass sun/util/PreHashedMap
instanceKlass java/util/HashMap
instanceKlass java/util/ImmutableCollections$AbstractImmutableMap
instanceKlass java/util/concurrent/ConcurrentHashMap
ciInstanceKlass java/util/AbstractMap 1 1 198 10 7 12 1 1 1 10 7 12 1 1 1 11 7 12 1 1 1 10 11 12 1 1 11 7 12 1 1 1 11 12 1 1 7 1 11 12 1 10 12 1 1 11 12 1 100 1 10 11 12 1 11 7 1 10 12 1 1 11 12 1 9 12 1 1 100 1 10 12 1 9 12 1 1 100 1 10 11 11 12 1 1 11 12 1 100 1 100 1 11 12 1 8 1 100 1 10 10 12 1 1 8 1 10 12 1 10 12 1 1 10 12 1 1 1 1 1 1 1 1 1 1 1 1 1 1 1 1 1 1 1 1 1 1 1 1 1 1 1 1 1 1 1 1 1 1 1 1 1 1 1 1 100 1 1 1 1 1 1 1 100 1 1 1 1 1 1 1 1 1 100 1 1 1 1 1 1 1 1 1 100 1 100 1 100 1 100 1 100 1 1 1 1 1 1 1 1
ciInstanceKlass java/util/concurrent/ConcurrentMap 1 1 201 11 100 12 1 1 1 10 100 12 1 1 11 12 1 1 11 100 12 1 1 1 11 100 12 1 1 1 11 12 1 1 100 1 11 12 1 11 12 1 100 1 11 100 12 1 1 1 18 12 1 11 12 1 1 11 100 12 1 1 11 12 1 1 11 100 12 1 11 12 1 1 11 12 1 1 100 1 100 1 1 1 1 1 1 1 1 1 1 1 1 1 1 1 1 1 1 1 1 1 1 1 1 1 1 1 1 1 1 1 1 1 1 1 1 1 1 1 1 1 1 1 1 1 1 1 1 1 1 1 1 1 1 1 1 1 1 1 1 16 15 11 12 15 10 100 12 1 1 1 1 1 100 1 100 1 1 1 100 1 8 1 1 12 10 1 8 1 1 1 8 1 8 1 1 8 1 1 1 8 1 1 1 8 1 1 8 1 8 1 1 1 8 1 1 8 1 1 1 8 1
ciInstanceKlass java/util/Collection 1 1 115 11 100 12 1 1 1 100 1 11 7 12 1 1 1 10 100 12 1 1 1 11 12 1 1 11 100 12 1 1 1 11 12 1 1 11 100 12 1 1 1 11 12 1 1 10 100 12 1 1 1 11 12 1 10 7 12 1 1 1 100 1 100 1 1 1 1 1 1 1 1 1 1 1 1 1 1 1 1 1 1 1 1 1 1 1 1 1 1 1 1 1 1 1 1 1 1 1 1 1 1 1 1 1 1 1 1 1 1 1 1 1 1 1 1
instanceKlass jdk/internal/loader/ClassLoaders$BootClassLoader
instanceKlass jdk/internal/loader/ClassLoaders$PlatformClassLoader
instanceKlass jdk/internal/loader/ClassLoaders$AppClassLoader
ciInstanceKlass jdk/internal/loader/BuiltinClassLoader 1 1 652 9 7 12 1 1 1 10 7 12 1 1 1 10 7 12 1 1 1 9 12 1 1 9 12 1 1 7 1 10 12 1 9 12 1 10 12 1 9 12 1 10 7 12 1 1 1 10 7 12 1 1 1 10 7 12 1 1 1 11 7 12 1 1 1 100 1 100 1 10 10 12 1 1 8 1 10 12 1 10 12 7 1 10 12 1 10 12 1 1 11 7 12 1 1 1 11 7 12 1 1 1 11 12 1 1 7 1 8 1 8 1 10 9 12 1 1 10 7 12 1 1 11 12 1 1 10 12 1 1 10 12 1 1 10 12 1 1 11 7 12 1 1 1 10 7 12 1 1 7 1 10 100 12 1 1 1 10 7 12 1 1 1 10 12 1 10 12 1 100 1 8 1 10 12 1 1 10 8 1 10 12 1 1 10 12 1 1 10 12 1 1 11 7 12 1 1 11 12 1 7 1 10 11 12 1 1 11 10 12 1 1 7 1 10 12 1 10 7 12 1 10 12 1 11 12 1 1 11 7 1 11 12 1 7 1 10 12 1 1 100 1 100 1 11 12 1 1 10 12 1 10 12 10 12 1 10 7 12 1 1 1 7 1 10 10 12 1 1 10 12 1 1 10 12 1 1 10 12 1 9 12 1 1 100 1 10 10 12 1 1 10 12 1 1 10 12 1 10 12 10 12 1 1 10 12 1 1 10 12 1 1 10 12 1 10 12 1 1 10 12 1 1 10 12 1 10 12 1 1 10 12 1 7 1 10 12 10 7 12 1 1 1 10 12 1 11 12 1 7 1 10 12 1 7 1 100 1 10 12 1 10 12 1 11 12 1 1 10 12 1 1 10 12 1 1 10 12 1 1 10 12 1 1 10 12 1 10 12 1 10 12 1 10 12 1 8 1 10 12 1 1 10 7 12 1 1 10 12 1 100 1 8 1 8 1 10 10 12 1 8 1 8 1 10 7 12 1 1 1 11 7 12 1 1 1 9 7 12 1 1 1 10 7 12 1 1 1 9 12 1 9 12 1 9 12 1 9 12 1 9 12 1 9 12 1 10 7 12 1 1 1 8 1 10 12 1 7 1 10 11 12 1 1 10 12 10 12 1 10 12 1 100 1 10 12 1 10 12 1 11 11 12 1 10 7 12 1 1 10 7 12 1 1 8 1 10 7 12 1 1 10 12 1 1 1 1 1 1 1 1 1 1 1 1 1 1 1 1 1 1 1 1 1 1 1 1 1 1 1 1 1 1 1 1 1 1 1 1 1 1 1 1 1 1 1 1 1 1 1 1 1 1 1 1 1 1 1 100 1 1 1 1 1 1 1 1 1 1 1 1 1 100 1 100 1 1 1 1 1 1 1 1 1 1 1 1 1 1 1 1 1 1 1 1 1 1 1 1 1 1 1 1 1 1 1 1 1 1 1 1 1 1 1 1 1 1 1 1 1 1 1 100 1 1 1 100 1 1 1 1 1
staticfield jdk/internal/loader/BuiltinClassLoader packageToModule Ljava/util/Map; java/util/concurrent/ConcurrentHashMap
staticfield jdk/internal/loader/BuiltinClassLoader $assertionsDisabled Z 1
ciInstanceKlass jdk/internal/loader/ClassLoaders$AppClassLoader 1 1 57 8 1 10 7 12 1 1 1 10 100 12 1 1 1 10 12 1 1 10 7 12 1 1 1 100 1 10 12 1 1 1 1 1 1 1 1 1 1 1 1 1 1 1 1 1 1 1 1 1 1 1 1 100 1 1 1
ciInstanceKlass jdk/internal/loader/ClassLoaders$PlatformClassLoader 1 1 42 8 1 10 7 12 1 1 1 10 7 12 1 1 1 100 1 10 12 1 100 1 1 1 1 1 1 1 1 1 1 1 1 1 1 100 1 1 1 100 1 1
ciInstanceKlass java/lang/ArithmeticException 1 1 26 10 100 12 1 1 1 10 12 1 100 1 1 1 1 5 0 1 1 1 1 1 1 1 1 1
instanceKlass sun/security/pkcs11/wrapper/PKCS11Exception
instanceKlass org/apache/http/HttpException
instanceKlass java/util/concurrent/TimeoutException
instanceKlass sun/nio/fs/WindowsException
instanceKlass java/text/ParseException
instanceKlass javax/security/auth/callback/UnsupportedCallbackException
instanceKlass com/zaxxer/hikari/pool/PoolBase$ConnectionSetupException
instanceKlass java/sql/SQLException
instanceKlass javax/naming/NamingException
instanceKlass javafx/css/CssParser$ParseException
instanceKlass javafx/scene/transform/NonInvertibleTransformException
instanceKlass java/lang/CloneNotSupportedException
instanceKlass java/security/PrivilegedActionException
instanceKlass java/net/URISyntaxException
instanceKlass com/sun/javafx/geom/transform/NoninvertibleTransformException
instanceKlass java/util/concurrent/ExecutionException
instanceKlass java/security/GeneralSecurityException
instanceKlass java/io/IOException
instanceKlass java/lang/InterruptedException
instanceKlass java/lang/ReflectiveOperationException
instanceKlass java/lang/RuntimeException
ciInstanceKlass java/lang/Exception 1 1 40 10 7 12 1 1 1 10 12 1 10 12 1 10 12 1 10 12 1 100 1 1 1 1 5 0 1 1 1 1 1 1 1 1 1 1 1 1 1 1
instanceKlass java/security/ProviderException
instanceKlass org/apache/http/ParseException
instanceKlass org/apache/commons/logging/LogConfigurationException
instanceKlass software/amazon/awssdk/core/exception/SdkException
instanceKlass java/io/UncheckedIOException
instanceKlass java/util/concurrent/CompletionException
instanceKlass java/time/DateTimeException
instanceKlass java/lang/reflect/UndeclaredThrowableException
instanceKlass java/util/MissingResourceException
instanceKlass com/zaxxer/hikari/pool/HikariPool$PoolInitializationException
instanceKlass com/mysql/cj/exceptions/CJException
instanceKlass java/util/ConcurrentModificationException
instanceKlass com/sun/javafx/geom/IllegalPathStateException
instanceKlass java/util/NoSuchElementException
instanceKlass com/sun/javafx/geom/transform/SingularMatrixException
instanceKlass java/lang/UnsupportedOperationException
instanceKlass java/lang/SecurityException
instanceKlass java/lang/IllegalStateException
instanceKlass java/lang/IllegalArgumentException
instanceKlass java/lang/IndexOutOfBoundsException
instanceKlass java/lang/ArithmeticException
instanceKlass java/lang/NullPointerException
instanceKlass java/lang/IllegalCallerException
instanceKlass java/lang/IllegalMonitorStateException
instanceKlass java/lang/ArrayStoreException
instanceKlass java/lang/ClassCastException
ciInstanceKlass java/lang/RuntimeException 1 1 40 10 7 12 1 1 1 10 12 1 10 12 1 10 12 1 10 12 1 100 1 1 1 1 5 0 1 1 1 1 1 1 1 1 1 1 1 1 1 1
ciInstanceKlass java/lang/ArrayIndexOutOfBoundsException 1 1 45 10 100 12 1 1 1 10 12 1 100 1 10 8 1 10 12 1 1 10 12 1 10 12 1 1 100 1 1 1 1 5 0 1 1 1 1 1 1 1 1 1 1 1 1
ciInstanceKlass java/lang/ArrayStoreException 1 1 26 10 100 12 1 1 1 10 12 1 100 1 1 1 1 5 0 1 1 1 1 1 1 1 1 1
ciInstanceKlass java/lang/ClassCastException 1 1 26 10 100 12 1 1 1 10 12 1 100 1 1 1 1 5 0 1 1 1 1 1 1 1 1 1
ciInstanceKlass java/lang/ClassNotFoundException 1 1 96 7 1 10 7 12 1 1 1 10 12 1 10 12 1 1 10 100 12 1 1 1 8 1 10 100 12 1 1 1 10 7 12 1 1 10 100 12 1 1 1 10 100 12 1 1 1 10 12 1 1 7 1 10 12 1 9 12 1 1 1 1 1 5 0 1 1 1 1 1 1 1 1 1 1 1 1 1 1 1 1 1 1 100 1 1 1 1 1 1 1 1 1 1 1 1
staticfield java/lang/ClassNotFoundException serialPersistentFields [Ljava/io/ObjectStreamField; 1 [Ljava/io/ObjectStreamField;
instanceKlass java/lang/InstantiationException
instanceKlass java/lang/reflect/InvocationTargetException
instanceKlass java/lang/IllegalAccessException
instanceKlass java/lang/NoSuchFieldException
instanceKlass java/lang/NoSuchMethodException
instanceKlass java/lang/ClassNotFoundException
ciInstanceKlass java/lang/ReflectiveOperationException 1 1 34 10 7 12 1 1 1 10 12 1 10 12 1 10 12 1 100 1 1 1 1 5 0 1 1 1 1 1 1 1 1 1 1 1
instanceKlass java/security/InvalidParameterException
instanceKlass java/nio/file/InvalidPathException
instanceKlass java/nio/charset/UnsupportedCharsetException
instanceKlass java/nio/charset/IllegalCharsetNameException
instanceKlass java/lang/NumberFormatException
ciInstanceKlass java/lang/IllegalArgumentException 1 1 35 10 7 12 1 1 1 10 12 1 10 12 1 10 12 1 100 1 1 1 1 5 0 1 1 1 1 1 1 1 1 1 1 1 1
ciInstanceKlass java/lang/IllegalCallerException 0 0 35 10 100 12 1 1 1 10 12 1 10 12 1 10 12 1 100 1 1 1 1 5 0 1 1 1 1 1 1 1 1 1 1 1 1
ciInstanceKlass java/lang/IllegalMonitorStateException 1 1 26 10 100 12 1 1 1 10 12 1 100 1 1 1 1 5 0 1 1 1 1 1 1 1 1 1
ciInstanceKlass java/lang/BootstrapMethodError 0 0 45 10 100 12 1 1 1 10 12 1 10 12 1 10 100 12 1 1 1 10 100 12 1 1 1 1 1 1 5 0 1 1 1 1 1 1 1 1 1 1 1 100 1 1 1
instanceKlass java/lang/ThreadDeath
instanceKlass java/lang/AssertionError
instanceKlass java/lang/VirtualMachineError
instanceKlass java/lang/LinkageError
ciInstanceKlass java/lang/Error 1 1 58 10 7 12 1 1 1 9 12 1 1 10 100 12 1 1 1 10 100 12 1 1 1 10 12 1 10 12 1 10 12 1 10 12 1 100 1 1 1 1 5 0 1 1 1 1 1 1 1 1 100 1 1 1 1 1 1 1
instanceKlass java/lang/ExceptionInInitializerError
instanceKlass java/lang/UnsatisfiedLinkError
instanceKlass java/lang/IncompatibleClassChangeError
instanceKlass java/lang/BootstrapMethodError
instanceKlass java/lang/NoClassDefFoundError
ciInstanceKlass java/lang/LinkageError 1 1 31 10 7 12 1 1 1 10 12 1 10 12 1 100 1 1 1 1 5 0 1 1 1 1 1 1 1 1 1 1 1
ciInstanceKlass java/lang/NullPointerException 1 1 52 10 7 12 1 1 1 10 12 1 9 7 12 1 1 1 10 12 1 1 9 12 1 1 10 12 1 1 10 12 1 1 1 1 5 0 1 1 1 1 1 1 1 1 100 1 100 1 100 1 1 1
instanceKlass java/io/CharConversionException
instanceKlass java/io/ObjectStreamException
instanceKlass org/apache/http/NoHttpResponseException
instanceKlass org/apache/http/ConnectionClosedException
instanceKlass software/amazon/awssdk/thirdparty/jackson/core/JacksonException
instanceKlass org/apache/http/client/ClientProtocolException
instanceKlass org/apache/http/conn/UnsupportedSchemeException
instanceKlass java/io/InterruptedIOException
instanceKlass javax/net/ssl/SSLException
instanceKlass java/nio/charset/CharacterCodingException
instanceKlass java/nio/file/FileSystemException
instanceKlass org/bytedeco/javacv/FrameGrabber$Exception
instanceKlass javax/security/sasl/SaslException
instanceKlass java/io/EOFException
instanceKlass java/net/SocketException
instanceKlass java/net/UnknownHostException
instanceKlass java/io/UnsupportedEncodingException
instanceKlass java/io/FileNotFoundException
instanceKlass java/net/MalformedURLException
ciInstanceKlass java/io/IOException 1 1 34 10 7 12 1 1 1 10 12 1 10 12 1 10 12 1 100 1 1 1 1 5 0 1 1 1 1 1 1 1 1 1 1 1
ciInstanceKlass java/lang/InternalError 1 1 34 10 100 12 1 1 1 10 12 1 10 12 1 10 12 1 100 1 1 1 1 5 0 1 1 1 1 1 1 1 1 1 1 1
instanceKlass java/lang/StackOverflowError
instanceKlass java/lang/OutOfMemoryError
instanceKlass java/lang/InternalError
ciInstanceKlass java/lang/VirtualMachineError 1 1 34 10 100 12 1 1 1 10 12 1 10 12 1 10 12 1 100 1 1 1 1 5 0 1 1 1 1 1 1 1 1 1 1 1
ciInstanceKlass java/lang/NoClassDefFoundError 1 1 26 10 7 12 1 1 1 10 12 1 100 1 1 1 1 5 0 1 1 1 1 1 1 1 1 1
ciInstanceKlass java/lang/OutOfMemoryError 1 1 26 10 100 12 1 1 1 10 12 1 100 1 1 1 1 5 0 1 1 1 1 1 1 1 1 1
ciInstanceKlass java/lang/StackOverflowError 1 1 26 10 100 12 1 1 1 10 12 1 100 1 1 1 1 5 0 1 1 1 1 1 1 1 1 1
ciInstanceKlass java/lang/StackTraceElement 1 1 235 10 7 12 1 1 1 10 7 12 1 1 9 12 1 1 9 12 1 1 9 12 1 9 12 1 8 1 10 100 12 1 1 1 100 1 9 12 1 8 1 9 12 1 9 12 1 9 12 1 1 10 12 1 1 10 12 1 8 1 10 100 12 1 1 1 100 1 10 12 1 10 12 1 1 10 12 1 10 12 1 1 10 12 1 10 12 1 10 10 12 1 8 1 10 12 1 10 12 1 1 10 12 1 1 10 12 1 10 12 1 10 12 1 9 12 1 1 10 7 12 1 1 1 10 12 1 1 7 1 10 12 1 1 10 7 12 1 1 10 7 12 1 1 1 10 7 12 1 1 10 7 12 1 1 10 10 12 1 1 10 12 1 1 10 12 1 1 10 12 1 100 1 1 1 1 1 1 1 3 1 3 1 1 5 0 1 1 1 1 1 1 1 1 1 1 1 1 1 1 1 1 1 1 1 1 1 1 1 1 1 1 1 1 1 100 1 100 1 1 1 1 1 1 1 100 1 1 1 1 1 1 1 1 1
instanceKlass java/util/concurrent/locks/AbstractQueuedSynchronizer
ciInstanceKlass java/util/concurrent/locks/AbstractOwnableSynchronizer 1 1 32 10 7 12 1 1 1 9 7 12 1 1 1 100 1 1 1 1 5 0 1 1 1 1 1 1 1 1 1 1 1 1
ciInstanceKlass java/math/BigInteger 1 1 1554 7 1 10 7 12 1 1 1 100 1 8 1 10 12 1 10 7 12 1 1 1 9 7 12 1 1 1 9 12 1 1 9 12 1 1 10 12 1 1 10 12 1 3 10 12 1 10 12 1 10 12 1 10 12 1 8 1 10 12 1 8 1 10 12 1 10 12 1 10 7 12 1 1 1 7 1 8 1 10 12 1 1 8 1 10 12 1 1 10 12 1 1 9 12 1 1 5 0 5 0 10 12 1 9 12 1 10 12 1 1 10 12 1 1 8 1 9 12 1 10 12 1 1 10 12 1 10 12 1 5 0 10 12 1 10 12 1 1 10 7 12 1 1 1 100 1 8 1 10 5 0 5 0 10 100 12 1 1 1 100 1 8 1 10 10 12 1 1 10 12 1 10 12 1 10 12 1 9 12 1 10 12 1 1 10 12 1 1 5 0 5 0 5 0 5 0 5 0 5 0 5 0 5 0 5 0 5 0 10 12 1 1 10 12 1 10 12 1 1 10 12 1 100 1 10 12 1 10 12 1 1 10 12 1 10 12 1 1 10 12 1 100 1 10 8 1 10 12 1 1 10 12 1 10 12 1 1 9 12 1 10 12 1 1 9 12 1 10 12 1 1 10 12 1 3 8 1 3 10 7 12 1 1 1 10 12 1 10 12 1 1 10 12 1 1 10 12 1 10 12 1 1 10 12 1 10 12 1 9 12 1 1 100 1 10 10 12 1 10 12 1 1 10 12 1 10 12 1 10 100 12 1 1 1 10 12 1 1 10 12 1 1 8 1 5 0 9 12 1 1 5 0 9 12 1 10 12 1 10 12 1 10 12 1 10 12 1 10 12 10 100 12 1 1 10 12 1 10 12 1 10 12 10 12 10 12 1 10 7 12 1 1 1 10 12 1 10 12 1 10 12 1 10 12 1 1 10 12 1 1 10 12 1 10 12 1 5 0 10 12 1 1 10 12 1 10 12 1 10 12 1 1 10 12 1 1 100 1 5 0 10 12 1 10 12 1 10 12 1 1 100 1 10 12 1 10 12 1 10 12 1 10 12 1 10 12 10 12 1 1 10 7 12 1 1 10 7 12 1 1 1 10 12 1 10 12 5 0 5 0 10 12 1 1 10 12 1 5 0 10 12 1 1 10 12 1 1 10 12 1 1 8 1 10 12 1 8 1 8 1 10 12 1 1 10 12 1 1 10 12 1 10 12 1 10 12 1 10 12 1 7 1 10 10 10 12 1 10 12 1 10 12 1 1 10 12 1 10 12 1 10 12 1 10 12 1 10 12 1 10 12 10 12 1 8 1 5 0 9 12 1 5 0 5 0 5 0 8 1 10 12 1 1 10 12 10 12 1 1 10 12 1 10 12 10 12 1 10 12 1 10 12 1 10 12 1 1 10 12 1 8 1 10 12 1 10 12 1 1 10 12 1 3 10 12 1 10 12 1 10 12 1 10 12 1 1 10 12 1 1 10 12 1 10 12 1 1 10 12 1 1 8 1 8 1 10 7 12 1 3 9 12 1 10 12 1 10 12 1 10 12 1 10 12 1 1 10 12 1 10 12 1 10 12 1 3 10 12 1 10 12 1 1 10 12 1 10 12 1 10 12 1 8 1 8 1 8 1 8 1 10 12 1 10 12 1 10 12 1 10 12 1 10 12 1 10 12 1 10 12 1 8 1 9 12 1 9 12 1 9 12 1 8 1 10 7 12 1 1 10 12 1 10 12 1 8 1 9 12 1 1 9 12 1 1 10 12 1 1 10 10 12 1 10 12 1 9 12 1 9 12 1 1 10 12 1 10 12 1 1 9 12 1 10 12 1 9 12 1 10 12 10 12 1 1 10 12 1 10 12 1 1 10 12 1 1 10 12 1 9 12 1 1 10 12 1 7 10 12 1 10 100 10 12 1 100 1 4 4 100 1 3 10 12 1 1 100 1 6 0 6 0 100 1 5 0 10 12 1 1 10 12 1 10 12 1 9 12 1 10 100 12 1 1 1 8 10 100 12 1 1 8 1 10 12 1 1 8 1 100 1 10 8 1 10 12 1 7 1 10 8 1 8 1 8 1 10 100 12 1 1 1 100 1 8 1 10 10 100 12 1 1 1 10 100 12 1 1 10 12 1 1 10 12 1 8 8 8 1 8 1 10 12 1 8 1 8 1 100 1 10 12 1 1 8 1 100 1 10 12 1 1 8 1 10 7 12 1 1 5 0 5 0 5 0 5 0 5 0 5 0 5 0 5 0 5 0 5 0 5 0 5 0 5 0 5 0 5 0 5 0 5 0 5 0 5 0 5 0 5 0 5 0 5 0 5 0 5 0 5 0 5 0 5 0 5 0 5 0 5 0 5 0 5 0 5 0 5 0 5 0 6 0 5 0 5 0 5 0 9 12 1 3 10 12 1 5 0 5 0 5 0 5 0 5 0 5 0 5 0 5 0 5 0 5 0 5 0 5 0 5 0 5 0 5 0 5 0 5 0 5 0 5 0 5 0 5 0 5 0 5 0 5 0 5 0 5 0 5 0 5 0 5 0 5 0 3 3 3 3 3 3 3 3 3 3 3 3 3 3 3 3 3 3 3 3 3 3 3 3 3 3 3 3 3 3 3 7 1 9 12 1 1 10 12 1 9 12 1 1 100 1 1 1 1 1 1 3 1 3 1 3 1 3 1 3 1 1 3 1 3 1 1 3 1 3 1 3 1 3 1 1 1 5 0 1 1 1 1 1 1 1 1 1 1 1 1 1 1 1 1 1 1 1 1 1 1 1 1 100 1 1 1 1 1 1 1 1 1 1 1 1 1 1 1 1 1 100 1 1 1 1 1 1 1 1 1 1 1 1 1 1 1 1 1 1 1 1 1 1 1 1 1 1 1 1 1 1 1 1 1 1 1 1 1 1 1 1 1 1 1 1 1 1 1 1 1 1 1 1 1 1 1 1 1 1 1 1 1 1 1 1 1 1 1 1 1 1 1 1 1 1 1 1 1 1 1 1 1 1 1 1 1 1 1 1 1 1 1 1 1 1 1 1 1 1 1 1 1 1 1 1 1 1 1 1 1 1 1 1 1 1 1 100 1 1 1 1 1 1 1 1 1 1 1 1 1 1 1 1 1 1 1 1 1 1 1 1 1 1 1 1 1 1 1 1 1 1 1 1 1 1 1 1 1 1 1 1 1 1 1 1 1 1 1 1 1 1 100 1 1 1 1 1 1 1 1 1 1 1 1 1 1 1 1 1 1 1 1 1 1 1 1 1 1 1 1 1 1 1 1 1 1 1 1 1 1 1 1 1 1 1 1 1 1 1 1 1 1 1 1 1 1 1 1 1 1 1 100 1 1 1 1 1 1 1 1 1 1 1 1 1 1 1 1 1 1 1 1 1 1 1 1 1 1 1 1 1 1 1 1 1 1 1 1 1 1 100 1 100 1 1 100 1 1 1 1 1 1 1 1 1 1 1 1 1 1 1 1 1 1 1 100 1 100 1 1 1 1 1 1 1 1
staticfield java/math/BigInteger SMALL_PRIME_PRODUCT Ljava/math/BigInteger; java/math/BigInteger
staticfield java/math/BigInteger posConst [Ljava/math/BigInteger; 17 [Ljava/math/BigInteger;
staticfield java/math/BigInteger negConst [Ljava/math/BigInteger; 17 [Ljava/math/BigInteger;
staticfield java/math/BigInteger logCache [D 37
staticfield java/math/BigInteger LOG_TWO D 4604418534313441775
staticfield java/math/BigInteger ZERO Ljava/math/BigInteger; java/math/BigInteger
staticfield java/math/BigInteger ONE Ljava/math/BigInteger; java/math/BigInteger
staticfield java/math/BigInteger TWO Ljava/math/BigInteger; java/math/BigInteger
staticfield java/math/BigInteger NEGATIVE_ONE Ljava/math/BigInteger; java/math/BigInteger
staticfield java/math/BigInteger TEN Ljava/math/BigInteger; java/math/BigInteger
staticfield java/math/BigInteger ZEROS Ljava/lang/String; "000000000000000000000000000000000000000000000000000000000000000"
staticfield java/math/BigInteger serialPersistentFields [Ljava/io/ObjectStreamField; 6 [Ljava/io/ObjectStreamField;
staticfield java/math/BigInteger $assertionsDisabled Z 1
ciMethod java/math/BigInteger bitLength ()I 782 0 5517 0 184
ciMethod java/math/BigInteger bitLengthForInt (I)I 0 0 3417 0 -1
ciInstanceKlass jdk/internal/vm/Continuation 1 1 551 9 7 12 1 1 1 9 12 1 9 12 1 9 12 1 100 1 100 1 10 12 1 1 8 1 10 12 1 1 10 12 1 10 12 1 1 10 12 1 9 7 12 1 1 1 11 100 12 1 1 1 10 100 1 9 12 1 1 9 12 1 1 10 8 1 10 12 1 9 12 1 1 10 11 12 1 1 100 1 10 100 12 1 1 1 10 12 1 1 10 12 1 10 12 1 1 11 12 1 1 9 12 1 1 10 12 1 1 18 12 1 1 10 100 12 1 1 1 100 1 10 12 1 11 100 12 1 1 1 10 12 1 9 12 1 10 12 1 1 100 1 8 1 10 12 1 10 12 1 1 9 12 1 1 11 12 1 1 9 12 1 1 8 1 10 11 12 1 1 11 12 1 1 10 12 1 1 10 12 1 1 9 12 1 10 12 1 10 10 12 1 8 1 10 12 1 8 1 8 1 10 7 12 1 1 1 10 100 12 1 1 1 10 12 1 9 12 1 11 12 1 100 1 10 12 1 10 12 1 1 9 12 1 1 100 1 10 12 1 1 9 12 1 1 10 12 1 10 12 1 11 100 12 1 1 10 7 1 10 12 1 8 1 10 12 1 1 9 12 1 1 10 7 12 1 1 8 1 8 1 8 1 8 1 10 12 1 1 10 12 1 10 12 1 10 12 1 10 12 1 1 10 12 1 1 8 1 9 12 1 10 12 1 1 9 12 1 1 10 12 1 1 9 12 1 8 1 10 100 12 1 1 1 10 12 1 8 1 100 1 8 1 10 9 12 1 1 8 1 10 100 12 1 1 10 100 12 1 1 8 1 8 1 10 12 10 12 1 1 10 100 1 10 100 12 1 1 1 18 11 100 12 1 1 1 18 12 1 11 12 1 1 100 1 10 7 12 1 1 10 12 1 1 8 10 12 1 1 10 7 12 1 1 1 10 7 12 1 1 10 12 1 8 1 10 12 1 100 1 100 1 10 12 1 1 1 1 1 1 1 1 1 1 1 1 1 1 1 1 1 1 1 1 1 1 1 1 1 1 1 1 1 1 1 1 1 1 1 1 1 1 1 1 1 1 1 1 1 1 1 1 1 1 1 1 1 1 1 1 1 1 1 1 1 1 1 1 1 1 1 1 1 1 1 1 1 1 1 1 100 1 1 16 1 15 10 12 16 15 11 100 12 1 1 1 16 1 16 1 15 10 12 16 15 10 100 12 1 1 1 1 1 1 1 1 100 1 100 1 1
staticfield jdk/internal/vm/Continuation U Ljdk/internal/misc/Unsafe; jdk/internal/misc/Unsafe
staticfield jdk/internal/vm/Continuation MOUNTED_OFFSET J 13
staticfield jdk/internal/vm/Continuation PRESERVE_SCOPED_VALUE_CACHE Z 1
staticfield jdk/internal/vm/Continuation JLA Ljdk/internal/access/JavaLangAccess; java/lang/System$1
staticfield jdk/internal/vm/Continuation $assertionsDisabled Z 1
ciInstanceKlass jdk/internal/misc/UnsafeConstants 1 1 34 10 100 12 1 1 1 9 7 12 1 1 1 9 12 1 9 12 1 1 9 12 1 9 12 1 1 1 1 1 1 1 1 1
staticfield jdk/internal/misc/UnsafeConstants ADDRESS_SIZE0 I 8
staticfield jdk/internal/misc/UnsafeConstants PAGE_SIZE I 4096
staticfield jdk/internal/misc/UnsafeConstants BIG_ENDIAN Z 0
staticfield jdk/internal/misc/UnsafeConstants UNALIGNED_ACCESS Z 1
staticfield jdk/internal/misc/UnsafeConstants DATA_CACHE_LINE_FLUSH_SIZE I 0
instanceKlass java/lang/invoke/DelegatingMethodHandle
instanceKlass java/lang/invoke/BoundMethodHandle
instanceKlass java/lang/invoke/DirectMethodHandle
ciInstanceKlass java/lang/invoke/MethodHandle 1 1 734 100 1 9 7 12 1 1 1 10 7 12 1 1 1 10 7 12 1 1 1 7 1 7 1 10 12 1 1 9 12 1 1 10 12 1 10 12 1 1 10 12 1 1 10 100 12 1 1 1 10 12 1 1 10 12 1 1 11 100 12 1 1 1 10 12 1 1 10 12 1 10 12 1 9 12 1 1 9 12 1 1 10 100 12 1 1 1 10 12 1 10 12 1 1 10 12 1 10 12 1 100 1 100 1 10 8 1 10 12 1 1 10 12 1 8 1 10 12 1 1 10 12 1 10 7 12 1 1 1 10 12 1 1 10 12 1 1 10 12 1 1 10 7 12 1 1 1 10 12 1 1 10 12 1 1 10 12 1 10 12 1 1 10 100 12 1 1 10 7 12 1 1 10 12 1 10 12 1 10 12 1 1 10 12 1 1 10 12 1 1 10 12 1 1 10 7 12 1 1 1 10 100 12 1 1 1 10 12 1 1 10 12 1 1 10 12 1 1 8 1 10 7 12 1 1 1 8 1 10 12 1 10 12 1 1 10 12 1 1 10 12 1 8 1 10 12 1 1 8 1 10 12 1 8 1 10 100 12 1 1 1 9 12 1 1 100 1 10 9 100 12 1 1 1 9 100 1 8 1 10 12 1 1 10 12 1 10 12 1 1 10 12 1 10 12 1 1 10 12 1 10 12 1 1 10 12 1 10 12 1 1 10 12 1 1 8 1 10 12 1 1 8 1 10 12 1 10 12 1 1 10 12 1 10 12 1 10 12 1 1 9 100 12 1 1 1 10 12 1 1 11 12 1 10 12 1 10 12 1 1 10 100 12 1 1 100 1 11 12 1 10 100 1 11 12 1 100 1 10 12 1 11 12 1 9 100 12 1 1 1 11 12 1 1 11 100 12 1 1 1 10 12 1 1 9 12 1 11 12 1 9 12 1 9 12 1 9 12 1 11 12 1 1 9 12 1 9 12 1 9 12 1 9 12 1 9 12 1 9 12 1 9 12 1 8 1 10 12 1 10 12 1 8 1 10 12 1 10 12 1 10 12 1 1 10 10 10 7 12 1 1 10 12 1 1 100 1 100 1 8 1 8 1 10 10 12 1 1 10 12 1 10 12 1 100 1 10 100 12 1 1 1 10 9 7 12 1 1 1 10 12 1 1 10 12 1 1 8 1 8 1 10 100 12 1 1 9 12 1 9 12 1 1 9 12 1 1 10 12 1 7 1 10 12 1 10 12 1 1 9 12 1 1 9 12 1 1 10 7 12 1 1 1 11 7 12 1 1 9 12 1 10 12 1 1 9 12 1 10 12 1 8 10 12 1 1 8 1 1 1 1 1 1 1 1 100 1 1 1 1 1 1 1 1 1 1 1 1 1 1 1 1 1 1 1 1 1 1 1 1 1 1 1 1 1 1 1 1 100 1 1 1 1 1 1 1 1 1 1 1 1 1 1 1 1 1 1 1 1 1 1 1 1 1 1 1 1 1 1 1 1 1 1 1 1 1 1 1 1 1 1 1 1 1 1 1 1 1 1 1 1 1 1 1 1 1 1 1 1 1 1 1 1 1 1 1 1 1 1 1 1 1 1 1 1 1 1 1 1 1 1 1 1 1 1 100 1 1 100 1 100 1 100 1 1 100 1 1 100 1 1 1 1
staticfield java/lang/invoke/MethodHandle FORM_OFFSET J 20
staticfield java/lang/invoke/MethodHandle UPDATE_OFFSET J 13
staticfield java/lang/invoke/MethodHandle $assertionsDisabled Z 1
ciInstanceKlass java/lang/invoke/MethodType 1 1 766 7 1 10 7 12 1 1 1 9 12 1 1 9 12 1 1 9 12 1 1 10 7 12 1 1 1 9 7 12 1 1 8 1 10 100 12 1 1 1 9 7 1 9 7 1 10 12 1 1 100 1 10 8 1 10 12 1 1 10 12 1 10 12 1 1 100 1 8 1 10 12 1 100 1 10 10 12 1 10 12 1 1 10 12 1 1 11 7 12 1 1 1 9 12 1 11 12 1 1 7 10 12 1 1 10 12 1 1 7 1 7 1 10 7 12 1 1 1 10 12 1 10 12 1 9 12 1 1 9 12 1 1 10 100 12 1 1 1 100 1 10 10 100 12 1 1 9 12 1 1 10 7 1 10 12 1 1 10 7 12 1 1 1 10 7 12 1 1 1 10 12 1 9 12 1 1 10 12 1 1 10 12 1 1 10 12 1 1 10 12 1 1 10 12 1 1 10 12 1 10 12 1 10 12 1 1 10 12 1 8 1 8 1 10 12 1 1 10 12 1 10 12 1 10 12 1 1 10 12 1 1 10 12 1 10 12 1 10 12 1 8 1 10 12 1 1 10 100 12 1 1 1 10 12 1 10 12 1 1 10 12 1 10 12 1 10 12 1 1 10 12 1 10 12 1 9 12 1 10 12 1 10 10 12 1 1 10 12 1 9 12 1 1 10 12 1 1 11 12 1 1 10 12 1 1 10 12 1 10 12 1 100 1 8 1 8 1 8 1 10 12 1 10 12 1 10 12 1 1 10 10 12 1 11 12 1 1 11 12 1 10 100 12 1 1 1 9 12 1 10 12 1 10 12 1 1 10 12 1 1 10 12 1 10 12 1 10 100 12 1 1 1 10 12 1 1 10 12 1 10 12 1 10 12 1 10 9 12 1 1 7 1 10 12 1 10 100 12 1 1 1 10 12 1 1 10 100 12 1 1 1 10 12 1 1 8 1 10 7 12 1 1 1 11 12 1 1 9 12 1 1 10 12 1 1 10 12 1 10 12 1 1 10 12 1 1 10 100 12 1 1 10 12 1 10 12 100 1 11 100 12 1 1 10 12 1 11 12 1 10 100 12 1 1 10 12 1 1 10 12 1 1 9 12 1 1 9 100 12 1 1 1 10 100 12 1 1 1 9 12 1 10 100 12 1 1 10 12 1 100 10 10 12 1 1 11 100 12 1 1 11 12 1 10 12 1 1 10 12 1 10 12 1 1 10 12 1 10 12 1 1 10 12 1 7 1 10 10 12 1 1 7 1 7 1 9 12 1 1 100 1 100 1 100 1 1 1 5 0 1 1 1 1 1 1 1 3 1 3 1 3 1 1 1 1 1 1 1 1 1 1 1 1 1 1 1 1 1 1 1 1 1 1 1 1 1 1 1 1 1 1 1 1 1 1 1 1 1 1 1 1 1 1 1 1 1 1 1 1 1 1 1 1 1 1 1 1 1 1 1 1 1 1 1 1 1 1 1 1 1 1 1 1 1 1 1 1 1 1 1 1 1 1 1 1 1 1 1 1 1 1 1 1 1 1 1 1 1 1 1 1 1 1 1 1 1 1 1 1 1 1 1 1 1 1 1 1 1 1 1 1 1 1 1 1 1 1 1 1 1 100 1 100 1 1 1 1 1 1 1 1 1 1 1 1 1 100 1 1 1 1 100 1 1 1 100 1 1 1 1 1 1 1 1 1 1 1 1 1 1 1 1 1 1 1 1 1 1 1 100 1 1 100 1 1
staticfield java/lang/invoke/MethodType internTable Ljdk/internal/util/ReferencedKeySet; jdk/internal/util/ReferencedKeySet
staticfield java/lang/invoke/MethodType NO_PTYPES [Ljava/lang/Class; 0 [Ljava/lang/Class;
staticfield java/lang/invoke/MethodType objectOnlyTypes [Ljava/lang/invoke/MethodType; 20 [Ljava/lang/invoke/MethodType;
staticfield java/lang/invoke/MethodType METHOD_HANDLE_ARRAY [Ljava/lang/Class; 1 [Ljava/lang/Class;
staticfield java/lang/invoke/MethodType serialPersistentFields [Ljava/io/ObjectStreamField; 0 [Ljava/io/ObjectStreamField;
staticfield java/lang/invoke/MethodType $assertionsDisabled Z 1
ciInstanceKlass java/lang/invoke/TypeDescriptor$OfMethod 1 0 43 100 1 100 1 100 1 1 1 1 1 1 1 1 1 1 1 1 1 1 1 1 1 1 1 1 1 1 1 1 1 1 1 1 1 1 1 1 1 1 100 1 1
instanceKlass jdk/internal/reflect/DirectMethodHandleAccessor
ciInstanceKlass jdk/internal/reflect/MethodAccessorImpl 1 1 38 10 7 12 1 1 1 10 100 12 1 1 1 100 1 1 1 1 1 1 1 100 1 100 1 1 1 1 1 1 1 1 1 1 1 1 1 1
ciInstanceKlass jdk/internal/reflect/MethodAccessor 1 0 17 100 1 100 1 1 1 1 100 1 100 1 1 1 1 1 1
ciInstanceKlass java/util/Objects 1 1 184 10 7 12 1 1 1 100 1 8 1 10 12 1 10 12 1 1 10 7 12 1 1 1 10 12 1 1 10 12 1 10 100 12 1 1 1 10 12 1 1 10 7 12 1 1 1 7 1 10 10 12 1 1 10 7 12 1 1 10 12 1 1 8 1 10 7 12 1 1 1 10 7 12 1 1 1 10 11 100 12 1 1 1 100 1 10 10 12 1 8 1 10 12 1 8 1 7 1 11 12 1 1 8 1 10 7 12 1 1 1 10 12 1 1 10 12 1 10 12 1 10 12 1 10 12 1 1 1 1 1 1 1 1 1 1 1 1 1 1 1 1 1 1 1 1 1 1 1 1 1 1 1 1 1 1 1 1 1 1 1 1 1 1 1 1 1 1 1 1 1 1 1 1 1 1 1 1 1 1 1 1 1 1
ciInstanceKlass jdk/internal/reflect/CallerSensitive 0 0 17 100 1 100 1 100 1 1 1 1 1 1 1 1 1 1 1
ciInstanceKlass jdk/internal/reflect/DirectConstructorHandleAccessor$NativeAccessor 1 1 44 10 7 12 1 1 1 9 7 12 1 1 1 10 12 1 1 1 1 1 1 1 1 1 1 1 1 1 1 1 1 1 100 1 100 1 1 1 1 1 100 1 1 1
ciInstanceKlass jdk/internal/reflect/ConstructorAccessor 1 0 16 100 1 100 1 1 1 1 100 1 100 1 100 1 1 1
instanceKlass jdk/internal/reflect/DirectConstructorHandleAccessor
instanceKlass jdk/internal/reflect/DirectConstructorHandleAccessor$NativeAccessor
ciInstanceKlass jdk/internal/reflect/ConstructorAccessorImpl 1 1 27 10 7 12 1 1 1 100 1 100 1 1 1 1 1 1 1 1 1 100 1 100 1 100 1 1 1
ciInstanceKlass jdk/internal/reflect/ConstantPool 1 1 142 10 100 12 1 1 1 9 7 12 1 1 1 10 12 1 1 10 12 1 1 10 12 1 10 12 1 1 10 12 1 1 10 12 1 10 12 1 1 10 12 1 10 12 1 1 10 12 1 10 12 1 10 12 1 10 12 1 1 10 12 1 1 10 12 1 1 10 12 1 1 10 12 1 10 12 1 1 10 100 12 1 1 1 8 11 7 12 1 1 1 10 7 12 1 1 1 1 1 1 1 1 1 1 1 1 1 1 1 1 1 1 1 1 1 1 1 1 1 1 1 1 1 1 1 1 1 1 1 1 1 1 1 1 1 1 1 1 1 1 1 1
instanceKlass java/lang/invoke/VolatileCallSite
instanceKlass java/lang/invoke/MutableCallSite
instanceKlass java/lang/invoke/ConstantCallSite
ciInstanceKlass java/lang/invoke/CallSite 1 1 297 10 7 12 1 1 1 10 7 12 1 1 1 9 12 1 1 10 7 12 1 1 1 10 12 1 100 1 10 12 1 1 10 12 1 1 9 100 12 1 1 1 10 100 12 1 1 10 12 1 1 100 1 100 1 10 10 100 12 1 1 1 10 12 1 1 8 1 10 12 1 10 12 1 1 10 12 1 10 12 1 1 10 12 1 1 10 10 100 12 1 1 10 12 1 1 9 12 1 9 100 12 1 1 1 8 1 10 7 12 1 1 1 10 12 1 1 100 1 10 12 1 1 9 12 1 8 1 100 1 10 12 1 10 12 1 100 1 8 1 10 10 12 1 10 12 1 1 100 1 10 12 1 1 10 12 1 10 12 1 10 12 1 1 10 12 1 1 9 12 1 1 8 10 12 1 1 9 12 1 1 100 1 10 10 12 1 10 100 12 1 1 1 10 12 1 1 10 12 1 1 10 12 1 10 7 12 1 1 1 100 1 8 1 10 10 12 10 12 1 1 100 1 100 1 100 1 8 1 10 12 1 10 7 12 1 1 1 1 1 1 1 1 1 1 1 1 1 1 1 1 1 1 1 1 1 1 1 1 1 1 1 1 1 1 1 1 1 1 1 1 1 1 1 1 1 1 1 1 1 1 1 1 1 1 1 1 1 1 1 1 100 1 100 1 1 1
staticfield java/lang/invoke/CallSite $assertionsDisabled Z 1
ciInstanceKlass java/lang/invoke/ConstantCallSite 1 1 65 10 7 12 1 1 1 9 7 12 1 1 1 9 12 1 1 10 7 12 1 1 1 10 12 1 100 1 10 12 9 12 1 1 100 1 10 10 12 1 1 10 12 1 1 1 1 1 1 1 1 1 1 1 1 1 100 1 1 1 1 1 1 1 1
staticfield java/lang/invoke/ConstantCallSite UNSAFE Ljdk/internal/misc/Unsafe; jdk/internal/misc/Unsafe
instanceKlass java/lang/invoke/DirectMethodHandle$Special
instanceKlass java/lang/invoke/DirectMethodHandle$StaticAccessor
instanceKlass java/lang/invoke/DirectMethodHandle$Interface
instanceKlass java/lang/invoke/DirectMethodHandle$Constructor
instanceKlass java/lang/invoke/DirectMethodHandle$Accessor
ciInstanceKlass java/lang/invoke/DirectMethodHandle 1 1 931 7 1 7 1 100 1 7 1 7 1 10 7 12 1 1 1 10 7 12 1 1 1 100 1 10 12 1 10 12 1 1 10 7 12 1 1 10 12 1 1 10 12 1 10 12 1 7 1 10 12 1 1 10 12 1 1 10 12 1 10 12 1 1 10 7 12 1 1 1 10 12 1 9 12 1 1 100 1 10 9 12 1 1 9 12 1 10 12 1 10 12 1 10 12 1 1 10 12 1 10 12 1 10 12 1 10 7 12 1 1 1 10 12 1 10 12 1 1 8 1 10 12 1 1 7 1 10 12 1 7 1 10 10 12 1 10 12 1 10 12 1 10 7 12 1 1 1 10 12 1 1 7 1 10 12 1 10 12 1 7 1 10 12 1 10 12 1 1 10 12 1 1 10 12 8 10 100 12 1 1 1 10 12 1 10 12 1 10 12 1 1 10 12 1 9 7 12 1 1 1 7 1 10 12 1 10 7 12 1 1 1 10 12 1 10 12 1 1 9 12 1 1 100 1 10 8 1 10 12 1 1 10 12 1 1 8 1 10 12 1 10 12 1 10 10 12 1 10 12 1 10 12 1 10 12 1 10 12 1 1 10 12 1 10 12 1 1 10 12 1 10 12 1 1 10 10 7 12 1 1 1 10 12 1 10 12 1 1 10 12 1 10 12 1 1 8 1 9 7 12 1 1 1 8 1 9 12 1 9 12 1 8 1 9 12 1 9 12 1 8 1 9 12 1 9 12 1 8 1 10 12 1 10 12 1 1 10 7 12 1 1 1 10 12 1 10 12 1 1 9 12 1 1 7 1 10 12 1 1 100 1 10 7 12 1 1 1 10 12 1 1 10 12 1 1 7 1 10 12 1 1 10 12 1 10 12 1 1 7 1 10 12 1 1 10 12 1 10 12 1 10 12 1 1 10 12 1 9 12 1 1 10 7 1 9 12 1 9 12 1 10 7 12 1 1 1 10 12 1 7 1 7 1 7 1 9 12 1 1 10 7 12 1 1 1 10 12 10 12 1 7 1 10 12 1 10 12 1 1 8 1 9 12 1 9 12 1 10 12 1 1 9 12 1 1 10 7 12 1 1 1 9 12 1 1 9 12 1 1 10 12 1 10 12 1 10 12 1 10 12 1 1 10 12 1 9 12 1 10 12 1 10 12 1 10 12 1 10 12 1 1 10 12 1 1 9 12 1 1 10 12 1 1 9 7 12 1 1 1 9 12 1 9 12 1 9 12 1 9 12 1 9 12 1 9 12 1 9 12 1 9 12 1 9 12 1 9 12 1 9 12 1 9 12 1 9 12 1 9 12 1 9 12 1 9 12 1 9 12 1 9 12 1 9 12 1 9 12 1 9 12 1 9 12 1 9 12 1 9 12 1 9 12 1 9 12 1 9 12 1 9 12 1 9 12 1 9 12 1 9 12 1 9 12 1 9 12 1 9 12 1 9 12 1 9 12 1 8 1 9 12 1 1 9 12 1 1 10 12 1 10 12 1 1 9 7 1 10 12 1 9 12 1 1 10 12 10 12 1 10 12 1 10 12 1 10 12 1 10 8 1 8 1 8 1 8 1 10 12 1 1 9 12 1 1 10 12 1 10 100 12 1 1 1 8 9 12 1 1 10 12 1 1 8 1 8 8 9 12 1 8 1 8 8 8 8 8 1 8 10 12 1 7 1 10 12 1 8 1 8 1 10 12 1 10 12 1 10 12 1 10 12 1 1 7 1 1 1 1 3 1 3 1 3 1 3 1 3 1 3 1 3 1 3 1 3 1 3 1 1 1 1 1 1 1 1 1 1 3 1 3 1 1 1 1 3 1 1 1 1 1 1 1 1 1 1 1 1 1 1 1 1 1 1 1 1 1 1 1 1 1 1 1 1 1 1 1 1 1 1 1 1 1 1 1 1 1 1 1 1 1 1 1 1 1 1 1 1 1 1 1 1 1 1 1 1 1 100 1 1 1 1 1 1 1 1 1 100 1 1 1 1 1 1 1 1 1 1 1 1 1 1 1 1 1 1 1 1 1 1 1 1 1 1 1 1 1 1 1 1 1 1 1 1 1 1 1 1 1 1 1 1 1 1 1 1 1 1 1 1
staticfield java/lang/invoke/DirectMethodHandle IMPL_NAMES Ljava/lang/invoke/MemberName$Factory; java/lang/invoke/MemberName$Factory
staticfield java/lang/invoke/DirectMethodHandle FT_UNCHECKED_REF I 8
staticfield java/lang/invoke/DirectMethodHandle ACCESSOR_FORMS [Ljava/lang/invoke/LambdaForm; 132 [Ljava/lang/invoke/LambdaForm;
staticfield java/lang/invoke/DirectMethodHandle ALL_WRAPPERS [Lsun/invoke/util/Wrapper; 10 [Lsun/invoke/util/Wrapper;
staticfield java/lang/invoke/DirectMethodHandle NFS [Ljava/lang/invoke/LambdaForm$NamedFunction; 12 [Ljava/lang/invoke/LambdaForm$NamedFunction;
staticfield java/lang/invoke/DirectMethodHandle OBJ_OBJ_TYPE Ljava/lang/invoke/MethodType; java/lang/invoke/MethodType
staticfield java/lang/invoke/DirectMethodHandle LONG_OBJ_TYPE Ljava/lang/invoke/MethodType; java/lang/invoke/MethodType
staticfield java/lang/invoke/DirectMethodHandle $assertionsDisabled Z 1
ciInstanceKlass java/lang/invoke/MutableCallSite 0 0 61 10 100 12 1 1 1 10 12 1 9 100 12 1 1 1 10 12 1 10 12 1 1 9 100 12 1 1 1 10 100 12 1 1 1 10 100 12 1 1 1 1 1 1 1 1 1 1 1 1 1 1 1 1 1 1 1 1 100 1 1
ciInstanceKlass java/lang/invoke/VolatileCallSite 0 0 37 10 100 12 1 1 1 10 12 1 10 100 12 1 1 1 10 12 1 10 12 1 1 1 1 1 1 1 1 1 1 1 1 1 1 1 1
instanceKlass java/lang/invoke/VarHandleReferences$Array
instanceKlass java/lang/invoke/LazyInitializingVarHandle
instanceKlass java/lang/invoke/VarHandleReferences$FieldStaticReadOnly
instanceKlass java/lang/invoke/VarHandleLongs$FieldInstanceReadOnly
instanceKlass java/lang/invoke/VarHandleBooleans$FieldInstanceReadOnly
instanceKlass java/lang/invoke/VarHandleReferences$FieldInstanceReadOnly
instanceKlass java/lang/invoke/VarHandleInts$FieldInstanceReadOnly
instanceKlass java/lang/invoke/VarHandleByteArrayAsDoubles$ByteArrayViewVarHandle
instanceKlass java/lang/invoke/VarHandleByteArrayAsLongs$ByteArrayViewVarHandle
instanceKlass java/lang/invoke/VarHandleByteArrayAsFloats$ByteArrayViewVarHandle
instanceKlass java/lang/invoke/VarHandleByteArrayAsInts$ByteArrayViewVarHandle
instanceKlass java/lang/invoke/VarHandleByteArrayAsChars$ByteArrayViewVarHandle
instanceKlass java/lang/invoke/VarHandleByteArrayAsShorts$ByteArrayViewVarHandle
ciInstanceKlass java/lang/invoke/VarHandle 1 1 474 10 7 12 1 1 1 10 7 12 1 1 9 12 1 1 9 12 1 1 10 12 1 1 8 1 10 12 1 1 10 7 12 1 1 1 10 12 1 1 10 100 12 1 1 1 9 100 12 1 1 1 10 12 1 1 10 100 12 1 1 1 10 12 1 1 9 12 1 10 12 1 9 12 1 1 10 7 12 1 1 10 12 1 9 100 12 1 1 1 9 12 1 1 10 12 1 1 100 1 100 1 10 8 1 10 12 1 1 10 12 1 8 1 10 12 1 10 12 1 9 12 1 1 9 12 1 10 12 1 10 12 1 1 10 12 1 10 10 100 12 1 1 1 10 12 1 1 10 12 1 1 10 100 12 1 1 1 10 100 12 1 1 1 10 100 12 1 1 1 9 12 1 1 9 10 12 1 10 12 1 1 10 12 1 1 10 12 1 10 100 12 1 1 1 9 12 1 1 10 12 1 1 9 12 1 10 12 1 10 12 1 10 100 12 1 1 100 1 10 9 7 12 1 1 1 9 12 1 1 10 7 12 1 1 1 10 12 1 10 12 1 10 12 1 10 12 1 10 12 1 10 12 1 1 8 10 12 1 1 7 1 10 12 1 1 100 1 1 1 1 1 1 1 1 1 1 1 1 1 1 1 1 1 1 1 1 1 1 1 1 1 1 1 1 1 1 1 1 1 1 1 1 1 1 1 1 1 1 1 1 1 1 1 1 1 1 1 1 1 1 1 1 1 1 1 1 1 1 1 1 1 100 1 1 1 1 1 1 1 1 100 1 1 1 1 1 1 1 1 1 1 1 1 100 1 100 1 1 100 1 100 1 100 1 100 1 100 1 100 1 100 1 100 1 100 1 100 1 100 1 100 1 100 1 100 1 100 1 100 1 100 1 100 1 100 1 100 1 100 1 100 1 100 1 100 1 100 1 100 1 100 1 100 1 100 1 100 1 100 1 100 1 100 1 100 1 100 1 100 1 1 1 1 1 1 100 1 1 1 100 1 1 100 1 100 1 100 1 100 1 100 1 100 1 1 1 1 100 1 100 1 100 1 100 1 100 1 100 1 100 1 100 1
staticfield java/lang/invoke/VarHandle VFORM_OFFSET J 16
staticfield java/lang/invoke/VarHandle $assertionsDisabled Z 1
ciInstanceKlass java/lang/invoke/MemberName 1 1 728 7 1 7 1 100 1 9 12 1 1 10 7 12 1 1 1 9 12 1 1 10 12 1 1 10 12 1 1 10 12 1 1 10 12 1 10 12 1 1 10 7 12 1 1 1 10 12 1 9 7 12 1 1 10 12 1 100 1 100 1 10 12 1 8 1 10 12 1 1 10 12 1 10 12 1 1 10 12 1 9 12 1 1 8 1 10 100 12 1 1 1 7 1 10 10 12 1 1 100 1 100 1 10 12 1 9 12 1 1 100 1 8 1 10 12 1 10 12 1 10 12 1 10 12 1 10 12 1 1 10 12 1 10 12 1 10 12 1 1 8 1 8 1 10 12 1 8 1 9 12 1 1 3 10 12 1 10 12 1 10 12 1 10 10 7 12 1 1 1 10 12 1 10 12 1 10 12 1 10 12 1 7 1 8 10 12 1 1 10 12 1 1 8 1 9 100 1 8 9 100 1 10 12 1 1 10 12 1 10 12 1 8 1 10 12 1 1 10 12 1 10 12 1 10 12 1 10 12 1 1 100 1 10 12 1 1 10 12 1 8 1 10 12 1 10 12 1 8 1 10 12 1 1 10 12 1 1 100 1 10 12 1 1 10 12 8 1 8 1 100 1 10 12 1 10 100 12 1 1 1 100 1 10 12 10 12 1 10 12 1 10 12 1 10 12 1 10 10 12 1 10 12 1 10 12 1 3 10 12 1 3 10 12 1 3 3 3 3 3 3 10 12 1 3 9 12 1 10 12 1 1 3 10 12 1 10 10 7 12 1 1 1 10 12 1 1 10 100 12 1 1 10 10 12 1 10 12 1 1 10 12 1 10 10 12 1 1 10 12 1 10 12 1 10 12 1 100 1 10 10 10 12 100 1 10 10 10 12 1 1 10 12 1 1 10 10 12 1 8 10 7 1 10 12 1 10 7 1 10 12 1 10 12 1 10 12 1 10 10 12 1 10 12 1 1 10 12 1 1 10 12 1 10 12 1 10 12 1 100 1 10 12 1 1 100 1 8 1 10 7 1 10 12 1 10 12 10 12 1 1 10 12 1 10 12 1 8 1 8 1 8 1 8 1 10 12 1 10 12 1 10 7 12 1 1 1 8 1 8 1 10 12 1 8 1 10 10 10 12 1 10 12 1 8 1 8 1 10 10 12 1 8 1 10 100 12 1 1 1 8 1 100 1 10 12 1 10 12 1 1 10 12 1 8 1 8 1 8 1 8 1 100 1 10 8 1 8 1 8 1 8 1 10 12 1 100 1 100 1 100 1 10 100 1 10 100 1 10 100 12 1 1 1 9 7 12 1 1 1 100 1 100 1 1 1 1 1 1 1 3 1 3 1 3 1 3 1 3 1 3 1 1 1 1 1 1 1 1 3 1 3 1 1 1 1 1 1 1 1 1 1 1 1 1 1 1 1 1 1 1 1 1 1 1 1 1 1 1 1 1 1 1 1 1 1 1 1 1 1 1 1 1 1 1 1 1 1 1 1 1 1 1 1 1 1 1 1 1 1 1 1 1 1 1 1 1 1 1 1 1 1 1 1 1 1 1 1 1 1 1 1 1 1 1 1 1 1 1 1 1 1 1 1 1 1 1 1 1 1 1 100 1 1 1 1 1 1 1 1 1 1 1 1 1 1 1 1
staticfield java/lang/invoke/MemberName $assertionsDisabled Z 1
ciInstanceKlass java/lang/invoke/ResolvedMethodName 1 1 25 10 100 12 1 1 1 9 7 12 1 1 1 1 1 1 1 1 1 1 1 1 1 1 1
ciInstanceKlass java/lang/invoke/MethodHandleNatives 1 1 706 100 1 10 7 12 1 1 1 9 7 12 1 1 1 10 12 1 1 100 1 10 10 12 1 1 10 12 1 10 12 1 8 1 8 1 8 1 8 1 8 1 8 1 8 1 8 1 8 1 8 1 10 12 1 1 7 1 10 7 12 1 1 1 10 100 12 1 1 1 7 1 10 10 12 1 1 8 1 10 12 1 8 1 10 12 1 1 8 1 10 12 1 1 9 7 12 1 1 1 8 1 10 100 12 1 1 1 100 1 10 12 100 1 100 1 8 1 7 1 10 10 12 1 7 1 9 7 12 1 1 10 12 1 1 10 12 1 10 7 12 1 1 1 10 12 1 1 9 12 1 8 1 10 12 1 1 10 12 1 8 1 10 12 1 1 7 1 10 12 1 10 7 12 1 1 1 10 12 1 10 12 1 1 10 12 1 1 8 1 10 12 1 1 8 1 10 12 1 8 1 8 1 8 1 100 1 10 12 1 8 1 10 100 12 1 1 1 10 12 1 1 10 100 12 1 1 10 10 12 1 1 10 12 1 10 100 12 1 1 1 100 1 8 1 10 100 12 1 1 1 7 1 8 1 10 12 1 8 1 8 1 8 1 8 1 8 1 10 12 1 1 10 12 1 1 10 12 1 10 12 1 1 10 12 1 1 7 1 10 12 1 100 1 100 1 10 12 1 10 12 1 8 1 8 1 10 10 12 1 1 10 12 1 1 8 1 10 100 12 1 1 8 1 8 1 10 12 1 1 10 7 12 1 1 1 100 1 10 12 1 1 7 1 9 12 1 1 10 7 12 1 1 1 10 10 12 1 9 12 1 10 12 1 9 12 1 9 12 1 10 12 1 1 10 12 1 10 12 1 1 7 1 7 1 10 12 1 1 10 12 1 10 12 1 1 10 7 12 1 1 1 10 12 1 8 1 10 12 1 10 12 1 10 12 1 1 10 12 1 10 7 12 1 1 1 10 12 1 1 100 1 8 1 10 9 7 12 1 1 1 10 12 1 1 10 12 1 1 100 1 10 12 1 1 10 12 1 1 100 1 100 1 10 10 100 1 100 1 10 100 1 10 10 12 1 1 10 100 1 10 12 1 10 12 1 1 10 12 1 1 10 12 1 1 10 12 1 10 12 1 1 10 8 1 10 12 1 10 12 1 10 12 1 10 12 1 10 12 1 1 10 12 1 10 12 1 10 12 1 10 10 7 12 1 1 10 12 1 8 1 8 1 10 12 1 1 10 7 12 1 1 1 9 12 1 1 1 1 1 1 1 1 1 1 1 1 1 100 1 1 1 1 1 1 1 1 1 1 1 1 1 1 1 1 1 1 1 1 1 1 1 1 1 1 1 1 1 1 1 1 1 1 1 1 1 1 1 1 1 1 1 1 1 1 1 1 1 1 1 1 1 1 1 1 1 1 1 1 1 1 1 100 1 1 1 1 1 1 1 1 1 1 1 1 1 1 1 1 1 1 1 1 1 1 1 1 1 1 1 1 1 1 1 1 1 1 1 100 1 1 1 1 1 1 1 1 1 1 1 1 1 1 1 1 1 1 1 1 1 1 1 1 1 1 1 1 1 1 1 1 1 1 100 1 1
staticfield java/lang/invoke/MethodHandleNatives USE_SOFT_CACHE Z 1
staticfield java/lang/invoke/MethodHandleNatives $assertionsDisabled Z 1
ciInstanceKlass java/lang/invoke/LambdaForm 1 1 1051 7 1 100 1 10 7 12 1 1 1 9 12 1 1 9 12 1 9 12 1 9 12 1 1 9 12 1 1 9 12 1 1 9 12 1 1 9 12 1 1 9 12 1 10 7 12 1 1 9 12 1 10 12 1 1 100 1 10 10 12 1 1 10 12 1 10 12 1 10 12 1 1 10 12 1 9 12 1 9 12 1 10 12 1 1 10 7 12 1 1 1 10 12 1 1 9 100 12 1 1 1 10 12 1 1 9 7 12 1 1 10 12 1 10 12 1 1 10 12 1 1 10 12 1 1 7 1 10 7 12 1 1 1 10 12 1 1 10 12 1 10 12 1 1 9 12 1 1 9 12 1 9 12 1 1 10 12 1 9 12 1 10 100 12 1 1 1 10 12 1 1 100 1 10 12 1 9 12 1 1 10 100 12 1 1 1 10 12 1 10 12 1 7 1 10 12 1 10 12 1 10 12 1 1 10 12 1 1 10 12 1 10 12 1 10 12 1 10 12 1 1 8 1 10 12 1 10 12 1 10 10 12 1 8 1 8 1 9 12 1 9 12 1 1 9 12 1 10 7 12 1 1 1 10 12 1 1 10 12 1 10 12 1 1 10 12 1 10 12 1 10 100 12 1 1 1 9 12 1 10 12 1 8 1 8 1 8 1 8 1 8 1 8 1 8 1 8 1 10 12 1 9 12 1 7 1 10 12 1 1 9 12 1 10 12 1 10 12 1 1 10 12 10 12 1 10 12 1 1 10 12 1 1 10 10 12 1 1 10 12 1 1 7 1 8 1 10 12 1 1 10 12 1 10 12 1 1 10 8 1 10 12 1 1 8 1 8 1 8 1 10 12 1 10 12 1 10 12 1 1 100 1 10 12 1 1 10 12 1 1 10 7 12 1 1 1 10 12 1 1 9 12 1 1 8 1 10 100 12 1 1 1 10 7 12 1 1 10 12 10 12 1 1 10 12 1 1 9 12 1 8 10 12 1 1 100 1 10 12 1 1 10 12 1 9 7 12 1 1 9 100 12 1 1 1 8 1 10 100 12 1 1 10 12 1 1 100 1 100 1 10 10 12 1 1 10 12 1 1 8 1 8 1 100 1 8 1 10 12 10 12 1 10 12 1 10 12 1 1 8 1 8 1 10 12 1 10 12 1 1 8 1 8 1 8 1 100 1 8 1 100 1 8 1 100 1 8 1 10 12 1 8 1 9 10 7 12 1 1 1 10 12 1 9 12 1 1 10 12 1 10 10 12 1 10 12 1 10 12 1 10 12 1 1 10 12 1 10 12 1 1 10 12 1 1 10 12 1 1 10 12 1 1 8 1 100 10 12 1 10 12 1 9 12 1 1 10 7 12 1 1 8 1 8 1 100 1 8 1 8 1 8 1 8 1 8 1 8 1 8 1 8 1 10 12 1 1 10 12 1 1 10 12 1 10 12 1 10 12 1 10 12 1 8 1 8 1 8 1 10 12 1 8 1 10 12 1 8 1 8 1 8 1 8 1 8 1 10 12 1 10 12 1 10 12 1 1 10 7 12 1 1 1 10 12 1 10 12 1 10 12 1 10 12 1 10 12 1 9 12 1 1 8 1 10 12 1 1 9 12 1 9 12 1 1 10 12 1 1 9 12 1 9 12 1 1 9 12 1 9 12 1 1 7 1 10 7 12 1 1 1 9 12 1 10 12 1 10 12 1 8 1 10 12 1 9 12 1 1 7 1 10 7 12 1 1 1 8 1 100 1 10 12 1 9 12 1 10 12 1 10 12 1 10 7 12 1 1 1 10 12 1 9 7 12 1 1 10 12 1 1 10 12 1 10 12 1 10 12 1 9 12 10 12 1 10 10 12 1 9 12 1 9 9 12 1 7 9 12 1 1 10 12 1 1 9 12 1 10 12 1 10 7 1 9 1 1 1 1 3 1 3 1 1 3 1 3 1 1 1 1 1 1 1 1 1 1 1 1 1 1 1 1 1 1 1 1 1 1 1 1 1 1 1 1 1 1 1 1 1 1 1 1 1 1 1 1 1 1 1 1 1 1 1 1 1 100 1 1 1 1 1 1 1 1 1 1 1 1 1 1 1 1 1 1 1 1 1 1 1 1 1 1 1 1 1 1 1 1 1 1 1 1 1 1 1 1 1 1 1 1 1 1 1 1 1 1 1 1 1 1 1 1 1 1 1 1 1 1 1 1 100 1 1 1 1 1 1 1 1 1 1 1 1 1 1 1 1 1 1 1 1 1 1 1 1 1 1 1 1 1 1 1 1 1 1 1 1 100 1 1 1 1 1 1 1 1 1 1 1 1 1 1 1 1 1 1 1 1 1 1 100 1 1 1 100 1 1 100 1 1 1 1 1 1 1 1 1 1 1
staticfield java/lang/invoke/LambdaForm DEFAULT_CUSTOMIZED Ljava/lang/invoke/MethodHandle; 
staticfield java/lang/invoke/LambdaForm DEFAULT_KIND Ljava/lang/invoke/LambdaForm$Kind; java/lang/invoke/LambdaForm$Kind
staticfield java/lang/invoke/LambdaForm COMPILE_THRESHOLD I 0
staticfield java/lang/invoke/LambdaForm INTERNED_ARGUMENTS [[Ljava/lang/invoke/LambdaForm$Name; 5 [[Ljava/lang/invoke/LambdaForm$Name;
staticfield java/lang/invoke/LambdaForm IMPL_NAMES Ljava/lang/invoke/MemberName$Factory; java/lang/invoke/MemberName$Factory
staticfield java/lang/invoke/LambdaForm LF_identity [Ljava/lang/invoke/LambdaForm; 6 [Ljava/lang/invoke/LambdaForm;
staticfield java/lang/invoke/LambdaForm LF_zero [Ljava/lang/invoke/LambdaForm; 6 [Ljava/lang/invoke/LambdaForm;
staticfield java/lang/invoke/LambdaForm NF_identity [Ljava/lang/invoke/LambdaForm$NamedFunction; 6 [Ljava/lang/invoke/LambdaForm$NamedFunction;
staticfield java/lang/invoke/LambdaForm NF_zero [Ljava/lang/invoke/LambdaForm$NamedFunction; 6 [Ljava/lang/invoke/LambdaForm$NamedFunction;
staticfield java/lang/invoke/LambdaForm createFormsLock Ljava/lang/Object; java/lang/Object
staticfield java/lang/invoke/LambdaForm DEBUG_NAME_COUNTERS Ljava/util/HashMap; 
staticfield java/lang/invoke/LambdaForm DEBUG_NAMES Ljava/util/HashMap; 
staticfield java/lang/invoke/LambdaForm TRACE_INTERPRETER Z 0
staticfield java/lang/invoke/LambdaForm $assertionsDisabled Z 1
ciInstanceKlass jdk/internal/foreign/abi/NativeEntryPoint 0 0 223 10 100 12 1 1 1 9 100 12 1 1 1 9 12 1 1 100 1 8 1 10 12 1 10 12 1 1 100 1 10 100 12 1 1 1 10 12 1 9 12 1 1 18 12 1 1 10 100 12 1 1 1 9 100 12 1 1 1 8 1 10 12 1 1 8 1 8 1 8 1 8 1 10 100 12 1 1 1 100 1 10 10 12 1 1 8 1 10 12 1 8 1 10 12 1 10 12 1 1 10 12 1 1 100 1 8 1 10 12 1 10 12 1 1 100 1 8 1 10 10 12 1 9 12 1 1 18 12 1 1 10 100 12 1 1 1 10 12 1 1 10 12 1 10 100 12 1 1 1 10 1 1 1 1 1 1 1 1 1 1 1 1 1 1 1 1 1 1 1 1 1 1 1 1 1 1 1 1 1 1 1 1 1 1 1 1 1 1 1 1 1 1 1 1 16 1 15 10 12 16 1 16 15 10 12 15 10 100 12 1 1 1 1 1 100 1 1 100 1 100 1 1
ciInstanceKlass jdk/internal/foreign/abi/ABIDescriptor 0 0 55 10 100 12 1 1 1 9 100 12 1 1 1 9 12 1 1 9 12 1 9 12 1 9 12 1 1 9 12 1 9 12 1 1 9 12 1 9 12 1 9 12 1 9 12 1 1 1 1 1 1 1 1 1 1
ciInstanceKlass jdk/internal/foreign/abi/VMStorage 0 0 91 10 100 12 1 1 1 9 100 12 1 1 1 9 12 1 1 9 12 1 1 9 12 1 1 100 1 10 8 1 10 12 1 1 10 12 1 10 12 1 1 10 12 1 18 12 1 18 12 1 1 18 12 1 1 1 1 1 1 1 1 1 1 1 1 1 1 1 1 1 1 1 8 1 15 15 15 15 15 10 100 12 1 1 1 1 100 1 100 1 1
ciInstanceKlass jdk/internal/foreign/abi/UpcallLinker$CallRegs 0 0 66 10 100 12 1 1 1 9 100 12 1 1 1 9 12 1 18 12 1 1 18 12 1 1 18 12 1 1 1 1 1 1 1 1 1 1 1 1 1 1 1 1 1 1 100 1 1 1 8 1 15 15 15 10 100 12 1 1 1 1 1 100 1 100 1 1
instanceKlass java/lang/StackFrameInfo
ciInstanceKlass java/lang/ClassFrameInfo 1 1 126 10 7 12 1 1 1 9 7 12 1 1 1 7 1 3 9 12 1 1 9 12 1 1 7 1 9 12 1 1 3 11 7 12 1 1 1 11 12 1 10 12 1 1 10 12 1 1 10 12 1 100 1 10 10 12 1 1 8 1 8 1 10 12 100 1 10 10 12 1 1 8 1 10 12 1 8 1 10 12 8 1 10 12 1 10 7 12 1 1 1 100 1 1 1 1 1 1 1 1 1 1 1 1 1 1 1 1 1 1 1 1 1 1 1 1 1 1 1 100 1 1 1 1 1 1
staticfield java/lang/ClassFrameInfo JLIA Ljdk/internal/access/JavaLangInvokeAccess; java/lang/invoke/MethodHandleImpl$1
ciInstanceKlass java/lang/StackWalker$StackFrame 1 1 41 100 1 10 12 1 1 100 1 100 1 1 1 1 1 1 1 1 1 1 1 1 1 1 1 1 1 1 1 1 1 1 1 1 1 1 1 100 1 1 1
ciInstanceKlass java/lang/StackWalker 1 1 236 9 7 12 1 1 1 10 7 12 1 1 1 7 1 10 7 12 1 1 1 10 12 1 1 11 7 12 1 1 1 10 12 1 1 10 12 1 1 100 1 8 1 10 12 1 10 12 1 10 12 1 10 7 12 1 1 9 12 1 1 9 12 1 1 9 12 1 1 9 12 1 1 10 12 1 1 9 12 1 1 9 12 1 1 9 12 1 1 9 12 1 1 10 12 1 1 10 7 12 1 1 1 10 7 12 1 1 1 18 12 1 1 100 1 8 1 10 8 1 10 12 1 1 10 7 12 1 1 1 10 12 1 1 10 12 1 11 12 1 1 9 7 12 1 1 11 100 12 1 1 1 10 12 1 1 1 1 1 1 1 1 1 1 1 1 1 1 1 1 1 1 1 1 1 1 1 1 1 1 1 1 1 1 1 1 1 1 1 1 1 1 1 1 1 1 1 1 1 1 1 1 1 1 1 1 1 1 1 100 1 1 16 15 10 12 16 1 15 10 100 12 1 1 1 1 1 1 1 1 1 100 1 100 1 1
staticfield java/lang/StackWalker DEFAULT_EMPTY_OPTION Ljava/util/EnumSet; java/util/RegularEnumSet
staticfield java/lang/StackWalker DEFAULT_WALKER Ljava/lang/StackWalker; java/lang/StackWalker
instanceKlass java/lang/LiveStackFrameInfo
ciInstanceKlass java/lang/StackFrameInfo 1 1 150 10 7 12 1 1 1 9 7 12 1 1 1 9 12 1 1 11 7 12 1 1 1 10 12 1 1 10 7 12 1 1 1 9 12 1 1 10 12 1 1 9 12 1 1 100 1 10 12 10 12 1 9 12 1 100 1 100 1 10 12 1 1 11 12 1 1 10 12 1 10 12 1 10 12 1 1 9 12 1 1 10 12 1 1 10 100 12 1 1 10 12 1 1 9 12 1 10 100 12 1 1 1 9 12 1 1 10 100 1 10 12 1 9 12 1 1 10 12 1 1 10 12 1 1 1 1 1 1 1 1 1 1 1 1 1 1 1 1 100 1 100 1 1 1 1 1 1 1 1
staticfield java/lang/StackFrameInfo $assertionsDisabled Z 1
ciInstanceKlass java/lang/LiveStackFrameInfo 0 0 97 10 100 12 1 1 1 9 100 12 1 1 1 9 12 1 9 12 1 9 12 1 9 12 1 1 100 1 10 12 1 1 10 12 1 8 1 10 12 1 1 8 1 8 1 8 1 10 100 1 10 12 1 100 1 10 12 1 100 1 100 1 1 1 3 1 3 1 1 1 1 1 1 1 1 1 1 1 1 1 1 1 1 1 1 1 1 1 1 1 1 1 1 1 100 1 1
ciInstanceKlass java/lang/LiveStackFrame 0 0 112 100 1 10 100 12 1 1 1 11 100 12 1 1 1 11 12 1 9 100 12 1 1 1 10 100 12 1 1 1 10 100 12 1 1 1 11 12 1 10 12 1 100 1 100 1 1 1 1 1 1 1 1 1 1 1 1 1 1 1 1 1 1 1 1 1 1 1 1 1 100 1 1 1 1 1 1 1 100 1 8 1 1 12 10 1 1 1 8 1 1 1 8 1 1 1 8 1 1 1 8 1 1 8 1 1 1 8 1 1 8 1
instanceKlass java/lang/StackStreamFactory$StackFrameTraverser
instanceKlass java/lang/StackStreamFactory$CallerClassFinder
ciInstanceKlass java/lang/StackStreamFactory$AbstractStackWalker 1 1 364 7 1 100 1 3 10 7 12 1 1 1 10 7 12 1 1 10 7 12 1 1 1 9 12 1 1 9 12 1 1 9 12 1 1 9 12 1 9 12 1 10 7 12 1 1 1 10 12 1 1 10 100 12 1 1 9 12 1 1 9 12 1 1 10 12 1 1 9 12 1 1 10 7 12 1 1 1 10 12 1 1 9 12 1 1 9 100 12 1 1 1 100 1 10 8 1 10 12 1 1 10 12 1 8 1 10 12 1 1 10 100 12 1 1 1 100 1 8 1 10 12 1 8 1 10 12 10 7 12 1 1 9 12 1 1 8 1 5 0 8 1 8 1 9 12 1 1 10 12 1 1 18 12 1 1 10 100 12 1 1 1 10 12 1 1 10 12 1 10 12 1 9 7 12 1 1 1 10 12 1 1 9 12 1 10 12 1 10 12 1 10 12 1 10 12 1 10 12 1 10 12 1 1 8 1 10 12 1 10 12 1 10 12 1 10 12 1 1 8 1 10 12 1 1 10 12 1 1 10 12 1 1 10 12 1 10 12 1 10 12 1 9 12 1 8 1 10 12 1 8 1 10 12 1 10 12 1 1 10 12 1 10 12 1 10 12 1 1 10 12 1 10 12 1 10 12 1 10 12 1 10 12 1 10 12 1 1 10 12 1 10 12 1 10 12 1 10 12 1 8 1 1 1 1 1 1 1 1 1 1 1 1 1 100 1 1 1 1 1 1 100 1 1 1 1 100 1 1 1 1 1 1 1 1 1 1 1 1 1 1 1 1 1 1 16 15 15 10 100 12 1 1 1 1 1 1 1 1 100 1 100 1 1
ciInstanceKlass jdk/internal/module/Modules 1 1 481 10 100 12 1 1 1 9 7 12 1 1 1 11 7 12 1 1 1 11 12 1 1 11 12 1 1 11 12 1 1 11 12 1 11 12 1 11 12 1 11 12 1 11 12 1 11 12 1 1 10 100 12 1 1 1 10 12 1 1 10 100 12 1 1 10 100 12 1 1 1 10 100 12 1 1 10 12 1 1 11 12 1 9 12 1 1 11 7 12 1 1 1 10 12 1 1 10 10 12 1 10 100 1 9 12 1 1 10 100 12 1 1 10 12 1 1 10 100 12 1 1 1 100 1 11 100 12 1 1 1 10 100 12 1 1 1 11 100 12 1 1 10 12 1 1 10 100 12 1 1 10 100 12 1 1 1 10 12 1 1 10 12 1 1 11 12 1 1 18 12 1 1 11 100 12 1 1 10 100 12 1 1 1 11 100 12 1 1 1 100 1 11 12 1 1 11 100 12 1 1 1 11 12 1 1 10 12 1 1 10 100 12 1 1 18 12 1 1 11 12 1 1 18 12 1 1 11 12 1 1 10 12 1 18 18 10 12 1 1 9 12 1 1 11 100 12 1 1 1 100 1 10 11 12 1 11 12 1 1 10 100 1 10 12 1 1 10 100 12 1 1 10 12 1 1 11 12 10 12 1 1 100 1 10 18 12 1 10 12 1 1 100 1 8 1 10 12 1 10 100 12 1 1 18 12 1 11 11 12 10 12 1 10 10 100 1 18 12 1 10 10 10 7 12 1 1 10 7 12 1 1 1 10 12 1 1 1 1 1 1 1 1 1 1 1 1 1 1 1 1 1 1 1 1 1 1 1 1 1 1 1 1 1 1 1 1 1 1 1 1 1 1 1 1 1 1 1 1 1 1 1 1 1 1 1 1 1 1 1 1 1 1 1 1 1 1 1 1 100 1 1 1 1 1 1 1 1 1 1 1 1 1 1 1 1 1 1 1 1 1 1 1 16 15 10 12 1 16 1 16 1 15 10 12 1 16 1 16 1 15 10 12 16 1 15 10 16 1 15 10 12 16 1 16 15 10 12 16 15 10 12 16 15 10 12 15 10 100 12 1 1 1 1 1 1 100 1 100 1 1
staticfield jdk/internal/module/Modules JLA Ljdk/internal/access/JavaLangAccess; java/lang/System$1
staticfield jdk/internal/module/Modules JLMA Ljdk/internal/access/JavaLangModuleAccess; java/lang/module/ModuleDescriptor$1
staticfield jdk/internal/module/Modules $assertionsDisabled Z 1
instanceKlass javafx/scene/shape/ArcType
instanceKlass com/sun/javafx/animation/KeyValueType
instanceKlass sun/security/ssl/Alert$Level
instanceKlass sun/security/ssl/Alert
instanceKlass software/amazon/awssdk/thirdparty/jackson/core/JsonToken
instanceKlass software/amazon/awssdk/thirdparty/jackson/core/StreamReadCapability
instanceKlass software/amazon/awssdk/http/HttpStatusFamily
instanceKlass org/apache/http/conn/ssl/DefaultHostnameVerifier$HostNameType
instanceKlass javax/net/ssl/SSLEngineResult$HandshakeStatus
instanceKlass sun/security/ssl/Finished$VerifyDataScheme
instanceKlass java/time/Month
instanceKlass sun/security/validator/CADistrustPolicy
instanceKlass java/text/Normalizer$Form
instanceKlass sun/security/ssl/SSLTrafficKeyDerivation$KeySchedule
instanceKlass sun/security/ssl/SSLTrafficKeyDerivation
instanceKlass sun/security/ssl/SSLSecretDerivation$SecretSchedule
instanceKlass sun/security/ssl/ContentType
instanceKlass sun/security/ssl/SSLKeyExchange$T12KeyAgreement
instanceKlass sun/security/ssl/PskKeyExchangeModesExtension$PskKeyExchangeMode
instanceKlass sun/security/ssl/ECPointFormatsExtension$ECPointFormat
instanceKlass sun/security/ssl/CertStatusExtension$CertStatusRequestType
instanceKlass sun/security/ssl/SSLExtension
instanceKlass jdk/internal/icu/util/CodePointTrie$Type
instanceKlass jdk/internal/icu/util/CodePointTrie$ValueWidth
instanceKlass sun/security/ssl/SignatureScheme$SigAlgParamSpec
instanceKlass sun/security/ssl/SignatureScheme
instanceKlass sun/security/ssl/ClientAuthType
instanceKlass sun/security/ssl/SSLHandshake
instanceKlass org/apache/http/conn/routing/RouteInfo$LayerType
instanceKlass org/apache/http/conn/routing/RouteInfo$TunnelType
instanceKlass org/apache/http/auth/AuthProtocolState
instanceKlass org/apache/http/client/utils/URIUtils$UriFlag
instanceKlass software/amazon/awssdk/http/auth/aws/internal/signer/util/SigningAlgorithm
instanceKlass java/time/format/TextStyle
instanceKlass java/time/format/DateTimeFormatterBuilder$SettingsParser
instanceKlass java/time/format/ResolverStyle
instanceKlass java/time/format/SignStyle
instanceKlass java/time/temporal/JulianFields$Field
instanceKlass java/time/temporal/IsoFields$Unit
instanceKlass java/time/temporal/IsoFields$Field
instanceKlass software/amazon/awssdk/http/auth/aws/signer/AwsV4FamilyHttpSigner$AuthLocation
instanceKlass software/amazon/awssdk/http/auth/aws/internal/signer/util/DigestAlgorithm
instanceKlass software/amazon/awssdk/core/internal/useragent/IdentityProviderNameMapping
instanceKlass software/amazon/awssdk/awscore/internal/interceptor/TracingSystemSetting
instanceKlass software/amazon/awssdk/thirdparty/jackson/core/Base64Variant$PaddingReadBehaviour
instanceKlass software/amazon/awssdk/thirdparty/jackson/core/StreamWriteCapability
instanceKlass software/amazon/awssdk/thirdparty/jackson/core/JsonEncoding
instanceKlass software/amazon/awssdk/core/internal/signer/SigningMethod
instanceKlass software/amazon/awssdk/utils/cache/CachedSupplier$StaleValueBehavior
instanceKlass software/amazon/awssdk/core/checksums/Algorithm
instanceKlass software/amazon/awssdk/http/SdkHttpMethod
instanceKlass software/amazon/awssdk/metrics/MetricCategory
instanceKlass software/amazon/awssdk/metrics/MetricLevel
instanceKlass software/amazon/awssdk/services/rekognition/model/Attribute
instanceKlass software/amazon/awssdk/core/traits/TimestampFormatTrait$Format
instanceKlass software/amazon/awssdk/core/protocol/MarshallLocation
instanceKlass software/amazon/awssdk/thirdparty/jackson/core/json/JsonReadFeature
instanceKlass software/amazon/awssdk/thirdparty/jackson/core/JsonGenerator$Feature
instanceKlass software/amazon/awssdk/thirdparty/jackson/core/JsonParser$Feature
instanceKlass software/amazon/awssdk/thirdparty/jackson/core/JsonFactory$Feature
instanceKlass software/amazon/awssdk/protocols/json/AwsJsonProtocol
instanceKlass software/amazon/awssdk/awscore/internal/AwsServiceProtocol
instanceKlass org/apache/http/impl/cookie/RFC6265CookieSpecProvider$CompatibilityLevel
instanceKlass org/apache/http/impl/cookie/DefaultCookieSpecProvider$CompatibilityLevel
instanceKlass org/apache/http/conn/util/DomainType
instanceKlass sun/security/rsa/RSAUtil$KeyType
instanceKlass sun/security/ssl/NamedGroup
instanceKlass sun/security/ssl/NamedGroup$NamedGroupSpec
instanceKlass sun/security/ssl/CipherSuite$KeyExchange
instanceKlass sun/security/ssl/CipherSuite$MacAlg
instanceKlass sun/security/ssl/CipherSuite$HashAlg
instanceKlass sun/security/ssl/CipherType
instanceKlass sun/security/ssl/SSLCipher
instanceKlass sun/security/ssl/CipherSuite
instanceKlass java/security/CryptoPrimitive
instanceKlass java/time/temporal/ChronoUnit
instanceKlass java/time/temporal/ChronoField
instanceKlass sun/security/util/DisabledAlgorithmConstraints$Constraint$Operator
instanceKlass sun/security/ssl/ProtocolVersion
instanceKlass software/amazon/awssdk/utils/ProxyEnvironmentSetting
instanceKlass software/amazon/awssdk/utils/ProxySystemSetting
instanceKlass software/amazon/awssdk/http/Protocol
instanceKlass software/amazon/awssdk/profiles/internal/ProfileSection
instanceKlass software/amazon/awssdk/profiles/ProfileFile$Type
instanceKlass java/nio/file/AccessMode
instanceKlass software/amazon/awssdk/utils/JavaSystemSetting
instanceKlass software/amazon/awssdk/profiles/ProfileFileSystemSetting
instanceKlass software/amazon/awssdk/core/retry/RetryMode
instanceKlass software/amazon/awssdk/core/ClientType
instanceKlass software/amazon/awssdk/awscore/endpoints/AccountIdEndpointMode
instanceKlass software/amazon/awssdk/awscore/defaultsmode/DefaultsMode
instanceKlass software/amazon/awssdk/core/SdkSystemSetting
instanceKlass com/sun/imageio/plugins/jpeg/JPEGImageWriter$CallBackLock$State
instanceKlass java/security/DrbgParameters$Capability
instanceKlass sun/awt/AppContext$State
instanceKlass sun/util/logging/PlatformLogger$Level
instanceKlass com/sun/javafx/iio/ImageStorage$ImageType
instanceKlass sun/java2d/StateTrackable$State
instanceKlass java/lang/annotation/RetentionPolicy
instanceKlass org/bytedeco/javacv/FrameGrabber$SampleMode
instanceKlass org/bytedeco/javacv/FrameGrabber$ImageMode
instanceKlass javafx/scene/input/ScrollEvent$VerticalTextScrollUnits
instanceKlass javafx/scene/input/ScrollEvent$HorizontalTextScrollUnits
instanceKlass com/sun/javafx/geom/Path2D$CornerPrefix
instanceKlass java/lang/invoke/MethodHandles$Lookup$ClassOption
instanceKlass javafx/scene/chart/LineChart$SortingPolicy
instanceKlass sun/util/locale/provider/LocaleProviderAdapter$Type
instanceKlass java/lang/classfile/attribute/StackMapFrameInfo$SimpleVerificationTypeInfo
instanceKlass java/lang/reflect/ProxyGenerator$PrimitiveTypeInfo
instanceKlass java/lang/classfile/ClassFile$StackMapsOption
instanceKlass com/mysql/cj/QueryReturnType
instanceKlass com/mysql/cj/Query$CancelStatus
instanceKlass com/mysql/cj/MysqlType
instanceKlass com/mysql/cj/protocol/a/authentication/AuthenticationWebAuthnClient$AuthStage
instanceKlass com/mysql/cj/protocol/a/authentication/CachingSha2PasswordPlugin$AuthStage
instanceKlass com/mysql/cj/protocol/a/NativeConstants$StringSelfDataType
instanceKlass com/mysql/cj/protocol/a/NativeConstants$StringLengthDataType
instanceKlass com/mysql/cj/protocol/a/NativeConstants$IntegerDataType
instanceKlass java/net/Proxy$Type
instanceKlass java/net/StandardProtocolFamily
instanceKlass com/mysql/cj/protocol/Resultset$Concurrency
instanceKlass com/mysql/cj/protocol/Resultset$Type
instanceKlass com/mysql/cj/conf/BooleanPropertyDefinition$AllowableValues
instanceKlass com/mysql/cj/conf/PropertyDefinitions$Compression
instanceKlass com/mysql/cj/conf/PropertyDefinitions$AuthMech
instanceKlass com/mysql/cj/conf/PropertyDefinitions$XdevapiSslMode
instanceKlass com/mysql/cj/conf/PropertyDefinitions$ZeroDatetimeBehavior
instanceKlass com/mysql/cj/conf/PropertyDefinitions$SslMode
instanceKlass com/mysql/cj/conf/PropertyDefinitions$DatabaseTerm
instanceKlass java/math/RoundingMode
instanceKlass com/mysql/cj/util/SearchMode
instanceKlass com/mysql/cj/conf/PropertyKey
instanceKlass com/mysql/cj/conf/ConnectionUrl$HostsCardinality
instanceKlass com/mysql/cj/conf/ConnectionUrl$Type
instanceKlass com/sun/prism/shape/ShapeRep$InvalidationType
instanceKlass sun/misc/Unsafe$MemoryAccessOption
instanceKlass com/sun/javafx/sg/prism/NGNode$RenderRootResult
instanceKlass javafx/scene/Scene$DragDetectedState
instanceKlass javafx/scene/input/TransferMode
instanceKlass com/sun/scenario/effect/impl/state/LinearConvolveRenderState$PassType
instanceKlass com/sun/scenario/effect/Effect$AccelType
instanceKlass com/sun/scenario/effect/impl/Renderer$RendererState
instanceKlass com/sun/scenario/effect/impl/state/RenderState$EffectCoordinateSpace
instanceKlass com/sun/javafx/geom/transform/BaseTransform$Degree
instanceKlass com/sun/prism/CompositeMode
instanceKlass com/sun/prism/Texture$Usage
instanceKlass com/sun/prism/PixelFormat$DataType
instanceKlass com/sun/prism/PixelFormat
instanceKlass com/sun/prism/Texture$WrapMode
instanceKlass com/sun/javafx/sg/prism/NodeEffectInput$RenderType
instanceKlass com/sun/scenario/effect/AbstractShadow$ShadowMode
instanceKlass com/sun/javafx/scene/traversal/TraversalMethod
instanceKlass javafx/scene/layout/Priority
instanceKlass javafx/scene/shape/FillRule
instanceKlass javafx/scene/control/skin/TextInputControlSkin$Direction
instanceKlass javafx/scene/control/skin/TextInputControlSkin$TextUnit
instanceKlass com/sun/javafx/cursor/CursorType
instanceKlass com/sun/javafx/geom/BaseBounds$BoundsType
instanceKlass javafx/stage/PopupWindow$AnchorLocation
instanceKlass javafx/scene/control/skin/TabPaneSkin$TabAnimationState
instanceKlass javafx/scene/control/TabPane$TabDragPolicy
instanceKlass javafx/scene/control/skin/TabPaneSkin$DragState
instanceKlass com/sun/javafx/scene/control/inputmap/KeyBinding$OptionalBoolean
instanceKlass javafx/animation/Animation$Status
instanceKlass javafx/scene/control/skin/TabPaneSkin$TabAnimation
instanceKlass javafx/scene/text/FontSmoothingType
instanceKlass com/sun/javafx/effect/EffectDirtyBits
instanceKlass javafx/scene/AccessibleAction
instanceKlass com/sun/prism/paint/Paint$Type
instanceKlass com/sun/scenario/effect/Blend$Mode
instanceKlass com/sun/javafx/sg/prism/NGNode$DirtyFlag
instanceKlass com/sun/javafx/tk/quantum/SwipeGestureRecognizer$SwipeRecognitionState
instanceKlass com/sun/glass/ui/GestureSupport$GestureState$StateId
instanceKlass com/sun/javafx/tk/FocusCause
instanceKlass javafx/scene/input/KeyCombination$ModifierValue
instanceKlass java/lang/System$Logger$Level
instanceKlass com/sun/javafx/logging/PlatformLogger$Level
instanceKlass javafx/scene/effect/BlendMode
instanceKlass javafx/scene/control/ContentDisplay
instanceKlass javafx/scene/text/FontWeight
instanceKlass javafx/scene/text/FontPosture
instanceKlass jdk/internal/logger/BootstrapLogger$LoggingBackend
instanceKlass javafx/scene/input/MouseButton
instanceKlass javafx/scene/Scene$DirtyBits
instanceKlass javafx/scene/control/TabPane$TabClosingPolicy
instanceKlass javafx/geometry/Side
instanceKlass javafx/geometry/Pos
instanceKlass javafx/geometry/Orientation
instanceKlass javafx/scene/AccessibleAttribute$ToggleState
instanceKlass javafx/scene/AccessibleAttribute
instanceKlass javafx/scene/layout/BackgroundRepeat
instanceKlass javafx/scene/effect/BlurType
instanceKlass javafx/scene/paint/CycleMethod
instanceKlass javafx/css/SizeUnits
instanceKlass com/sun/javafx/css/Combinator
instanceKlass jdk/internal/util/OperatingSystem
instanceKlass javafx/scene/control/OverrunStyle
instanceKlass javafx/geometry/HPos
instanceKlass javafx/geometry/NodeOrientation
instanceKlass com/sun/javafx/sg/prism/NGShape$Mode
instanceKlass javafx/scene/text/TextAlignment
instanceKlass javafx/scene/text/TextBoundsType
instanceKlass javafx/geometry/VPos
instanceKlass javafx/scene/shape/StrokeLineCap
instanceKlass javafx/scene/shape/StrokeLineJoin
instanceKlass javafx/scene/shape/StrokeType
instanceKlass javafx/scene/input/KeyCode
instanceKlass javafx/scene/image/PixelFormat$Type
instanceKlass com/sun/javafx/application/PlatformImpl$HighContrastScheme
instanceKlass javafx/application/ConditionalFeature
instanceKlass javafx/css/StyleOrigin
instanceKlass javafx/scene/AccessibleRole
instanceKlass com/sun/javafx/scene/LayoutFlags
instanceKlass com/sun/javafx/scene/DirtyBits
instanceKlass javafx/scene/DepthTest
instanceKlass javafx/scene/CacheHint
instanceKlass com/sun/javafx/scene/CssFlags
instanceKlass javafx/stage/Modality
instanceKlass javafx/stage/StageStyle
instanceKlass com/sun/prism/impl/ps/BaseShaderContext$SpecialShaderType
instanceKlass com/sun/prism/impl/ps/BaseShaderContext$MaskType
instanceKlass com/sun/prism/GraphicsPipeline$ShaderModel
instanceKlass com/sun/prism/GraphicsPipeline$ShaderType
instanceKlass com/sun/prism/impl/PrismSettings$RasterizerType
instanceKlass sun/security/util/KnownOIDs
instanceKlass java/security/Security$SecPropLoader$LoadingMode
instanceKlass java/util/Locale$Category
instanceKlass java/lang/StackStreamFactory$WalkerState
instanceKlass java/lang/StackWalker$ExtendedOption
instanceKlass java/lang/StackWalker$Option
instanceKlass jdk/internal/vm/Continuation$Pinned
instanceKlass java/util/regex/Pattern$Qtype
instanceKlass java/util/concurrent/TimeUnit
instanceKlass java/nio/file/LinkOption
instanceKlass java/util/stream/MatchOps$MatchKind
instanceKlass java/util/stream/Collector$Characteristics
instanceKlass java/util/stream/StreamShape
instanceKlass java/lang/classfile/Opcode$Kind
instanceKlass java/lang/classfile/Opcode
instanceKlass java/lang/invoke/VarHandle$AccessType
instanceKlass java/lang/invoke/VarHandle$AccessMode
instanceKlass java/lang/invoke/MethodHandleImpl$Intrinsic
instanceKlass java/lang/classfile/AttributeMapper$AttributeStability
instanceKlass jdk/internal/classfile/impl/AbstractPoolEntry$Utf8EntryImpl$State
instanceKlass java/lang/classfile/TypeKind
instanceKlass java/lang/invoke/LambdaForm$BasicType
instanceKlass java/lang/invoke/LambdaForm$Kind
instanceKlass java/lang/constant/DirectMethodHandleDesc$Kind
instanceKlass sun/invoke/util/Wrapper
instanceKlass java/util/stream/StreamOpFlag$Type
instanceKlass java/util/stream/StreamOpFlag
instanceKlass java/lang/reflect/AccessFlag$Location
instanceKlass java/lang/reflect/AccessFlag
instanceKlass java/lang/module/ModuleDescriptor$Modifier
instanceKlass java/io/File$PathStatus
instanceKlass sun/nio/fs/WindowsPathType
instanceKlass java/nio/file/StandardOpenOption
instanceKlass jdk/internal/module/ModuleBootstrap$IllegalNativeAccess
instanceKlass java/lang/reflect/ClassFileFormatVersion
instanceKlass java/lang/Thread$State
instanceKlass java/lang/module/ModuleDescriptor$Requires$Modifier
ciInstanceKlass java/lang/Enum 1 1 204 9 7 12 1 1 1 9 12 1 1 10 7 12 1 1 1 9 12 1 10 7 12 1 1 1 100 1 10 10 12 1 1 10 12 1 100 1 10 10 7 12 1 1 10 12 1 1 18 12 1 1 10 100 12 1 1 1 10 12 1 1 11 7 12 1 1 1 100 1 8 1 10 12 1 100 1 100 1 10 8 1 10 12 1 1 10 12 1 1 8 1 10 12 1 10 100 1 8 1 10 10 12 1 1 10 100 12 1 1 1 100 1 100 1 100 1 1 1 1 1 1 1 1 1 1 1 1 1 1 1 1 1 1 1 1 1 1 1 1 1 1 1 1 1 1 1 1 1 1 1 1 1 1 1 1 1 1 1 1 1 1 1 3 1 1 1 1 100 1 100 1 1 100 1 1 1 1 1 1 1 1 1 1 1 16 15 10 12 16 15 10 100 12 1 1 1 1 1 100 1 100 1 1
ciInstanceKlass jdk/internal/loader/ClassLoaders 1 1 185 10 100 12 1 1 1 10 7 12 1 1 1 10 12 1 1 10 100 12 1 1 1 9 7 12 1 1 1 9 12 1 1 9 12 1 1 7 1 11 100 12 1 1 1 100 1 11 12 1 1 11 12 1 1 10 100 12 1 1 1 10 100 12 1 1 1 100 1 100 1 10 7 12 1 1 1 9 12 1 1 8 1 10 7 12 1 1 1 10 12 1 1 7 1 10 12 1 10 12 1 1 7 1 10 12 1 1 10 12 1 1 10 12 1 7 1 10 12 10 12 1 8 1 10 7 12 1 1 8 1 8 1 10 12 1 7 1 10 10 12 1 10 12 1 1 1 1 1 1 1 1 1 1 1 1 1 1 1 1 1 1 1 1 100 1 1 1 1 1 1 1 1 1 1 1 1 1 1 1 1 1 1 1 1
staticfield jdk/internal/loader/ClassLoaders JLA Ljdk/internal/access/JavaLangAccess; java/lang/System$1
staticfield jdk/internal/loader/ClassLoaders BOOT_LOADER Ljdk/internal/loader/ClassLoaders$BootClassLoader; jdk/internal/loader/ClassLoaders$BootClassLoader
staticfield jdk/internal/loader/ClassLoaders PLATFORM_LOADER Ljdk/internal/loader/ClassLoaders$PlatformClassLoader; jdk/internal/loader/ClassLoaders$PlatformClassLoader
staticfield jdk/internal/loader/ClassLoaders APP_LOADER Ljdk/internal/loader/ClassLoaders$AppClassLoader; jdk/internal/loader/ClassLoaders$AppClassLoader
ciInstanceKlass java/util/ArrayList 1 1 514 10 7 12 1 1 1 7 1 9 7 12 1 1 1 9 12 1 100 1 100 1 10 8 1 10 12 1 1 10 12 1 10 12 1 1 10 12 1 9 12 1 11 7 12 1 1 1 9 12 1 1 11 12 1 1 7 10 7 12 1 1 1 9 12 1 10 12 1 10 12 1 1 10 7 12 1 1 1 10 7 12 1 1 1 10 12 1 1 10 12 1 1 10 12 1 1 10 12 1 10 12 1 1 100 1 100 1 10 12 1 10 10 7 12 1 1 1 10 7 12 1 1 10 12 1 100 1 10 10 12 10 12 1 1 10 12 1 1 10 12 1 10 12 10 12 1 1 7 1 10 12 1 1 10 12 1 1 10 12 1 100 1 10 11 12 1 1 11 7 12 1 1 1 11 12 1 10 12 1 10 12 1 10 12 1 1 100 1 10 12 1 1 10 10 12 1 1 10 12 1 8 1 8 1 8 1 8 1 10 12 1 1 10 12 1 1 11 12 1 100 1 10 100 12 1 1 10 12 1 10 12 1 1 10 100 12 1 1 10 12 1 10 100 12 1 1 1 11 100 12 1 1 1 10 12 1 100 1 8 1 10 7 1 10 12 1 7 1 10 12 1 10 12 1 1 7 1 10 12 1 10 12 1 1 11 7 12 1 1 7 1 10 12 1 10 12 1 1 11 100 12 1 1 10 12 1 1 10 12 1 1 10 12 1 1 10 12 1 1 11 100 12 1 1 10 12 1 1 10 12 1 1 100 1 100 1 100 1 1 1 1 5 0 1 3 1 1 1 1 1 1 1 1 1 1 1 1 1 1 1 1 1 1 1 1 1 1 1 1 1 1 1 1 1 1 1 1 1 1 1 1 1 1 1 1 1 1 1 1 1 1 1 1 1 1 1 1 1 1 1 1 1 1 1 1 1 1 1 1 1 1 1 1 1 1 1 1 1 1 1 1 1 1 1 1 1 1 1 1 1 1 1 1 1 1 1 1 1 1 1 1 1 1 1 1 1 1 1 1 100 1 1 1 1 100 1 1 1 1 1 1 1 1 1 1 1 1 1 1 1 1 1 1 1 1 1 1 1 1 1 1 1 1 1 100 1 1 1 1 1 1 1 1 1 1 1 1 1 1 1 1 1 1 1 100 1 100 1 1 1 1 1 1
staticfield java/util/ArrayList EMPTY_ELEMENTDATA [Ljava/lang/Object; 0 [Ljava/lang/Object;
staticfield java/util/ArrayList DEFAULTCAPACITY_EMPTY_ELEMENTDATA [Ljava/lang/Object; 0 [Ljava/lang/Object;
ciInstanceKlass java/util/List 1 1 251 10 100 12 1 1 1 11 100 12 1 1 1 11 100 12 1 1 1 11 12 1 1 11 100 12 1 1 11 12 1 1 11 12 1 1 10 100 12 1 1 1 7 1 7 1 10 12 1 1 100 1 10 100 12 1 1 1 11 12 1 1 11 12 1 11 12 1 100 1 10 12 1 11 12 1 1 11 12 1 1 11 12 1 10 100 12 1 1 1 9 7 12 1 1 1 7 1 10 12 10 12 1 7 1 10 12 1 1 10 12 1 10 12 1 1 11 12 1 1 100 1 1 1 1 1 1 1 1 1 1 1 1 1 1 1 1 1 1 1 1 1 1 1 1 1 1 1 1 1 1 1 1 1 1 1 1 1 1 1 1 1 1 1 1 100 1 100 1 1 1 1 1 1 1 1 1 1 1 1 1 1 1 1 1 1 1 1 1 1 1 1 1 1 1 1 1 1 1 1 1 1 1 1 1 1 1 1 1 1 1 1 1 1 1 1 1 1 1 1 1 1 1 1 1 1 1 1 1 1 1 1 1 1 1 1 1 1 1 1 1 1 1 1 100 1 1 100 1 1 1
ciInstanceKlass java/util/SequencedCollection 1 1 104 100 1 10 12 1 1 11 100 12 1 1 1 11 100 12 1 1 1 11 12 1 1 11 12 1 100 1 100 1 1 1 1 1 1 1 1 1 1 1 1 1 1 1 1 1 1 1 1 1 1 1 1 1 1 1 1 1 100 1 8 1 12 10 1 1 8 1 1 1 8 1 1 8 1 1 1 8 1 1 8 1 1 1 8 1 1 8 1 8 1 1 8 1 1 1 8 1 1 8 1 1 8 1
ciInstanceKlass java/lang/Iterable 1 1 62 10 7 12 1 1 1 11 7 12 1 1 1 11 7 12 1 1 1 11 12 1 1 11 7 12 1 1 1 10 100 12 1 1 1 100 1 1 1 1 1 1 1 1 1 1 1 1 1 1 1 1 1 1 1 1 1 1 1 1 1 1
ciInstanceKlass java/util/RandomAccess 1 0 7 100 1 100 1 1 1
instanceKlass java/util/TreeMap$Values
instanceKlass java/util/concurrent/ConcurrentLinkedDeque
instanceKlass java/util/LinkedHashMap$LinkedValues
instanceKlass java/util/EnumMap$Values
instanceKlass java/util/IdentityHashMap$Values
instanceKlass java/util/WeakHashMap$Values
instanceKlass java/util/AbstractQueue
instanceKlass java/util/HashMap$Values
instanceKlass java/util/ArrayDeque
instanceKlass java/util/AbstractSet
instanceKlass java/util/ImmutableCollections$AbstractImmutableCollection
instanceKlass java/util/AbstractList
ciInstanceKlass java/util/AbstractCollection 1 1 160 10 7 12 1 1 1 10 7 12 1 1 1 10 12 1 1 11 7 12 1 1 1 11 12 1 1 10 12 1 1 10 100 12 1 1 1 10 12 1 1 10 12 1 1 10 7 12 1 1 10 7 12 1 1 1 7 1 10 100 12 1 1 1 10 100 12 1 1 1 100 1 10 11 12 1 11 7 1 10 12 1 10 12 1 10 100 12 1 1 1 11 8 1 100 1 10 10 12 1 1 8 1 10 12 1 10 12 1 1 1 1 1 1 1 1 1 1 1 1 1 1 1 1 1 1 1 1 1 1 1 1 1 1 1 1 1 1 1 1 1 1 1 1 1 1 1 1 1 1 1 1 1 1 1 1 1 1 1 1
instanceKlass com/sun/javafx/UnmodifiableArrayList
instanceKlass java/util/Vector
instanceKlass java/util/Collections$SingletonList
instanceKlass java/util/AbstractList$SubList
instanceKlass javafx/collections/ObservableListBase
instanceKlass javafx/collections/FXCollections$EmptyObservableList
instanceKlass java/util/Arrays$ArrayList
instanceKlass sun/security/jca/ProviderList$2
instanceKlass java/util/AbstractSequentialList
instanceKlass java/util/ArrayList$SubList
instanceKlass java/util/Collections$EmptyList
instanceKlass java/util/ArrayList
ciInstanceKlass java/util/AbstractList 1 1 218 10 7 12 1 1 1 9 7 12 1 1 1 10 12 1 1 10 12 1 1 100 1 10 10 12 1 1 11 7 12 1 1 1 11 12 1 1 11 12 1 10 7 12 1 1 1 10 12 1 11 12 1 11 12 1 11 12 1 10 12 1 1 10 12 1 1 11 100 12 1 1 1 11 7 1 11 7 1 10 12 1 7 1 10 12 1 10 12 1 1 7 1 7 1 10 12 1 100 1 10 100 1 100 1 10 8 1 10 12 1 1 10 12 1 10 12 1 1 10 12 1 8 1 100 1 8 1 8 1 8 1 10 7 1 11 10 10 12 1 11 12 1 10 12 1 1 8 1 8 1 1 1 1 1 1 1 1 1 1 1 1 1 1 1 1 1 1 1 1 1 1 1 1 1 1 1 1 1 1 1 1 1 1 1 1 1 1 1 1 1 1 1 1 1 1 1 1 1 1 1 1 1 1 1 1 1 1 100 1 100 1 1 1 1 1 1 1
ciInstanceKlass java/lang/annotation/Annotation 1 0 17 100 1 100 1 1 1 1 1 1 1 1 1 1 1 1 1
ciInstanceKlass sun/security/util/Debug 1 1 537 10 100 12 1 1 1 9 7 12 1 1 1 10 100 12 1 1 8 1 10 12 1 8 1 8 1 8 1 8 1 8 1 8 1 8 1 8 1 8 1 8 1 8 1 8 1 8 1 8 1 8 1 8 1 8 1 8 1 8 1 8 1 8 1 8 1 8 1 8 1 8 1 8 1 8 1 8 1 8 1 8 1 8 1 8 1 8 1 8 1 8 1 8 1 8 1 8 1 8 1 8 1 10 12 1 1 10 7 12 1 1 1 10 12 1 1 10 9 12 1 1 10 12 1 10 100 12 1 1 18 12 1 1 10 12 1 1 100 1 9 12 1 1 9 12 1 9 12 1 9 12 1 9 12 1 10 12 1 1 10 12 1 1 10 12 1 1 10 12 1 1 8 1 10 12 1 1 8 1 9 100 12 1 1 1 10 12 1 1 8 1 10 12 1 8 1 8 1 100 1 10 10 12 1 1 10 12 1 1 8 1 10 12 1 8 1 10 12 1 1 10 100 12 1 1 8 1 10 12 1 1 10 12 1 8 1 8 1 8 1 8 1 10 100 12 1 1 1 10 12 1 1 10 100 12 1 1 1 10 12 1 8 1 10 12 1 10 12 1 10 12 1 1 9 100 12 1 1 1 10 100 12 1 1 1 10 100 12 1 1 1 8 1 8 1 10 100 12 1 1 10 12 8 1 8 1 10 12 8 1 8 1 8 1 8 1 10 12 8 1 8 1 8 1 10 100 12 1 1 1 10 12 1 1 10 100 12 1 1 10 12 1 10 12 1 1 8 1 10 12 1 1 10 12 1 1 8 1 8 1 8 1 9 12 1 8 1 10 100 12 1 1 1 10 12 1 1 10 12 1 1 10 12 18 12 1 1 11 100 12 1 1 1 18 11 12 1 1 11 12 1 1 8 1 10 100 12 1 1 1 11 100 12 1 1 11 12 1 11 12 1 8 1 8 1 10 12 1 1 8 1 8 1 10 12 1 8 1 10 12 1 1 10 12 1 1 1 1 1 1 1 1 1 1 1 1 1 1 1 1 1 1 1 1 1 1 1 1 1 1 1 1 1 1 1 1 1 1 1 1 1 1 1 1 1 1 1 1 1 1 1 1 1 1 1 1 1 1 1 1 1 1 1 1 1 1 1 16 15 10 12 16 16 15 10 12 16 15 10 12 16 15 10 100 12 1 1 1 1 1 1 100 1 100 1 1
ciMethod sun/security/util/Debug println (Ljava/lang/String;)V 0 0 1 0 -1
ciMethod java/util/Objects requireNonNull (Ljava/lang/Object;)Ljava/lang/Object; 1024 0 392556 0 -1
ciMethod java/util/Objects requireNonNull (Ljava/lang/Object;Ljava/lang/String;)Ljava/lang/Object; 516 0 91407 0 -1
ciMethod java/util/Arrays fill ([BB)V 0 0 675 0 272
ciMethod java/util/Arrays fill ([II)V 256 21518 876 0 304
ciMethod java/util/Arrays copyOfRange ([BII)[B 512 0 14153 0 992
ciMethod java/lang/Math min (II)I 512 0 223479 0 -1
ciMethod java/lang/Object <init> ()V 946 0 3000133 0 128
ciInstanceKlass java/security/NoSuchAlgorithmException 1 1 35 10 7 12 1 1 1 10 12 1 10 12 1 10 12 1 100 1 1 1 1 5 0 1 1 1 1 1 1 1 1 1 1 1 1
ciInstanceKlass sun/security/jca/GetInstance 1 1 201 10 7 12 1 1 1 10 7 12 1 1 1 10 7 12 1 1 1 7 1 7 1 10 10 12 1 1 8 1 8 1 10 12 1 1 10 12 1 10 7 12 1 1 1 100 1 8 1 10 10 12 1 1 100 1 8 1 10 10 7 1 8 1 8 1 10 12 1 10 12 1 1 10 12 1 10 7 12 1 1 1 11 100 12 1 1 11 12 1 1 7 1 10 10 12 1 10 12 1 10 12 1 10 12 1 1 10 12 1 1 10 12 1 1 7 1 10 12 1 10 12 1 10 7 12 1 1 1 8 1 10 12 1 8 1 10 12 1 8 1 1 1 1 1 1 1 1 1 1 1 1 1 1 1 1 1 1 1 1 1 1 1 1 1 1 1 1 1 1 1 1 1 1 1 1 1 1 1 1 1 1 1 1 1 1 1 1 1 1 1 1 1 1 1 1 1 1 1 1 1
ciInstanceKlass sun/security/provider/MD5 1 1 255 8 1 10 7 12 1 1 1 9 7 12 1 1 1 10 12 1 1 10 12 1 1 10 100 3 3 3 3 9 12 1 1 9 12 1 1 10 12 1 1 9 12 1 10 7 12 1 1 1 10 12 1 1 10 12 1 1 10 7 12 1 1 1 10 12 1 10 12 1 10 7 12 1 1 1 9 7 12 1 1 1 10 12 1 1 9 7 12 1 1 1 10 7 12 1 1 1 3 10 12 1 1 3 3 3 3 3 3 3 3 3 3 3 3 3 3 3 3 10 12 1 3 3 3 3 3 3 3 3 3 3 3 3 3 3 3 3 10 12 1 3 3 3 3 3 3 3 3 3 3 3 3 3 3 3 3 10 12 1 3 3 3 3 3 3 3 3 3 3 3 3 3 3 3 1 1 1 3 1 3 1 3 1 3 1 3 1 3 1 3 1 3 1 3 1 3 1 3 1 3 1 3 1 3 1 3 1 3 1 1 1 1 1 1 1 100 1 1 1 1 1 1 1 1 1 1 1 1 1 1 1 1 1 1 1 1 1 1 1 1 1 1 1 1 1 1 1 1 1 1 1 1 1 1
ciInstanceKlass sun/security/jca/GetInstance$Instance 1 1 32 10 7 12 1 1 1 9 7 12 1 1 1 9 12 1 1 1 1 1 1 1 1 1 1 1 1 1 7 1 1 1
instanceKlass java/security/MessageDigest$Delegate$CloneableDelegate
ciInstanceKlass java/security/MessageDigest$Delegate 1 1 157 10 7 12 1 1 1 7 1 10 7 12 1 1 1 8 1 10 7 12 1 1 1 10 100 12 1 1 1 10 100 12 1 1 1 10 100 1 8 1 10 12 1 1 10 7 12 1 1 1 100 1 7 1 10 12 1 1 7 1 10 10 7 12 1 1 9 12 1 1 9 12 1 1 9 12 1 1 9 12 1 1 10 12 1 10 12 1 1 10 12 1 1 10 12 1 10 12 1 100 1 11 12 1 100 1 8 1 10 12 1 10 12 1 1 10 12 1 10 12 1 1 1 1 1 1 1 1 1 1 1 1 1 1 1 1 1 1 1 1 1 1 1 1 1 1 100 1 1 100 1 1 1 1 1 1 1
ciInstanceKlass java/security/MessageDigest$Delegate$CloneableDelegate 1 1 30 10 7 12 1 1 1 100 1 100 1 1 1 1 1 1 1 1 1 1 1 1 1 1 1 7 1 1 1 1
ciInstanceKlass java/security/DigestException 0 0 35 10 100 12 1 1 1 10 12 1 10 12 1 10 12 1 100 1 1 1 1 5 0 1 1 1 1 1 1 1 1 1 1 1 1
ciInstanceKlass sun/security/provider/SHA2$SHA256 1 1 42 8 1 9 7 12 1 1 1 10 7 12 1 1 1 10 12 1 1 3 3 3 3 3 3 3 3 1 1 1 1 1 1 1 100 1 1 1 1 1 1 1
staticfield sun/security/provider/SHA2$SHA256 INITIAL_HASHES [I 8
ciInstanceKlass sun/security/provider/SHA 1 1 141 8 1 10 7 12 1 1 1 9 7 12 1 1 1 10 12 1 1 10 12 1 1 10 100 9 12 1 10 100 12 1 1 1 3 3 3 3 3 9 12 1 1 9 12 1 1 10 12 1 1 9 12 1 10 7 12 1 1 1 10 12 1 1 10 12 1 1 10 12 1 10 12 1 10 7 12 1 1 1 9 7 12 1 1 1 10 12 1 1 10 12 1 1 10 7 12 1 1 1 3 3 3 3 1 1 1 1 1 1 1 1 1 1 1 1 1 100 1 1 1 1 1 1 1 1 1 1 1 1 1 1 1 1 1 1 100 1 1 1 1
ciInstanceKlass java/security/spec/PSSParameterSpec 1 1 119 10 7 12 1 1 1 8 1 10 7 12 1 1 1 8 1 100 1 100 1 10 8 1 10 12 1 1 10 12 1 10 12 1 1 10 12 1 8 1 9 7 12 1 1 1 9 12 1 9 12 1 1 9 12 1 1 9 12 1 8 1 8 1 9 7 12 1 1 1 10 12 1 8 1 8 1 10 12 1 8 1 8 1 10 12 1 9 12 1 1 100 1 1 1 3 1 1 1 1 1 1 1 1 1 1 100 1 1 1 1 1 1 1 1 1 1 1 1
staticfield java/security/spec/PSSParameterSpec DEFAULT Ljava/security/spec/PSSParameterSpec; java/security/spec/PSSParameterSpec
ciInstanceKlass sun/security/rsa/RSAPublicKeyImpl 1 1 301 10 7 12 1 1 1 8 1 10 12 1 1 8 1 7 1 10 12 1 1 9 7 12 1 1 1 10 7 12 1 1 1 10 12 1 1 10 12 1 100 1 100 1 8 1 10 12 1 100 1 10 12 1 8 1 10 12 1 1 10 12 1 1 10 12 1 10 7 1 10 7 12 1 1 10 12 1 1 10 12 1 1 9 12 1 1 9 12 1 10 7 12 1 1 1 9 12 1 1 100 1 10 12 1 9 12 1 1 9 12 1 1 100 1 10 10 12 1 1 7 1 10 12 1 1 10 12 1 10 7 1 10 12 1 10 12 1 1 8 1 10 12 1 10 12 1 1 100 1 10 12 1 1 8 1 9 12 1 8 1 10 9 12 1 1 8 1 10 9 12 1 1 10 7 12 1 1 1 10 12 1 8 1 10 12 1 1 10 8 1 8 1 8 1 10 12 1 8 1 10 12 1 8 1 8 1 100 1 9 100 12 1 1 1 10 12 1 10 12 1 10 12 1 10 12 1 100 1 8 1 10 5 0 10 12 1 1 100 1 1 1 1 5 0 1 1 1 1 1 1 1 1 1 1 1 1 1 1 1 100 1 1 1 1 1 1 1 1 1 1 1 1 1 1 1 1 1 1 1 1 1 1 100 1 1 1 100 1 1 1 1 1 100 1 1 1 1 1 1 1
staticfield sun/security/rsa/RSAPublicKeyImpl THREE Ljava/math/BigInteger; java/math/BigInteger
ciInstanceKlass java/security/ProviderException 1 0 35 10 100 12 1 1 1 10 12 1 10 12 1 10 12 1 100 1 1 1 1 5 0 1 1 1 1 1 1 1 1 1 1 1 1
ciInstanceKlass java/security/spec/MGF1ParameterSpec 1 1 105 10 7 12 1 1 1 100 1 8 1 10 12 1 9 7 12 1 1 1 100 1 10 8 1 10 12 1 1 8 1 10 12 1 1 8 1 10 9 12 1 1 8 1 9 12 1 8 1 9 12 1 8 1 9 12 1 8 1 9 12 1 8 1 9 12 1 8 1 9 12 1 8 1 9 12 1 8 1 9 12 1 8 1 9 12 1 8 1 9 12 1 100 1 1 1 1 1 1 100 1 1 1 1 1
staticfield java/security/spec/MGF1ParameterSpec SHA1 Ljava/security/spec/MGF1ParameterSpec; java/security/spec/MGF1ParameterSpec
staticfield java/security/spec/MGF1ParameterSpec SHA224 Ljava/security/spec/MGF1ParameterSpec; java/security/spec/MGF1ParameterSpec
staticfield java/security/spec/MGF1ParameterSpec SHA256 Ljava/security/spec/MGF1ParameterSpec; java/security/spec/MGF1ParameterSpec
staticfield java/security/spec/MGF1ParameterSpec SHA384 Ljava/security/spec/MGF1ParameterSpec; java/security/spec/MGF1ParameterSpec
staticfield java/security/spec/MGF1ParameterSpec SHA512 Ljava/security/spec/MGF1ParameterSpec; java/security/spec/MGF1ParameterSpec
staticfield java/security/spec/MGF1ParameterSpec SHA512_224 Ljava/security/spec/MGF1ParameterSpec; java/security/spec/MGF1ParameterSpec
staticfield java/security/spec/MGF1ParameterSpec SHA512_256 Ljava/security/spec/MGF1ParameterSpec; java/security/spec/MGF1ParameterSpec
staticfield java/security/spec/MGF1ParameterSpec SHA3_224 Ljava/security/spec/MGF1ParameterSpec; java/security/spec/MGF1ParameterSpec
staticfield java/security/spec/MGF1ParameterSpec SHA3_256 Ljava/security/spec/MGF1ParameterSpec; java/security/spec/MGF1ParameterSpec
staticfield java/security/spec/MGF1ParameterSpec SHA3_384 Ljava/security/spec/MGF1ParameterSpec; java/security/spec/MGF1ParameterSpec
staticfield java/security/spec/MGF1ParameterSpec SHA3_512 Ljava/security/spec/MGF1ParameterSpec; java/security/spec/MGF1ParameterSpec
ciInstanceKlass sun/security/rsa/RSAPSSSignature 1 1 597 7 1 8 1 10 7 12 1 1 1 10 12 1 1 8 1 10 12 1 1 8 1 8 1 100 1 10 12 1 1 10 12 1 1 10 12 1 1 10 12 1 1 100 1 10 12 1 8 1 10 12 1 1 10 10 7 1 9 12 1 1 9 12 1 1 9 12 1 1 9 12 1 1 9 12 1 1 7 1 10 12 1 1 10 12 1 100 1 8 1 10 10 12 1 1 100 1 10 12 1 1 10 100 12 1 1 1 9 12 1 1 8 1 7 1 10 12 1 1 10 12 1 10 12 1 10 12 1 1 10 12 1 10 12 1 100 1 10 10 12 1 1 10 12 1 1 10 7 12 1 1 100 1 100 1 10 100 12 1 1 1 11 12 1 1 10 7 12 1 1 11 12 1 10 7 12 1 1 1 8 1 11 8 1 10 12 1 10 12 1 1 11 11 8 1 11 7 12 1 1 10 12 1 1 8 1 10 7 12 1 1 1 9 12 1 1 11 7 12 1 1 1 7 1 10 12 1 10 12 1 1 8 1 8 1 100 1 8 1 10 8 1 8 1 8 1 8 1 8 1 10 12 1 100 1 8 1 10 8 1 10 12 1 1 10 7 12 1 1 1 8 1 10 12 1 8 1 10 7 12 1 1 10 12 1 10 12 1 10 12 1 1 10 12 1 100 1 10 12 1 10 10 12 1 10 12 1 10 12 1 1 10 7 12 1 1 1 100 1 8 1 10 100 1 8 1 10 12 1 8 1 8 1 10 12 1 10 12 1 100 1 8 1 11 7 1 10 10 12 1 10 12 1 8 1 9 12 1 1 10 12 1 10 100 12 1 1 10 100 12 1 1 1 10 12 1 7 1 10 10 12 1 1 100 1 10 10 10 12 1 1 10 12 1 100 1 8 1 10 10 12 1 1 8 1 10 12 1 1 10 8 1 8 1 10 7 12 1 1 10 12 1 10 7 1 9 12 1 1 10 12 1 1 11 12 1 1 9 12 1 9 12 1 9 12 1 9 12 1 9 12 1 9 12 1 9 12 1 9 12 1 9 12 1 9 12 1 11 12 1 1 1 1 3 1 1 1 1 1 1 1 1 1 1 1 1 1 1 1 1 1 1 1 1 1 1 1 1 1 100 1 1 1 1 1 1 1 1 1 1 1 100 1 1 1 1 1 1 1 1 1 1 1 1 1 1 1 1 1 1 1 1 1 1 1 1 1 1 1 1 1 1 1 1 1 100 1 1 1 1 1 100 1 1 1 1 1 1 1 1 1 1 1 1 1 1 1 100 1 1 1 1 1 1 1 1 1 1 1 100 1 1 1 1 1 1 1 1 1 1 1 1 1 1 1 1
staticfield sun/security/rsa/RSAPSSSignature EIGHT_BYTES_OF_ZEROS [B 8
staticfield sun/security/rsa/RSAPSSSignature DIGEST_LENGTHS Ljava/util/Map; java/util/ImmutableCollections$MapN
ciInstanceKlass sun/security/rsa/MGF1 1 1 87 10 7 12 1 1 1 10 7 12 1 1 1 9 7 12 1 1 1 10 12 1 1 10 12 1 1 10 12 1 10 12 1 1 100 1 100 1 10 12 1 1 10 12 1 100 1 10 8 1 10 12 1 1 10 12 1 10 1 1 1 1 1 1 1 1 100 1 1 1 1 1 1 1 1 1 1 1 1 1 1 1 1 100 1 1 1
ciMethodData java/lang/Object <init> ()V 2 2999660 orig 80 1 0 0 0 0 0 0 0 0 0 0 0 0 0 0 0 0 0 0 0 0 0 0 0 0 0 0 0 0 0 0 0 0 0 0 0 0 0 0 0 0 0 0 0 0 0 0 0 0 0 0 0 0 0 0 0 0 0 0 0 0 0 0 0 0 0 0 0 0 0 0 0 0 0 0 0 0 0 0 0 data 4 0x0 0x9 0x1 0x0 oops 0 methods 0
ciMethodData java/util/Arrays copyOfRange ([BII)[B 2 13897 orig 80 0 0 0 0 0 0 0 0 0 0 0 0 0 0 0 0 0 0 0 0 0 0 0 0 0 0 0 0 0 0 0 0 0 0 0 0 0 0 0 0 0 0 0 0 0 0 0 0 0 0 0 0 0 0 0 0 0 0 0 0 0 0 0 0 0 0 0 0 0 0 0 0 0 0 0 0 0 0 0 0 data 67 0x10007 0x23cc 0xa0 0x127d 0x70007 0x120f 0x80 0x6e 0xb0005 0x0 0x16109050a70 0x1 0x0 0x0 0xe0004 0x0 0x16109050a70 0x1 0x0 0x0 0x170007 0x35db 0x100 0x0 0x220002 0x0 0x260005 0x0 0x0 0x0 0x0 0x0 0x2c0005 0x0 0x0 0x0 0x0 0x0 0x300005 0x0 0x0 0x0 0x0 0x0 0x330005 0x0 0x0 0x0 0x0 0x0 0x360002 0x0 0x490002 0x35db 0x4c0002 0x35db 0x0 0x0 0x0 0x0 0x0 0x0 0x9 0x3 0xffffffffffffffff 0x0 0x0 oops 2 10 [B 16 [B methods 0
ciMethodData java/util/Objects requireNonNull (Ljava/lang/Object;)Ljava/lang/Object; 2 392044 orig 80 0 0 0 0 0 0 0 0 0 0 0 0 0 0 0 0 0 0 0 0 0 0 0 0 0 0 0 0 0 0 0 0 0 0 0 0 0 0 0 0 0 0 0 0 0 0 0 0 0 0 0 0 0 0 0 0 0 0 0 0 0 0 0 0 0 0 0 0 0 0 0 0 0 0 0 0 0 0 0 0 data 15 0x10007 0x5fb6d 0x30 0x0 0x80002 0x0 0x0 0x0 0x0 0x0 0x0 0x0 0x9 0x1 0x0 oops 0 methods 0
ciMethodData java/util/Objects requireNonNull (Ljava/lang/Object;Ljava/lang/String;)Ljava/lang/Object; 2 91149 orig 80 0 0 0 0 0 0 0 0 0 0 0 0 0 0 0 0 0 0 0 0 0 0 0 0 0 0 0 0 0 0 0 0 0 0 0 0 0 0 0 0 0 0 0 0 0 0 0 0 0 0 0 0 0 0 0 0 0 0 0 0 0 0 0 0 0 0 0 0 0 0 0 0 0 0 0 0 0 0 0 0 data 16 0x10007 0x1640d 0x30 0x0 0x90002 0x0 0x0 0x0 0x0 0x0 0x0 0x0 0x9 0x2 0x0 0xffffffffffffffff oops 0 methods 0
ciMethodData jdk/internal/util/Preconditions checkFromIndexSize (IIILjava/util/function/BiFunction;)I 2 151632 orig 80 0 0 0 0 0 0 0 0 0 0 0 0 0 0 0 0 0 0 0 0 0 0 0 0 0 0 0 0 0 0 0 0 0 0 0 0 0 0 0 0 0 0 0 0 0 0 0 0 0 0 0 0 0 0 0 0 0 0 0 0 0 0 0 0 0 0 0 0 0 0 0 0 0 0 0 0 0 0 0 0 data 22 0x50007 0x0 0x40 0x25050 0xc0007 0x25050 0x30 0x0 0x130002 0x0 0x0 0x0 0x0 0x0 0x0 0x0 0x9 0x4 0x0 0x0 0x0 0x0 oops 0 methods 0
ciMethod java/security/MessageDigest getInstance (Ljava/lang/String;)Ljava/security/MessageDigest; 512 0 5380 0 1584
ciMethod java/security/MessageDigest update ([BII)V 440 0 5370 0 168
ciMethod java/security/MessageDigest update ([B)V 1024 0 31741 0 144
ciMethod java/security/MessageDigest digest ()[B 512 0 15220 0 0
ciMethod java/security/MessageDigest digest ([BII)I 512 0 5376 0 -1
ciMethod java/security/MessageDigest isEqual ([B[B)Z 256 4960 1161 0 712
ciMethod java/security/MessageDigest getAlgorithm ()Ljava/lang/String; 0 0 1 0 -1
ciMethod java/security/MessageDigest getDigestLength ()I 512 0 5555 0 -1
ciMethod java/security/MessageDigestSpi engineUpdate ([BII)V 0 0 1 0 -1
ciMethod java/security/MessageDigestSpi engineDigest ()[B 0 0 1 0 -1
instanceKlass sun/security/provider/DigestBase
instanceKlass java/security/MessageDigest
ciInstanceKlass java/security/MessageDigestSpi 1 1 119 10 7 12 1 1 1 10 100 12 1 1 1 10 12 1 10 12 1 1 10 12 1 1 10 12 1 10 12 1 10 7 12 1 1 1 10 12 1 10 12 1 10 100 12 1 1 1 9 12 1 1 10 100 12 1 1 1 10 12 1 1 10 12 1 100 1 8 1 10 12 1 8 1 10 100 12 1 1 1 7 1 10 12 1 1 10 100 100 1 10 1 1 1 1 1 1 1 1 1 1 1 1 1 1 1 1 1 1 1 1 1 1 1 1 1 1 1 1
instanceKlass java/security/MessageDigest$Delegate
ciInstanceKlass java/security/MessageDigest 1 1 267 10 7 12 1 1 1 7 1 9 12 1 1 9 12 1 1 9 12 1 1 8 1 10 7 12 1 1 1 8 1 10 7 12 1 1 1 9 7 12 1 1 1 9 10 7 12 1 1 1 9 12 1 1 9 12 1 1 100 1 10 8 1 10 12 1 1 8 1 10 100 12 1 1 1 10 12 1 10 7 12 1 1 1 10 7 12 1 1 1 100 1 8 1 10 12 10 12 1 10 100 12 1 1 1 10 12 1 1 8 1 8 1 10 12 1 100 1 10 10 12 1 10 12 1 1 8 1 8 1 10 12 1 10 12 1 1 10 12 1 8 1 100 1 10 100 1 10 12 1 8 1 10 12 1 8 1 10 12 1 8 1 8 1 10 12 10 10 12 1 10 12 1 1 10 12 1 1 100 1 100 1 10 10 8 8 1 10 12 1 8 1 10 12 1 1 8 1 1 1 3 1 3 1 1 1 1 1 1 1 1 1 1 1 1 1 1 100 1 1 100 1 1 1 1 100 1 1 1 1 1 1 1 1 1 1 1 100 1 1 1 1 1 1 1 1 1 1 1 1 1 1 1 1 1 1 1 1 1 1 1 100 1 1 1 1 1
staticfield java/security/MessageDigest pdebug Lsun/security/util/Debug; 
staticfield java/security/MessageDigest skipDebug Z 0
ciMethod sun/security/jca/GetInstance getInstance (Ljava/lang/String;Ljava/lang/Class;Ljava/lang/String;)Lsun/security/jca/GetInstance$Instance; 954 0 5617 2 -1
ciMethod java/security/Provider getName ()Ljava/lang/String; 262 0 131 0 -1
instanceKlass com/sun/security/sasl/Provider
instanceKlass sun/security/provider/certpath/ldap/JdkLDAP
instanceKlass sun/security/jgss/SunProvider
instanceKlass java/security/AuthProvider
instanceKlass com/sun/security/sasl/gsskerb/JdkSASL
instanceKlass org/jcp/xml/dsig/internal/dom/XMLDSigRI
instanceKlass sun/security/mscapi/SunMSCAPI
instanceKlass sun/security/smartcardio/SunPCSC
instanceKlass com/sun/crypto/provider/SunJCE
instanceKlass sun/security/ssl/SunJSSE
instanceKlass sun/security/ec/SunEC
instanceKlass sun/security/rsa/SunRsaSign
instanceKlass com/mysql/cj/sasl/ScramShaSaslProvider
instanceKlass sun/security/provider/Sun
instanceKlass sun/security/jca/ProviderList$1
ciInstanceKlass java/security/Provider 1 1 882 10 7 12 1 1 1 10 12 1 10 12 1 1 10 7 12 1 1 1 100 1 100 1 10 7 12 1 1 1 9 7 12 1 1 1 9 12 1 1 9 12 1 1 9 12 1 1 10 12 1 1 9 12 1 9 12 1 7 1 10 9 12 1 1 9 12 1 7 1 10 12 1 9 12 1 10 12 1 9 12 1 1 10 12 1 100 1 8 1 10 12 1 7 1 10 10 12 1 1 8 1 10 12 1 10 12 1 9 12 1 1 8 1 8 1 10 7 12 1 1 10 12 1 8 1 10 12 1 1 10 12 1 1 8 1 10 100 12 1 1 1 11 7 12 1 1 10 100 1 8 1 10 10 12 1 10 12 1 1 10 12 1 1 10 12 1 1 8 1 8 1 10 12 1 8 1 8 1 10 12 1 1 10 12 1 8 1 10 12 1 1 10 12 1 8 1 10 12 1 1 10 12 8 1 10 12 1 1 8 1 10 12 1 1 8 1 10 12 1 1 8 1 10 12 1 8 1 10 12 1 1 10 12 1 10 12 1 10 12 1 1 10 12 1 1 10 12 1 10 12 1 1 100 1 10 8 1 10 12 1 1 10 12 1 8 1 8 1 8 1 10 7 12 1 1 1 10 7 12 1 1 7 1 10 11 7 12 1 1 1 11 7 12 1 1 1 11 12 1 1 7 1 11 12 1 11 12 1 11 9 12 1 1 10 100 12 1 1 10 12 1 8 1 10 12 1 1 10 12 1 1 10 12 1 9 100 12 1 1 1 10 12 1 1 10 12 10 12 1 9 12 1 10 12 10 12 1 11 12 1 9 12 1 10 12 1 10 12 1 10 12 1 10 12 1 10 12 1 9 12 1 9 12 1 11 10 8 1 10 12 1 9 7 12 1 1 1 10 12 1 1 8 1 9 12 1 10 12 1 1 8 1 10 100 12 1 1 1 10 12 1 10 12 1 7 1 10 12 1 11 7 1 10 12 1 1 10 12 1 10 12 1 10 12 1 11 100 1 10 8 1 9 12 1 10 12 1 11 10 12 1 1 11 7 1 10 12 1 8 1 8 1 10 12 1 1 10 12 1 9 12 1 1 10 7 12 1 10 12 1 1 10 12 1 1 10 12 1 10 7 12 1 1 10 10 9 12 1 9 12 1 9 12 1 10 12 1 10 11 12 1 11 11 12 1 1 18 12 1 1 11 12 1 8 1 10 10 12 1 1 100 1 8 1 10 10 12 1 10 12 1 10 12 1 1 10 12 1 8 1 10 12 1 11 12 1 11 12 8 1 8 1 8 1 11 10 12 1 1 8 1 10 12 1 8 1 9 12 1 8 1 10 12 1 7 1 10 12 1 9 12 1 9 8 1 8 8 1 10 12 1 1 9 12 1 1 10 12 1 18 12 1 10 12 1 1 8 1 10 12 1 8 1 8 1 8 1 8 1 8 1 7 1 8 1 8 1 8 1 8 1 8 1 7 1 8 1 8 1 8 1 8 1 8 1 8 1 8 1 8 1 7 1 8 1 8 1 8 1 8 1 8 1 8 1 7 1 8 1 8 1 7 1 8 1 8 1 8 1 8 1 1 1 1 5 0 1 1 1 1 1 1 1 1 1 1 1 1 1 1 1 1 1 1 1 1 1 1 1 1 1 1 1 1 1 1 1 1 1 1 1 1 1 1 1 100 1 1 1 1 1 1 1 1 1 1 1 1 1 1 1 1 1 1 1 1 1 1 1 1 1 1 1 1 1 1 1 1 1 1 1 1 1 1 1 100 1 1 1 1 1 1 1 100 1 1 1 1 1 1 1 1 1 1 1 1 1 1 1 1 1 1 100 1 1 1 1 100 1 1 1 1 1 1 1 1 1 1 1 1 1 1 1 1 1 1 1 1 1 1 1 1 1 100 1 1 16 15 10 12 16 1 16 15 10 12 16 15 10 7 12 1 1 1 1 1 1 1 1 1 100 1 1 100 1 1 100 1 100 1 1
staticfield java/security/Provider debug Lsun/security/util/Debug; 
staticfield java/security/Provider EMPTY [Ljava/lang/Object; 0 [Ljava/lang/Object;
staticfield java/security/Provider ALIAS_LENGTH I 10
staticfield java/security/Provider previousKey Ljava/lang/ThreadLocal; java/lang/ThreadLocal$SuppliedThreadLocal
staticfield java/security/Provider knownEngines Ljava/util/Map; java/util/HashMap
ciMethod sun/security/provider/DigestBase engineUpdate ([BII)V 516 0 5566 0 1728
ciMethod sun/security/provider/DigestBase implCompressMultiBlock ([BII)I 414 0 2452 0 0
ciMethod sun/security/provider/DigestBase implCompressMultiBlock0 ([BII)I 204 12324 1298 0 384
ciMethod sun/security/provider/DigestBase implCompressMultiBlockCheck ([BII)V 414 0 2452 0 0
ciMethod sun/security/provider/DigestBase engineReset ()V 74 0 1368 0 0
ciMethod sun/security/provider/DigestBase engineDigest ()[B 512 0 5379 0 416
ciMethod sun/security/provider/DigestBase engineDigest ([BII)I 526 0 5403 0 2712
ciMethod sun/security/provider/DigestBase implCompress ([BI)V 0 0 1 0 -1
ciMethod sun/security/provider/DigestBase implDigest ([BI)V 0 0 1 0 -1
ciMethod sun/security/provider/DigestBase implReset ()V 0 0 1 0 -1
instanceKlass sun/security/provider/SHA5
instanceKlass sun/security/provider/SHA
instanceKlass sun/security/provider/SHA2
instanceKlass sun/security/provider/MD5
ciInstanceKlass sun/security/provider/DigestBase 1 1 184 10 7 12 1 1 1 9 7 12 1 1 1 9 12 1 1 9 12 1 9 12 1 1 9 12 1 10 12 1 1 9 7 12 1 1 1 10 12 1 1 9 12 1 1 10 12 1 9 12 1 10 7 12 1 1 1 10 7 12 1 1 1 10 12 1 1 10 12 1 1 10 12 1 10 12 1 10 7 12 1 1 1 10 12 1 1 100 1 10 12 1 10 12 1 10 7 12 1 1 1 10 12 1 100 1 100 1 8 1 10 12 1 100 1 10 8 1 10 12 1 1 10 12 1 8 1 8 1 10 12 1 1 10 12 1 8 1 10 12 1 5 0 10 12 1 1 10 7 9 12 1 100 1 1 1 1 1 1 1 1 1 1 1 1 1 1 1 1 1 1 1 1 1 1 1 1 1 1 100 1 1 1 1
staticfield sun/security/provider/DigestBase padding [B 136
ciInstanceKlass sun/security/util/MessageDigestSpi2 1 0 12 100 1 100 1 1 1 1 100 1 1 1
ciMethod java/security/MessageDigest$Delegate of (Ljava/security/MessageDigestSpi;Ljava/lang/String;Ljava/security/Provider;)Ljava/security/MessageDigest$Delegate; 516 0 5401 0 -1
ciMethod java/security/MessageDigest$Delegate engineUpdate ([BII)V 512 0 37111 0 0
ciMethod java/security/MessageDigest$Delegate engineDigest ()[B 512 0 15220 0 0
ciMethodData sun/security/provider/DigestBase implCompressMultiBlock0 ([BII)I 2 1196 orig 80 2 0 0 0 0 0 0 0 0 0 0 0 0 0 0 0 0 0 0 0 0 0 0 0 0 0 0 0 0 0 0 0 0 0 0 0 0 0 0 0 0 0 0 0 0 0 0 0 0 0 0 0 0 0 0 0 0 0 0 0 0 0 0 0 0 0 0 0 0 0 0 0 0 0 0 0 0 0 0 0 data 25 0x20007 0x4ac 0x68 0xfb1a 0x80005 0x501 0x1611ec54720 0xf4d8 0x1611ec590f0 0x141 0x120003 0xfb1a 0xffffffffffffffb0 0x0 0x0 0x0 0x0 0x0 0x0 0x9 0x4 0x0 0x0 0x0 0x0 oops 2 6 sun/security/provider/MD5 8 sun/security/provider/SHA methods 0
ciMethodData java/security/MessageDigest update ([BII)V 2 5150 orig 80 0 0 0 0 0 0 0 0 0 0 0 0 0 0 0 0 0 0 0 0 0 0 0 0 0 0 0 0 0 0 0 0 0 0 0 0 0 0 0 0 0 0 0 0 0 0 0 0 0 0 0 0 0 0 0 0 0 0 0 0 0 0 0 0 0 0 0 0 0 0 0 0 0 0 0 0 0 0 0 0 data 30 0x10007 0x141e 0x30 0x0 0xa0002 0x0 0x130007 0x141e 0x30 0x0 0x1c0002 0x0 0x240005 0x0 0x161f8c51e28 0x141e 0x0 0x0 0x0 0x0 0x0 0x0 0x0 0x0 0x9 0x4 0x0 0x0 0x0 0x0 oops 1 14 java/security/MessageDigest$Delegate$CloneableDelegate methods 0
ciMethodData sun/security/provider/DigestBase engineUpdate ([BII)V 2 5308 orig 80 0 0 0 0 0 0 0 0 0 0 0 0 0 0 0 0 0 0 0 0 0 0 0 0 0 0 0 0 0 0 0 0 0 0 0 0 0 0 0 0 0 0 0 0 0 0 0 0 0 0 0 0 0 0 0 0 0 0 0 0 0 0 0 0 0 0 0 0 0 0 0 0 0 0 0 0 0 0 0 0 data 68 0x10007 0x140f 0x20 0xad 0xc0002 0x140f 0x160007 0x11f8 0x50 0x217 0x1a0005 0x0 0x1611fbd5be0 0x217 0x0 0x0 0x2c0007 0x9a8 0x90 0xa67 0x390002 0xa67 0x4a0002 0xa67 0x6a0007 0x709 0x50 0x35e 0x730005 0xa9 0x1611ec54720 0x22b 0x1611ec590f0 0x8a 0x800007 0xb4a 0x50 0x8c5 0x920005 0x8c5 0x0 0x0 0x0 0x0 0x9c0007 0xd31 0x30 0x6de 0xa70002 0x6de 0x0 0x0 0x0 0x0 0x0 0x0 0x0 0x0 0x0 0x0 0x0 0x0 0x9 0x4 0x0 0x0 0x0 0x0 oops 3 12 sun/security/provider/SHA2$SHA256 30 sun/security/provider/MD5 32 sun/security/provider/SHA methods 0
ciMethodData sun/security/provider/DigestBase engineReset ()V 2 1331 orig 80 0 0 0 0 0 0 0 0 0 0 0 0 0 0 0 0 0 0 0 0 0 0 0 0 0 0 0 0 0 0 0 0 0 0 0 0 0 0 0 0 0 0 0 0 0 0 0 0 0 0 0 0 0 0 0 0 0 0 0 0 0 0 0 0 0 0 0 0 0 0 0 0 0 0 0 0 0 0 0 0 data 21 0x60007 0x4f0 0x20 0x43 0xb0005 0x0 0x1611fbd5be0 0x4f0 0x0 0x0 0x1d0002 0x4f0 0x0 0x0 0x0 0x0 0x0 0x0 0x9 0x1 0x0 oops 1 6 sun/security/provider/SHA2$SHA256 methods 0
ciMethodData java/util/Arrays fill ([BB)V 2 675 orig 80 0 0 0 0 0 0 0 0 0 0 0 0 0 0 0 0 0 0 0 0 0 0 0 0 0 0 0 0 0 0 0 0 0 0 0 0 0 0 0 0 0 0 0 0 0 0 0 0 0 0 0 0 0 0 0 0 0 0 0 0 0 0 0 0 0 0 0 0 0 0 0 0 0 0 0 0 0 0 0 0 data 15 0x70007 0x2a3 0x38 0x80e9 0x110003 0x80e9 0xffffffffffffffe0 0x0 0x0 0x0 0x0 0x9 0x2 0xffffffffffffffff 0x0 oops 0 methods 0
ciMethodData sun/security/provider/DigestBase implCompressMultiBlock ([BII)I 2 2245 orig 80 0 0 0 0 0 0 0 0 0 0 0 0 0 0 0 0 0 0 0 0 0 0 0 0 0 0 0 0 0 0 0 0 0 0 0 0 0 0 0 0 0 0 0 0 0 0 0 0 0 0 0 0 0 0 0 0 0 0 0 0 0 0 0 0 0 0 0 0 0 0 0 0 0 0 0 0 0 0 0 0 data 24 0x40005 0x8c5 0x0 0x0 0x0 0x0 0xb0005 0x8c5 0x0 0x0 0x0 0x0 0x0 0x0 0x0 0x0 0x0 0x0 0x9 0x4 0x0 0x0 0x0 0x0 oops 0 methods 0
ciMethodData sun/security/provider/DigestBase implCompressMultiBlockCheck ([BII)V 2 2245 orig 80 0 0 0 0 0 0 0 0 0 0 0 0 0 0 0 0 0 0 0 0 0 0 0 0 0 0 0 0 0 0 0 0 0 0 0 0 0 0 0 0 0 0 0 0 0 0 0 0 0 0 0 0 0 0 0 0 0 0 0 0 0 0 0 0 0 0 0 0 0 0 0 0 0 0 0 0 0 0 0 0 data 26 0x10007 0x8c5 0x20 0x0 0x60002 0x8c5 0x100002 0x8c5 0x2c0007 0x8c5 0x30 0x0 0x350002 0x0 0x0 0x0 0x0 0x0 0x0 0x0 0x9 0x4 0x0 0x0 0x0 0x0 oops 0 methods 0
ciMethodData java/security/MessageDigest$Delegate engineUpdate ([BII)V 2 36855 orig 80 0 0 0 0 0 0 0 0 0 0 0 0 0 0 0 0 0 0 0 0 0 0 0 0 0 0 0 0 0 0 0 0 0 0 0 0 0 0 0 0 0 0 0 0 0 0 0 0 0 0 0 0 0 0 0 0 0 0 0 0 0 0 0 0 0 0 0 0 0 0 0 0 0 0 0 0 0 0 0 0 data 18 0x70005 0x203 0x1611ec54720 0x63f 0x1611fbd5be0 0x87b5 0x0 0x0 0x0 0x0 0x0 0x0 0x9 0x4 0x0 0xffffffffffffffff 0x0 0x0 oops 2 2 sun/security/provider/MD5 4 sun/security/provider/SHA2$SHA256 methods 0
ciMethodData java/util/Arrays fill ([II)V 2 748 orig 80 0 0 0 0 0 0 0 0 0 0 0 0 0 0 0 0 0 0 0 0 0 0 0 0 0 0 0 0 0 0 0 0 0 0 0 0 0 0 0 0 0 0 0 0 0 0 0 0 0 0 0 0 0 0 0 0 0 0 0 0 0 0 0 0 0 0 0 0 0 0 0 0 0 0 0 0 0 0 0 0 data 15 0x70007 0x2ec 0x38 0xc1bc 0x110003 0xc1bc 0xffffffffffffffe0 0x0 0x0 0x0 0x0 0x9 0x2 0x0 0x0 oops 0 methods 0
ciMethod sun/security/provider/SHA2 implReset ()V 516 0 5379 0 432
ciMethod sun/security/provider/SHA2 resetHashes ()V 540 0 6434 0 200
ciMethod sun/security/provider/SHA2 implCompress ([BI)V 634 0 10037 0 224
ciMethod sun/security/provider/SHA2 implCompressCheck ([BI)V 612 0 10037 0 0
ciMethod sun/security/provider/SHA2 implCompress0 ([BI)V 206 23026 806 0 -1
instanceKlass sun/security/provider/SHA2$SHA224
instanceKlass sun/security/provider/SHA2$SHA256
ciInstanceKlass sun/security/provider/SHA2 1 1 243 7 1 10 7 12 1 1 1 9 12 1 1 9 12 1 10 12 1 1 9 12 1 10 7 12 1 1 1 10 7 12 1 1 1 9 12 1 1 9 12 1 1 10 12 1 1 9 12 1 10 7 12 1 1 1 10 12 1 1 10 12 1 1 10 12 1 1 10 12 1 10 12 1 10 12 1 10 7 12 1 1 1 9 7 12 1 1 1 10 12 1 1 10 12 1 1 10 7 12 1 1 1 9 12 1 10 12 1 1 10 7 3 3 3 3 3 3 3 3 3 3 3 3 3 3 3 3 3 3 3 3 3 3 3 3 3 3 3 3 3 3 3 3 3 3 3 3 3 3 3 3 3 3 3 3 3 3 3 3 3 3 3 3 3 3 3 3 3 3 3 3 3 3 3 3 1 1 1 3 1 1 1 1 1 1 1 1 1 1 1 1 1 1 1 1 1 1 1 1 1 1 1 1 1 1 1 1 1 1 1 1 1 1 1 1 1 1 1 1 1 1 1 1 1 100 1 1 1 1 100 1 1 1 1 1 100 1 100 1 1 1 1
staticfield sun/security/provider/SHA2 ROUND_CONSTS [I 64
ciMethodData java/security/MessageDigest update ([B)V 2 31229 orig 80 0 0 0 0 0 0 0 0 0 0 0 0 0 0 0 0 0 0 0 0 0 0 0 0 0 0 0 0 0 0 0 0 0 0 0 0 0 0 0 0 0 0 0 0 0 0 0 0 0 0 0 0 0 0 0 0 0 0 0 0 0 0 0 0 0 0 0 0 0 0 0 0 0 0 0 0 0 0 0 0 data 16 0x50005 0x0 0x161f8c51e28 0x79fe 0x0 0x0 0x0 0x0 0x0 0x0 0x0 0x0 0x9 0x2 0x0 0x0 oops 1 2 java/security/MessageDigest$Delegate$CloneableDelegate methods 0
ciInstanceKlass java/security/spec/AlgorithmParameterSpec 1 0 7 100 1 100 1 1 1
ciMethod java/security/spec/PSSParameterSpec getMGFParameters ()Ljava/security/spec/AlgorithmParameterSpec; 212 0 106 0 0
ciMethod java/security/spec/PSSParameterSpec getSaltLength ()I 256 0 128 0 0
ciMethod java/security/interfaces/RSAKey getModulus ()Ljava/math/BigInteger; 0 0 1 0 -1
ciInstanceKlass java/security/interfaces/RSAKey 1 1 16 100 1 100 1 1 1 1 1 1 1 1 1 1 1 1
ciInstanceKlass java/security/interfaces/RSAPublicKey 1 1 48 100 1 100 1 100 1 100 1 1 1 1 5 0 1 1 1 1 1 1 1 1 1 1 1 1 1 1 1 100 1 8 1 1 12 10 1 1 1 8 1 1 1 8 1 1 8 1
instanceKlass sun/security/rsa/RSASignature
instanceKlass sun/security/provider/DSA
instanceKlass sun/security/rsa/RSAPSSSignature
instanceKlass sun/security/ec/ed/EdDSASignature
instanceKlass sun/security/ec/ECDSASignature
instanceKlass java/security/Signature
ciInstanceKlass java/security/SignatureSpi 1 1 178 10 7 12 1 1 1 9 7 12 1 1 1 10 12 1 1 100 1 100 1 10 12 1 10 12 1 1 10 12 1 1 10 12 1 10 100 12 1 1 1 10 12 1 10 12 1 1 10 12 1 1 10 12 1 10 12 1 10 12 1 1 10 12 1 10 12 1 10 100 12 1 1 1 10 100 12 1 1 1 10 12 1 1 100 1 100 1 8 1 10 12 1 10 12 1 8 1 10 12 1 8 1 10 100 12 1 1 1 10 12 1 1 10 100 1 10 12 1 1 100 1 10 1 1 1 1 1 1 100 1 1 1 1 1 1 1 1 1 1 1 1 1 1 1 1 1 1 1 1 1 1 1 1 1 1 1 100 1 1 1 1 1 1 1 1 1 100 1 1 1 1 1 1 1 1 1 1
ciMethodData sun/security/provider/SHA2 implCompressCheck ([BI)V 2 9731 orig 80 0 0 0 0 0 0 0 0 0 0 0 0 0 0 0 0 0 0 0 0 0 0 0 0 0 0 0 0 0 0 0 0 0 0 0 0 0 0 0 0 0 0 0 0 0 0 0 0 0 0 0 0 0 0 0 0 0 0 0 0 0 0 0 0 0 0 0 0 0 0 0 0 0 0 0 0 0 0 0 0 data 15 0x10002 0x2603 0xd0002 0x2603 0x0 0x0 0x0 0x0 0x0 0x0 0x9 0x3 0x0 0x0 0x0 oops 0 methods 0
ciMethodData sun/security/provider/SHA2 implCompress ([BI)V 2 9720 orig 80 0 0 0 0 0 0 0 0 0 0 0 0 0 0 0 0 0 0 0 0 0 0 0 0 0 0 0 0 0 0 0 0 0 0 0 0 0 0 0 0 0 0 0 0 0 0 0 0 0 0 0 0 0 0 0 0 0 0 0 0 0 0 0 0 0 0 0 0 0 0 0 0 0 0 0 0 0 0 0 0 data 23 0x30005 0x25f8 0x0 0x0 0x0 0x0 0x90005 0x25f8 0x0 0x0 0x0 0x0 0x0 0x0 0x0 0x0 0x0 0x0 0x9 0x3 0x0 0x0 0x0 oops 0 methods 0
ciMethod sun/security/rsa/MGF1 <init> (Ljava/lang/String;)V 206 0 362 0 0
ciMethod sun/security/rsa/MGF1 generateAndXor ([BIII[BI)V 206 47380 317 0 7440
ciMethod java/security/spec/MGF1ParameterSpec getDigestAlgorithm ()Ljava/lang/String; 206 0 103 0 0
ciMethod sun/security/rsa/RSAPSSSignature getKeyLengthInBits (Ljava/security/interfaces/RSAKey;)I 412 0 724 0 0
ciMethod sun/security/rsa/RSAPSSSignature decodeSignature ([B[B)Z 206 39140 362 0 -1
ciMethodData java/math/BigInteger bitLength ()I 2 5126 orig 80 0 0 0 0 0 0 0 0 0 0 0 0 0 0 0 0 0 0 0 0 0 0 0 0 0 0 0 0 0 0 0 0 0 0 0 0 0 0 0 0 0 0 0 0 0 0 0 0 0 0 0 0 0 0 0 0 0 0 0 0 0 0 0 0 0 0 0 0 0 0 0 0 0 0 0 0 0 0 0 0 data 63 0x90007 0x11b9 0x1b0 0x24d 0x150007 0x24d 0x38 0x0 0x1a0003 0x0 0x170 0x280002 0x24d 0x320007 0x24d 0x148 0x0 0x3b0002 0x0 0x3f0007 0x0 0x38 0x0 0x430003 0x0 0x18 0x4f0007 0x0 0x90 0x0 0x540007 0x0 0x70 0x0 0x5e0007 0x0 0x38 0x0 0x620003 0x0 0x18 0x6b0003 0x0 0xffffffffffffff88 0x700007 0x0 0x38 0x0 0x770003 0x0 0x18 0x7d0003 0x0 0x18 0x0 0x0 0x0 0x0 0x0 0x0 0x9 0x1 0xc oops 0 methods 0
ciMethodData sun/security/provider/DigestBase engineDigest ([BII)I 2 5140 orig 80 0 0 0 0 0 0 0 0 0 0 0 0 0 0 0 0 0 0 0 0 0 0 0 0 0 0 0 0 0 0 0 0 0 0 0 0 0 0 0 0 0 0 0 0 0 0 0 0 0 0 0 0 0 0 0 0 0 0 0 0 0 0 0 0 0 0 0 0 0 0 0 0 0 0 0 0 0 0 0 0 data 87 0x50007 0x1414 0x160 0x0 0x100002 0x0 0x150005 0x0 0x0 0x0 0x0 0x0 0x1c0005 0x0 0x0 0x0 0x0 0x0 0x210005 0x0 0x0 0x0 0x0 0x0 0x280005 0x0 0x0 0x0 0x0 0x0 0x2d0005 0x0 0x0 0x0 0x0 0x0 0x300005 0x0 0x0 0x0 0x0 0x0 0x330002 0x0 0x380007 0x0 0x60 0x1414 0x3c0007 0x0 0x40 0x1414 0x440007 0x1414 0x30 0x0 0x4d0002 0x0 0x570007 0x1414 0x50 0x0 0x5b0005 0x0 0x0 0x0 0x0 0x0 0x610005 0x0 0x1611fbd5be0 0x1414 0x0 0x0 0x0 0x0 0x0 0x0 0x0 0x0 0x0 0x9 0x4 0xffffffffffffffff 0xffffffffffffffff 0x0 0x0 oops 1 70 sun/security/provider/SHA2$SHA256 methods 0
ciMethodData sun/security/provider/SHA2 resetHashes ()V 2 6164 orig 80 0 0 0 0 0 0 0 0 0 0 0 0 0 0 0 0 0 0 0 0 0 0 0 0 0 0 0 0 0 0 0 0 0 0 0 0 0 0 0 0 0 0 0 0 0 0 0 0 0 0 0 0 0 0 0 0 0 0 0 0 0 0 0 0 0 0 0 0 0 0 0 0 0 0 0 0 0 0 0 0 data 11 0xf0002 0x1814 0x0 0x0 0x0 0x0 0x0 0x0 0x9 0x1 0x0 oops 0 methods 0
ciMethodData java/security/MessageDigest digest ()[B 2 14964 orig 80 0 0 0 0 0 0 0 0 0 0 0 0 0 0 0 0 0 0 0 0 0 0 0 0 0 0 0 0 0 0 0 0 0 0 0 0 0 0 0 0 0 0 0 0 0 0 0 0 0 0 0 0 0 0 0 0 0 0 0 0 0 0 0 0 0 0 0 0 0 0 0 0 0 0 0 0 0 0 0 0 data 15 0x10005 0x0 0x161f8c51e28 0x3a74 0x0 0x0 0x0 0x0 0x0 0x0 0x0 0x0 0x9 0x1 0x0 oops 1 2 java/security/MessageDigest$Delegate$CloneableDelegate methods 0
ciMethodData java/security/MessageDigest$Delegate engineDigest ()[B 2 14964 orig 80 0 0 0 0 0 0 0 0 0 0 0 0 0 0 0 0 0 0 0 0 0 0 0 0 0 0 0 0 0 0 0 0 0 0 0 0 0 0 0 0 0 0 0 0 0 0 0 0 0 0 0 0 0 0 0 0 0 0 0 0 0 0 0 0 0 0 0 0 0 0 0 0 0 0 0 0 0 0 0 0 data 15 0x40005 0x0 0x1611fbd5be0 0x3a74 0x0 0x0 0x0 0x0 0x0 0x0 0x0 0x0 0x9 0x1 0x0 oops 1 2 sun/security/provider/SHA2$SHA256 methods 0
ciMethodData sun/security/provider/DigestBase engineDigest ()[B 2 5123 orig 80 0 0 0 0 0 0 0 0 0 0 0 0 0 0 0 0 0 0 0 0 0 0 0 0 0 0 0 0 0 0 0 0 0 0 0 0 0 0 0 0 0 0 0 0 0 0 0 0 0 0 0 0 0 0 0 0 0 0 0 0 0 0 0 0 0 0 0 0 0 0 0 0 0 0 0 0 0 0 0 0 data 21 0xc0005 0x0 0x1611fbd5be0 0x1403 0x0 0x0 0x100003 0x1403 0x28 0x1b0002 0x0 0x0 0x0 0x0 0x0 0x0 0x0 0x9 0x1 0x0 0x130001 oops 1 2 sun/security/provider/SHA2$SHA256 methods 0
ciMethodData sun/security/provider/SHA2 implReset ()V 2 5121 orig 80 0 0 0 0 0 0 0 0 0 0 0 0 0 0 0 0 0 0 0 0 0 0 0 0 0 0 0 0 0 0 0 0 0 0 0 0 0 0 0 0 0 0 0 0 0 0 0 0 0 0 0 0 0 0 0 0 0 0 0 0 0 0 0 0 0 0 0 0 0 0 0 0 0 0 0 0 0 0 0 0 data 21 0x10005 0x1401 0x0 0x0 0x0 0x0 0x80007 0x661 0x30 0xda0 0x100002 0xda0 0x0 0x0 0x0 0x0 0x0 0x0 0x9 0x1 0x0 oops 0 methods 0
ciMethodData java/security/MessageDigest isEqual ([B[B)Z 2 1033 orig 80 0 0 0 0 0 0 0 0 0 0 0 0 0 0 0 0 0 0 0 0 0 0 0 0 0 0 0 0 0 0 0 0 0 0 0 0 0 0 0 0 0 0 0 0 0 0 0 0 0 0 0 0 0 0 0 0 0 0 0 0 0 0 0 0 0 0 0 0 0 0 0 0 0 0 0 0 0 0 0 0 data 47 0x20007 0x409 0x20 0x0 0x80007 0x0 0x40 0x409 0xc0007 0x381 0x20 0x88 0x180007 0x33d 0x58 0x44 0x1c0007 0x44 0x38 0x0 0x200003 0x0 0x18 0x360007 0x33d 0x38 0x3e04 0x560003 0x3e04 0xffffffffffffffe0 0x5b0007 0x12b 0x38 0x212 0x5f0003 0x212 0x18 0x0 0x0 0x0 0x0 0x0 0x0 0x9 0x2 0x0 0x0 oops 0 methods 0
ciMethodData java/security/MessageDigest getInstance (Ljava/lang/String;)Ljava/security/MessageDigest; 2 5124 orig 80 0 0 0 0 0 0 0 0 0 0 0 0 0 0 0 0 0 0 0 0 0 0 0 0 0 0 0 0 0 0 0 0 0 0 0 0 0 0 0 0 0 0 0 0 0 0 0 0 0 0 0 0 0 0 0 0 0 0 0 0 0 0 0 0 0 0 0 0 0 0 0 0 0 0 0 0 0 0 0 0 data 92 0x30002 0x1404 0xc0002 0x1404 0x180004 0x0 0x1611fbd5be0 0x1404 0x0 0x0 0x1b0007 0x1404 0x68 0x0 0x200004 0x0 0x0 0x0 0x0 0x0 0x2e0003 0x0 0x58 0x350004 0x0 0x1611fbd5be0 0x1404 0x0 0x0 0x3d0002 0x1404 0x440007 0x0 0x1a0 0x1404 0x4a0007 0x1404 0x180 0x0 0x540002 0x0 0x590005 0x0 0x0 0x0 0x0 0x0 0x5d0005 0x0 0x0 0x0 0x0 0x0 0x620005 0x0 0x0 0x0 0x0 0x0 0x690005 0x0 0x0 0x0 0x0 0x0 0x6c0005 0x0 0x0 0x0 0x0 0x0 0x6f0005 0x0 0x0 0x0 0x0 0x0 0x720005 0x0 0x0 0x0 0x0 0x0 0x0 0x0 0x0 0x0 0x0 0x0 0x9 0x1 0x0 oops 2 6 sun/security/provider/SHA2$SHA256 25 sun/security/provider/SHA2$SHA256 methods 0
ciMethodData sun/security/rsa/MGF1 generateAndXor ([BIII[BI)V 2 214 orig 80 0 0 0 0 0 0 0 0 0 0 0 0 0 0 0 0 0 0 0 0 0 0 0 0 0 0 0 0 0 0 0 0 0 0 0 0 0 0 0 0 0 0 0 0 0 0 0 0 0 0 0 0 0 0 0 0 0 0 0 0 0 0 0 0 0 0 0 0 0 0 0 0 0 0 0 0 0 0 0 0 data 84 0x90005 0x0 0x161f8c51e28 0xd6 0x0 0x0 0x120007 0xd6 0x1f0 0x5da 0x1c0005 0x0 0x161f8c51e28 0x5da 0x0 0x0 0x250005 0x0 0x161f8c51e28 0x5da 0x0 0x0 0x320005 0x0 0x161f8c51e28 0x5da 0x0 0x0 0x360003 0x5da 0x58 0x410005 0x0 0x0 0x0 0x0 0x0 0x440002 0x0 0x500007 0x504 0x58 0xbb40 0x550007 0xd6 0x38 0xba6a 0x6f0003 0xba6a 0xffffffffffffffc0 0x740007 0xd6 0xfffffffffffffea0 0x504 0x890007 0x504 0x58 0x0 0x8e0007 0x0 0x38 0x0 0x940003 0x0 0xffffffffffffffc0 0x970003 0x504 0xfffffffffffffe28 0x0 0x0 0x0 0x0 0x0 0x0 0x9 0x7 0x0 0x0 0x0 0x0 0x0 0x0 0x0 0x390001 oops 4 2 java/security/MessageDigest$Delegate$CloneableDelegate 12 java/security/MessageDigest$Delegate$CloneableDelegate 18 java/security/MessageDigest$Delegate$CloneableDelegate 24 java/security/MessageDigest$Delegate$CloneableDelegate methods 0
ciMethodData sun/security/rsa/RSAPSSSignature decodeSignature ([B[B)Z 2 259 orig 80 0 0 0 0 0 0 0 0 0 0 0 0 0 0 0 0 0 0 0 0 0 0 0 0 0 0 0 0 0 0 0 0 0 0 0 0 0 0 0 0 0 0 0 0 0 0 0 0 0 0 0 0 0 0 0 0 0 0 0 0 0 0 0 0 0 0 0 0 0 0 0 0 0 0 0 0 0 0 0 0 data 151 0x70005 0x0 0x161f8c51c18 0x103 0x0 0x0 0x100002 0x103 0x2a0007 0x103 0x40 0x0 0x300007 0x0 0x20 0x0 0x3d0007 0x103 0x20 0x0 0x4d0007 0x103 0x20 0x0 0x5d0007 0x0 0x40 0x103 0x730007 0x103 0x20 0x0 0x7c0005 0x0 0x161f8c51c18 0x103 0x0 0x0 0x830007 0x0 0x98 0x103 0x880004 0x0 0x161f8c51cc8 0x103 0x0 0x0 0x8b0005 0x0 0x161f8c51cc8 0x103 0x0 0x0 0x900003 0x103 0x48 0x970005 0x0 0x0 0x0 0x0 0x0 0xaa0002 0x103 0xbd0005 0x0 0x161f8c51d78 0x103 0x0 0x0 0xc00003 0x103 0x58 0xcb0005 0x0 0x0 0x0 0x0 0x0 0xce0002 0x0 0xd40007 0x0 0x20 0x103 0xfc0007 0x102 0x58 0xc000 0x1030007 0xc000 0x20 0x0 0x10b0003 0xbfff 0xffffffffffffffc0 0x1130007 0x102 0x20 0x0 0x11f0005 0x0 0x161f8c51e28 0x102 0x0 0x0 0x12c0005 0x0 0x161f8c51e28 0x102 0x0 0x0 0x1310007 0x0 0x50 0x102 0x1430005 0x0 0x161f8c51e28 0x102 0x0 0x0 0x14a0005 0x0 0x161f8c51e28 0x102 0x0 0x0 0x1610002 0x102 0x16a0002 0x102 0x0 0x0 0x0 0x0 0x0 0x0 0x0 0x0 0x0 0x0 0x0 0x0 0x9 0x3 0x0 0x0 0x0 0xc30001 oops 9 2 java/security/spec/PSSParameterSpec 34 java/security/spec/PSSParameterSpec 44 java/security/spec/MGF1ParameterSpec 50 java/security/spec/MGF1ParameterSpec 67 sun/security/rsa/MGF1 103 java/security/MessageDigest$Delegate$CloneableDelegate 109 java/security/MessageDigest$Delegate$CloneableDelegate 119 java/security/MessageDigest$Delegate$CloneableDelegate 125 java/security/MessageDigest$Delegate$CloneableDelegate methods 0
ciMethodData sun/security/rsa/RSAPSSSignature getKeyLengthInBits (Ljava/security/interfaces/RSAKey;)I 1 518 orig 80 0 0 0 0 0 0 0 0 0 0 0 0 0 0 0 0 0 0 0 0 0 0 0 0 0 0 0 0 0 0 0 0 0 0 0 0 0 0 0 0 0 0 0 0 0 0 0 0 0 0 0 0 0 0 0 0 0 0 0 0 0 0 0 0 0 0 0 0 0 0 0 0 0 0 0 0 0 0 0 0 data 25 0x10007 0x0 0x80 0x206 0x50005 0x0 0x16109448eb0 0x206 0x0 0x0 0xa0005 0x0 0x16109448b38 0x206 0x0 0x0 0x0 0x0 0x0 0x0 0x0 0x0 0x9 0x1 0x0 oops 2 6 sun/security/rsa/RSAPublicKeyImpl 12 java/math/BigInteger methods 0
ciMethodData sun/security/rsa/MGF1 <init> (Ljava/lang/String;)V 1 259 orig 80 0 0 0 0 0 0 0 0 0 0 0 0 0 0 0 0 0 0 0 0 0 0 0 0 0 0 0 0 0 0 0 0 0 0 0 0 0 0 0 0 0 0 0 0 0 0 0 0 0 0 0 0 0 0 0 0 0 0 0 0 0 0 0 0 0 0 0 0 0 0 0 0 0 0 0 0 0 0 0 0 data 14 0x10002 0x103 0x60002 0x103 0x0 0x0 0x0 0x0 0x0 0x0 0x9 0x2 0x6 0x0 oops 0 methods 0
compile sun/security/rsa/RSAPSSSignature decodeSignature ([B[B)Z -1 4 inline 63 0 -1 0 sun/security/rsa/RSAPSSSignature decodeSignature ([B[B)Z 1 7 0 java/security/spec/PSSParameterSpec getSaltLength ()I 1 16 0 sun/security/rsa/RSAPSSSignature getKeyLengthInBits (Ljava/security/interfaces/RSAKey;)I 1 124 0 java/security/spec/PSSParameterSpec getMGFParameters ()Ljava/security/spec/AlgorithmParameterSpec; 1 139 0 java/security/spec/MGF1ParameterSpec getDigestAlgorithm ()Ljava/lang/String; 1 170 0 sun/security/rsa/MGF1 <init> (Ljava/lang/String;)V 2 1 0 java/lang/Object <init> ()V 1 287 0 java/security/MessageDigest update ([B)V 2 5 0 java/security/MessageDigest$Delegate engineUpdate ([BII)V 3 7 0 sun/security/provider/DigestBase engineUpdate ([BII)V 4 12 0 jdk/internal/util/Preconditions checkFromIndexSize (IIILjava/util/function/BiFunction;)I 4 26 0 sun/security/provider/DigestBase engineReset ()V 5 11 0 sun/security/provider/SHA2 implReset ()V 6 1 0 sun/security/provider/SHA2 resetHashes ()V 6 16 0 java/util/Arrays fill ([II)V 5 29 0 java/util/Arrays fill ([BB)V 4 115 0 sun/security/provider/SHA2 implCompress ([BI)V 5 3 0 sun/security/provider/SHA2 implCompressCheck ([BI)V 6 1 0 java/util/Objects requireNonNull (Ljava/lang/Object;)Ljava/lang/Object; 6 13 0 jdk/internal/util/Preconditions checkFromIndexSize (IIILjava/util/function/BiFunction;)I 4 146 0 sun/security/provider/DigestBase implCompressMultiBlock ([BII)I 5 4 0 sun/security/provider/DigestBase implCompressMultiBlockCheck ([BII)V 6 6 0 java/util/Objects requireNonNull (Ljava/lang/Object;)Ljava/lang/Object; 5 11 0 sun/security/provider/DigestBase implCompressMultiBlock0 ([BII)I 1 300 0 java/security/MessageDigest update ([B)V 2 5 0 java/security/MessageDigest$Delegate engineUpdate ([BII)V 3 7 0 sun/security/provider/DigestBase engineUpdate ([BII)V 4 12 0 jdk/internal/util/Preconditions checkFromIndexSize (IIILjava/util/function/BiFunction;)I 4 26 0 sun/security/provider/DigestBase engineReset ()V 5 11 0 sun/security/provider/SHA2 implReset ()V 6 1 0 sun/security/provider/SHA2 resetHashes ()V 6 16 0 java/util/Arrays fill ([II)V 5 29 0 java/util/Arrays fill ([BB)V 4 115 0 sun/security/provider/SHA2 implCompress ([BI)V 5 3 0 sun/security/provider/SHA2 implCompressCheck ([BI)V 6 1 0 java/util/Objects requireNonNull (Ljava/lang/Object;)Ljava/lang/Object; 6 13 0 jdk/internal/util/Preconditions checkFromIndexSize (IIILjava/util/function/BiFunction;)I 4 146 0 sun/security/provider/DigestBase implCompressMultiBlock ([BII)I 5 4 0 sun/security/provider/DigestBase implCompressMultiBlockCheck ([BII)V 6 6 0 java/util/Objects requireNonNull (Ljava/lang/Object;)Ljava/lang/Object; 5 11 0 sun/security/provider/DigestBase implCompressMultiBlock0 ([BII)I 1 323 0 java/security/MessageDigest update ([BII)V 2 36 0 java/security/MessageDigest$Delegate engineUpdate ([BII)V 3 7 0 sun/security/provider/DigestBase engineUpdate ([BII)V 4 12 0 jdk/internal/util/Preconditions checkFromIndexSize (IIILjava/util/function/BiFunction;)I 4 26 0 sun/security/provider/DigestBase engineReset ()V 5 11 0 sun/security/provider/SHA2 implReset ()V 6 1 0 sun/security/provider/SHA2 resetHashes ()V 6 16 0 java/util/Arrays fill ([II)V 5 29 0 java/util/Arrays fill ([BB)V 4 115 0 sun/security/provider/SHA2 implCompress ([BI)V 5 3 0 sun/security/provider/SHA2 implCompressCheck ([BI)V 6 1 0 java/util/Objects requireNonNull (Ljava/lang/Object;)Ljava/lang/Object; 6 13 0 jdk/internal/util/Preconditions checkFromIndexSize (IIILjava/util/function/BiFunction;)I 4 146 0 sun/security/provider/DigestBase implCompressMultiBlock ([BII)I 5 4 0 sun/security/provider/DigestBase implCompressMultiBlockCheck ([BII)V 6 6 0 java/util/Objects requireNonNull (Ljava/lang/Object;)Ljava/lang/Object; 5 11 0 sun/security/provider/DigestBase implCompressMultiBlock0 ([BII)I 1 330 0 java/security/MessageDigest digest ()[B 2 1 0 java/security/MessageDigest$Delegate engineDigest ()[B 3 4 0 sun/security/provider/DigestBase engineDigest ()[B 1 353 0 java/util/Arrays copyOfRange ([BII)[B 1 362 0 java/security/MessageDigest isEqual ([B[B)Z
